-- MySQL dump 10.13  Distrib 5.5.47, for debian-linux-gnu (x86_64)
--
-- Host: localhost    Database: forge
-- ------------------------------------------------------
-- Server version	5.5.46-0ubuntu0.14.04.2

/*!40101 SET @OLD_CHARACTER_SET_CLIENT=@@CHARACTER_SET_CLIENT */;
/*!40101 SET @OLD_CHARACTER_SET_RESULTS=@@CHARACTER_SET_RESULTS */;
/*!40101 SET @OLD_COLLATION_CONNECTION=@@COLLATION_CONNECTION */;
/*!40101 SET NAMES utf8 */;
/*!40103 SET @OLD_TIME_ZONE=@@TIME_ZONE */;
/*!40103 SET TIME_ZONE='+00:00' */;
/*!40014 SET @OLD_UNIQUE_CHECKS=@@UNIQUE_CHECKS, UNIQUE_CHECKS=0 */;
/*!40014 SET @OLD_FOREIGN_KEY_CHECKS=@@FOREIGN_KEY_CHECKS, FOREIGN_KEY_CHECKS=0 */;
/*!40101 SET @OLD_SQL_MODE=@@SQL_MODE, SQL_MODE='NO_AUTO_VALUE_ON_ZERO' */;
/*!40111 SET @OLD_SQL_NOTES=@@SQL_NOTES, SQL_NOTES=0 */;

--
-- Table structure for table `blog_categories`
--

DROP TABLE IF EXISTS `blog_categories`;
/*!40101 SET @saved_cs_client     = @@character_set_client */;
/*!40101 SET character_set_client = utf8 */;
CREATE TABLE `blog_categories` (
  `id` int(10) unsigned NOT NULL AUTO_INCREMENT,
  `name` varchar(255) COLLATE utf8_unicode_ci NOT NULL,
  `description` varchar(255) COLLATE utf8_unicode_ci NOT NULL,
  `created_at` timestamp NOT NULL DEFAULT '0000-00-00 00:00:00',
  `updated_at` timestamp NOT NULL DEFAULT '0000-00-00 00:00:00',
  PRIMARY KEY (`id`)
) ENGINE=InnoDB DEFAULT CHARSET=utf8 COLLATE=utf8_unicode_ci;
/*!40101 SET character_set_client = @saved_cs_client */;

--
-- Dumping data for table `blog_categories`
--

LOCK TABLES `blog_categories` WRITE;
/*!40000 ALTER TABLE `blog_categories` DISABLE KEYS */;
/*!40000 ALTER TABLE `blog_categories` ENABLE KEYS */;
UNLOCK TABLES;

--
-- Table structure for table `categories`
--

DROP TABLE IF EXISTS `categories`;
/*!40101 SET @saved_cs_client     = @@character_set_client */;
/*!40101 SET character_set_client = utf8 */;
CREATE TABLE `categories` (
  `id` int(10) unsigned NOT NULL AUTO_INCREMENT,
  `name` varchar(255) COLLATE utf8_unicode_ci NOT NULL,
  `created_at` timestamp NOT NULL DEFAULT '0000-00-00 00:00:00',
  `updated_at` timestamp NOT NULL DEFAULT '0000-00-00 00:00:00',
  `deleted_at` timestamp NULL DEFAULT NULL,
  PRIMARY KEY (`id`)
) ENGINE=InnoDB AUTO_INCREMENT=28 DEFAULT CHARSET=utf8 COLLATE=utf8_unicode_ci;
/*!40101 SET character_set_client = @saved_cs_client */;

--
-- Dumping data for table `categories`
--

LOCK TABLES `categories` WRITE;
/*!40000 ALTER TABLE `categories` DISABLE KEYS */;
INSERT INTO `categories` VALUES (1,'Accountancy, Banking and Finance','2015-12-09 00:46:52','2015-12-09 00:46:52',NULL),(2,'Architecture and Construction','2015-12-09 00:46:52','2015-12-09 00:46:52',NULL),(3,'Arts and Culture','2015-12-09 00:46:52','2015-12-09 00:46:52',NULL),(4,'Business, Consulting and Management','2015-12-09 00:46:52','2015-12-09 00:46:52',NULL),(5,'Design','2015-12-09 00:46:52','2015-12-09 00:46:52',NULL),(6,'Energy and Utilities','2015-12-09 00:46:52','2015-12-09 00:46:52',NULL),(7,'Engineering and Technology','2015-12-09 00:46:52','2015-12-09 00:46:52',NULL),(8,'Environment and Agriculture','2015-12-09 00:46:52','2015-12-09 00:46:52',NULL),(9,'Healthcare and Social','2015-12-09 00:46:52','2015-12-09 00:46:52',NULL),(10,'Hospitality and Tourism','2015-12-09 00:46:52','2015-12-09 00:46:52',NULL),(11,'Information Technology','2015-12-09 00:46:52','2015-12-09 00:46:52',NULL),(12,'Insurance and Pensions','2015-12-09 00:46:52','2015-12-09 00:46:52',NULL),(13,'Journalism and Media','2015-12-09 00:46:52','2015-12-09 00:46:52',NULL),(14,'Legal','2015-12-09 00:46:52','2015-12-09 00:46:52',NULL),(15,'Marketing, Advertising and PR','2015-12-09 00:46:52','2015-12-09 00:46:52',NULL),(16,'Office','2015-12-09 00:46:52','2015-12-09 00:46:52',NULL),(17,'Recruitment and HR','2015-12-09 00:46:52','2015-12-09 00:46:52',NULL),(18,'Retail','2015-12-09 00:46:52','2015-12-09 00:46:52',NULL),(19,'Sales','2015-12-09 00:46:52','2015-12-09 00:46:52',NULL),(20,'Science','2015-12-09 00:46:52','2015-12-09 00:46:52',NULL),(21,'Security','2015-12-09 00:46:52','2015-12-09 00:46:52',NULL),(22,'Teaching and Education','2015-12-09 00:46:52','2015-12-09 00:46:52',NULL),(23,'Transportation and Logistics','2015-12-09 00:46:52','2015-12-09 00:46:52',NULL),(24,'Trades and Labour','2015-12-09 00:46:52','2015-12-09 00:46:52',NULL),(25,'Organization','2015-12-09 00:46:52','2015-12-09 00:46:52',NULL),(26,'Distribution','2015-12-09 00:46:52','2015-12-09 00:46:52',NULL),(27,'Manufacturing','2015-12-09 00:46:52','2015-12-09 00:46:52',NULL);
/*!40000 ALTER TABLE `categories` ENABLE KEYS */;
UNLOCK TABLES;

--
-- Table structure for table `categoryables`
--

DROP TABLE IF EXISTS `categoryables`;
/*!40101 SET @saved_cs_client     = @@character_set_client */;
/*!40101 SET character_set_client = utf8 */;
CREATE TABLE `categoryables` (
  `id` int(10) unsigned NOT NULL AUTO_INCREMENT,
  `sub_category_id` int(10) unsigned NOT NULL,
  `categoryable_id` int(10) unsigned NOT NULL,
  `categoryable_type` varchar(255) COLLATE utf8_unicode_ci NOT NULL,
  PRIMARY KEY (`id`),
  KEY `categoryables_categoryable_id_categoryable_type_index` (`categoryable_id`,`categoryable_type`),
  KEY `categoryables_sub_category_id_index` (`sub_category_id`),
  CONSTRAINT `categoryables_sub_category_id_foreign` FOREIGN KEY (`sub_category_id`) REFERENCES `sub_categories` (`id`)
) ENGINE=InnoDB AUTO_INCREMENT=154 DEFAULT CHARSET=utf8 COLLATE=utf8_unicode_ci;
/*!40101 SET character_set_client = @saved_cs_client */;

--
-- Dumping data for table `categoryables`
--

LOCK TABLES `categoryables` WRITE;
/*!40000 ALTER TABLE `categoryables` DISABLE KEYS */;
INSERT INTO `categoryables` VALUES (1,136,213,'App\\User'),(2,138,213,'App\\User'),(3,139,213,'App\\User'),(7,11,4,'App\\User'),(8,60,7,'App\\User'),(9,162,11,'App\\User'),(10,90,15,'App\\User'),(11,65,16,'App\\User'),(12,131,17,'App\\User'),(13,150,18,'App\\User'),(14,157,24,'App\\User'),(15,29,26,'App\\User'),(16,100,27,'App\\User'),(17,28,28,'App\\User'),(18,9,3,'App\\User'),(19,172,21,'App\\User'),(20,124,23,'App\\User'),(21,57,29,'App\\User'),(22,29,30,'App\\User'),(23,81,35,'App\\User'),(24,124,36,'App\\User'),(25,57,37,'App\\User'),(26,103,215,'App\\User'),(27,110,215,'App\\User'),(28,111,215,'App\\User'),(29,113,215,'App\\User'),(30,116,215,'App\\User'),(31,103,217,'App\\User'),(32,106,217,'App\\User'),(33,107,217,'App\\User'),(34,10,6,'App\\User'),(35,167,38,'App\\User'),(36,29,39,'App\\User'),(37,110,40,'App\\User'),(38,100,43,'App\\User'),(39,25,45,'App\\User'),(40,28,49,'App\\User'),(41,137,55,'App\\User'),(42,131,219,'App\\User'),(43,25,58,'App\\User'),(44,61,63,'App\\User'),(45,137,70,'App\\User'),(46,136,73,'App\\User'),(47,140,75,'App\\User'),(48,71,79,'App\\User'),(49,137,82,'App\\User'),(50,46,83,'App\\User'),(51,37,84,'App\\User'),(52,102,85,'App\\User'),(53,29,87,'App\\User'),(54,14,89,'App\\User'),(55,107,90,'App\\User'),(56,164,91,'App\\User'),(57,23,92,'App\\User'),(58,171,93,'App\\User'),(59,91,94,'App\\User'),(60,11,95,'App\\User'),(61,86,96,'App\\User'),(62,23,97,'App\\User'),(63,146,98,'App\\User'),(64,11,101,'App\\User'),(65,172,102,'App\\User'),(66,58,103,'App\\User'),(67,182,104,'App\\User'),(68,185,105,'App\\User'),(69,10,106,'App\\User'),(70,137,109,'App\\User'),(71,58,110,'App\\User'),(72,85,111,'App\\User'),(73,85,113,'App\\User'),(74,90,115,'App\\User'),(75,111,117,'App\\User'),(76,93,118,'App\\User'),(77,182,119,'App\\User'),(78,182,120,'App\\User'),(79,185,122,'App\\User'),(80,183,123,'App\\User'),(81,182,124,'App\\User'),(82,25,127,'App\\User'),(83,10,129,'App\\User'),(84,10,130,'App\\User'),(85,11,132,'App\\User'),(86,137,133,'App\\User'),(87,10,134,'App\\User'),(88,167,135,'App\\User'),(89,10,136,'App\\User'),(90,11,137,'App\\User'),(91,91,139,'App\\User'),(92,91,140,'App\\User'),(93,168,141,'App\\User'),(94,91,142,'App\\User'),(95,186,144,'App\\User'),(96,107,146,'App\\User'),(97,11,147,'App\\User'),(98,186,150,'App\\User'),(99,67,151,'App\\User'),(100,85,153,'App\\User'),(101,144,155,'App\\User'),(102,144,156,'App\\User'),(103,85,157,'App\\User'),(104,144,158,'App\\User'),(105,85,159,'App\\User'),(106,144,160,'App\\User'),(107,144,161,'App\\User'),(108,85,162,'App\\User'),(109,85,163,'App\\User'),(110,85,165,'App\\User'),(111,138,167,'App\\User'),(112,29,170,'App\\User'),(113,37,176,'App\\User'),(114,37,177,'App\\User'),(115,109,220,'App\\User'),(116,114,220,'App\\User'),(117,116,220,'App\\User'),(118,117,220,'App\\User'),(119,6,180,'App\\User'),(120,23,182,'App\\User'),(121,166,184,'App\\User'),(122,137,187,'App\\User'),(123,99,189,'App\\User'),(124,60,191,'App\\User'),(125,63,193,'App\\User'),(126,71,195,'App\\User'),(127,25,202,'App\\User'),(128,65,206,'App\\User'),(129,116,208,'App\\User'),(130,9,221,'App\\User'),(131,10,221,'App\\User'),(132,14,221,'App\\User'),(133,63,222,'App\\User'),(134,157,223,'App\\User'),(135,158,223,'App\\User'),(136,140,224,'App\\User'),(137,10,225,'App\\User'),(138,17,225,'App\\User'),(141,107,229,'App\\User'),(142,116,229,'App\\User'),(143,117,229,'App\\User'),(144,107,230,'App\\User'),(145,116,230,'App\\User'),(146,117,230,'App\\User'),(147,10,232,'App\\User'),(148,11,232,'App\\User'),(149,14,232,'App\\User'),(150,161,231,'App\\User'),(151,147,255,'App\\User'),(152,116,2,'App\\User'),(153,117,2,'App\\User');
/*!40000 ALTER TABLE `categoryables` ENABLE KEYS */;
UNLOCK TABLES;

--
-- Table structure for table `companies`
--

DROP TABLE IF EXISTS `companies`;
/*!40101 SET @saved_cs_client     = @@character_set_client */;
/*!40101 SET character_set_client = utf8 */;
CREATE TABLE `companies` (
  `id` int(10) unsigned NOT NULL AUTO_INCREMENT,
  `name` varchar(255) COLLATE utf8_unicode_ci NOT NULL,
  `title` varchar(255) COLLATE utf8_unicode_ci NOT NULL,
  `description` text COLLATE utf8_unicode_ci NOT NULL,
  `website` varchar(255) COLLATE utf8_unicode_ci NOT NULL,
  `number_of_employees` varchar(255) COLLATE utf8_unicode_ci NOT NULL,
  `created_at` timestamp NOT NULL DEFAULT '0000-00-00 00:00:00',
  `updated_at` timestamp NOT NULL DEFAULT '0000-00-00 00:00:00',
  `deleted_at` timestamp NULL DEFAULT NULL,
  PRIMARY KEY (`id`)
) ENGINE=InnoDB AUTO_INCREMENT=15 DEFAULT CHARSET=utf8 COLLATE=utf8_unicode_ci;
/*!40101 SET character_set_client = @saved_cs_client */;

--
-- Dumping data for table `companies`
--

LOCK TABLES `companies` WRITE;
/*!40000 ALTER TABLE `companies` DISABLE KEYS */;
INSERT INTO `companies` VALUES (1,'CVideon','Professional video-platform','Cvideon is an online platform that offers job seekers and business professionals the possibility to create a personal profile and upload their video-CV, in order to stand out and attract the attention of the companies. At the same time, this platform collects all video based material from companies on one platform. Job seekers and potential customers can then easily find companies of their interest and quickly browse through their presentation and informational videos. \r\n \r\nJob seeking and networking has never been more interactive and personal, and through videos both users and companies will communicate more information in less time. Join now and start presenting yourself.','www.cvideon.com','1-10','2015-12-09 00:47:24','2015-12-09 00:47:24',NULL),(2,'Test','engineering','My goal','www.test.com','1-10','2015-09-01 10:13:27','2015-12-09 00:47:24',NULL),(3,'SE Energi & Klima A/S','Consulting Engineers','SE arbejder for at finde de stÃ¸rste energibesparelser i din virksomhed igennem innovativ energioptimering og rÃ¥dgivning.\r\n\r\nVed at se helheden i din virksomhed, sparer vi ofte bÃ¥de ressourcer og dyre investeringer, og derved er vores service en investering der betaler sig og som kan ses pÃ¥ bundlinjen.','www.sebigblue.dk','11-50','2015-11-09 09:32:21','2015-12-09 00:47:24',NULL),(4,'Aalborg CSP A/S','Consulting Engineers','Aalborg CSP is leading developer and supplier of innovative renewable technologies with the definite purpose to change the way we produce energy today. \r\n\r\nRelying on extensive experience from some of the most efficient concentrated solar power (CSP) projects around the world, we design and deliver green technologies and integrated energy systems to lower cost of energy for industries and power plants worldwide.','www.aalborgcsp.com/','11-50','2015-11-09 09:54:14','2015-12-09 00:47:24',NULL),(5,'Gaihede A/S','Consulting Engineers','ORDENTLIG RÃ…DGIVNING UDEN OVERRASKELSER\r\n\r\nGaihede rÃ¥dgivende ingeniÃ¸rer og arkitekter tilbyder byggerÃ¥dgivning, renovering og vedligehold.','http://www.gaihede.dk/','11-50','2015-11-09 10:13:43','2015-12-09 00:47:24',NULL),(6,'OBH RÃ¥dg. IngeniÃ¸rer A/S','Consulting Engineers','OBH-Gruppen A/S rÃ¥dgivende ingeniÃ¸rer leverer en bred vifte af ingeniÃ¸rydelser og service til private, boligorganisationer, forsikringsselskaber, kommuner og regioner, erhverv og industri om arbejdsmiljÃ¸, byggeri, energi, huseftersyn og indeklima.\r\n\r\nBredden af fagkompetencer og specialer, som de 200 OBH-medarbejdere spÃ¦nder over, gÃ¸r os til en attraktiv samarbejdspartner og leverandÃ¸r af ingeniÃ¸rrÃ¥dgivning.','http://www.obh-gruppen.dk/da/','51-200','2015-11-09 10:36:52','2015-12-09 00:47:24',NULL),(7,'DBI','Research and Technology','DBI â€“ et videncenter for brand og sikring\r\n\r\nDBI er Danmarks videncenter for brand og sikring. Vi opbygger vores viden gennem mÃ¥lrettede forsknings- og udviklingsaktiviteter og gennem de opgaver, vi lÃ¸ser for virksomheder, institutioner og myndigheder.\r\n\r\nGennem vores internationale netvÃ¦rk indhenter og bearbejder vi systematisk den nyeste viden fra hele verden pÃ¥ de brand og sikringstekniske omrÃ¥der. Desuden deltager vi i dansk og internationalt norm- og standardiseringsarbejde inden for vores kerneomrÃ¥der.\r\n\r\nPÃ¥ det grundlag har DBI opbygget et program af vÃ¦rdiskabende serviceydelser, som har til formÃ¥l at hjÃ¦lpe vores kunder med at opnÃ¥ et sikkerhedsniveau, som bÃ¥de opfylder egne behov og myndighedernes krav.','www.dbi-net.dk','51-200','2015-11-10 08:14:16','2015-12-09 00:47:24',NULL),(8,'Snowminds ApS','Winter Sports Platform','We give ski enthusiasts the opportunity to pursue the dream as a ski or snowboard instructor in Austria, Africa, Canada and Japan. Everything we do is based on our mission; providing our instructors with security, spirit of community and life-long experiences.','blivskiinstruktor.dk','1-10','2015-11-09 17:12:47','2015-12-09 00:47:24',NULL),(9,'Inter Gruppen Ikast A/S','Udvikling og totalentreprise','Inter Gruppen Totalentreprise A/S er siden opstart blevet en betydelig partner inden for byggebranchen i Danmark. Inter Gruppen Totalentreprise A/S projekterer og bygger forskelligartede byggeprojekter i hele Danmark, hvorfor ingen opgave er for stor eller lille. ','www.inter-gruppen.dk','11-50','2015-11-12 14:23:48','2015-12-09 00:47:24',NULL),(10,'ANAN','','ANAN is helping architects, engineers and private people to build their energy optimized home of the future. By assessing architectural form, functional needs, and your budget, ANAN can help you with sustainable solutions that will benefit both the environment and your wallet. \n\nWe can assist you with the following:\n\n- Energy frame calculation\n- Energy frame optimization\n- Daylight design \n- Electrical lighting design and optimization\n\nContact us now at info@anan.dk','www.anan.dk','1-10','2015-12-21 12:16:46','2016-01-14 12:33:17',NULL),(11,'Infonordic','','Infonordic is a consulting company located in Spain with offices in Malaga (Costa del Sol) and Alicante.\nWe perform tasks within interview, booking of appointments, sales and analysis.\nInfonordic employs Danish, Norwegian and Swedish speaking employees (most Danish).','www.infonordic.com','11-50','2015-12-30 07:57:44','2015-12-30 08:03:44',NULL),(12,'Runway','','','','','2015-12-30 08:14:35','2015-12-30 08:14:35',NULL),(13,'Ace Solutions','','Ace Solutions is a full-service digital company providing  research and analysis, design and development services for small and medium-sized business and companies in need of straightening and creating their online image.','acesolutions.co','1-10','2016-01-10 12:07:24','2016-01-11 13:46:07',NULL),(14,'Pharmanovia A/S','','','','','2016-02-04 08:44:44','2016-02-04 08:44:44',NULL);
/*!40000 ALTER TABLE `companies` ENABLE KEYS */;
UNLOCK TABLES;

--
-- Table structure for table `company_users`
--

DROP TABLE IF EXISTS `company_users`;
/*!40101 SET @saved_cs_client     = @@character_set_client */;
/*!40101 SET character_set_client = utf8 */;
CREATE TABLE `company_users` (
  `id` int(10) unsigned NOT NULL AUTO_INCREMENT,
  `company_id` int(10) unsigned NOT NULL,
  `is_active` tinyint(1) NOT NULL,
  `is_admin` tinyint(1) NOT NULL,
  `remember_token` varchar(100) COLLATE utf8_unicode_ci DEFAULT NULL,
  `created_at` timestamp NOT NULL DEFAULT '0000-00-00 00:00:00',
  `updated_at` timestamp NOT NULL DEFAULT '0000-00-00 00:00:00',
  PRIMARY KEY (`id`),
  KEY `company_users_company_id_index` (`company_id`),
  CONSTRAINT `company_users_company_id_foreign` FOREIGN KEY (`company_id`) REFERENCES `companies` (`id`) ON DELETE CASCADE
) ENGINE=InnoDB AUTO_INCREMENT=13 DEFAULT CHARSET=utf8 COLLATE=utf8_unicode_ci;
/*!40101 SET character_set_client = @saved_cs_client */;

--
-- Dumping data for table `company_users`
--

LOCK TABLES `company_users` WRITE;
/*!40000 ALTER TABLE `company_users` DISABLE KEYS */;
INSERT INTO `company_users` VALUES (1,1,1,1,NULL,'2015-12-09 00:47:24','2015-12-09 00:47:24'),(2,3,1,1,NULL,'2015-12-09 00:47:24','2015-12-09 00:47:24'),(3,1,0,0,NULL,'2015-12-09 16:47:12','2015-12-09 16:47:12'),(4,10,0,0,NULL,'2015-12-21 12:16:46','2015-12-21 12:16:46'),(5,11,0,0,NULL,'2015-12-30 07:57:44','2015-12-30 07:57:44'),(6,12,0,0,NULL,'2015-12-30 08:14:35','2015-12-30 08:14:35'),(7,13,0,0,NULL,'2016-01-10 12:07:24','2016-01-10 12:07:24'),(8,13,0,0,NULL,'2016-01-10 17:06:21','2016-01-10 17:06:21'),(9,13,0,0,NULL,'2016-01-11 13:45:39','2016-01-11 13:45:39'),(10,10,0,0,NULL,'2016-01-14 09:48:18','2016-01-14 09:48:18'),(11,14,0,0,NULL,'2016-02-04 08:44:44','2016-02-04 08:44:44'),(12,1,0,0,NULL,'2016-02-11 13:46:14','2016-02-11 13:46:14');
/*!40000 ALTER TABLE `company_users` ENABLE KEYS */;
UNLOCK TABLES;

--
-- Table structure for table `countries`
--

DROP TABLE IF EXISTS `countries`;
/*!40101 SET @saved_cs_client     = @@character_set_client */;
/*!40101 SET character_set_client = utf8 */;
CREATE TABLE `countries` (
  `id` int(10) unsigned NOT NULL AUTO_INCREMENT,
  `name` varchar(255) COLLATE utf8_unicode_ci NOT NULL,
  `created_at` timestamp NOT NULL DEFAULT '0000-00-00 00:00:00',
  `updated_at` timestamp NOT NULL DEFAULT '0000-00-00 00:00:00',
  `deleted_at` timestamp NULL DEFAULT NULL,
  PRIMARY KEY (`id`)
) ENGINE=InnoDB AUTO_INCREMENT=248 DEFAULT CHARSET=utf8 COLLATE=utf8_unicode_ci;
/*!40101 SET character_set_client = @saved_cs_client */;

--
-- Dumping data for table `countries`
--

LOCK TABLES `countries` WRITE;
/*!40000 ALTER TABLE `countries` DISABLE KEYS */;
INSERT INTO `countries` VALUES (1,'Afghanistan','2015-12-09 00:46:50','2015-12-09 00:46:50',NULL),(2,'Åland Islands','2015-12-09 00:46:50','2015-12-09 00:46:50',NULL),(3,'Albania','2015-12-09 00:46:50','2015-12-09 00:46:50',NULL),(4,'Algeria','2015-12-09 00:46:50','2015-12-09 00:46:50',NULL),(5,'American Samoa','2015-12-09 00:46:50','2015-12-09 00:46:50',NULL),(6,'Andorra','2015-12-09 00:46:50','2015-12-09 00:46:50',NULL),(7,'Angola','2015-12-09 00:46:50','2015-12-09 00:46:50',NULL),(8,'Anguilla','2015-12-09 00:46:50','2015-12-09 00:46:50',NULL),(9,'Antigua and Barbuda','2015-12-09 00:46:50','2015-12-09 00:46:50',NULL),(10,'Argentina','2015-12-09 00:46:50','2015-12-09 00:46:50',NULL),(11,'Armenia','2015-12-09 00:46:50','2015-12-09 00:46:50',NULL),(12,'Aruba','2015-12-09 00:46:50','2015-12-09 00:46:50',NULL),(13,'Australia','2015-12-09 00:46:50','2015-12-09 00:46:50',NULL),(14,'Austria','2015-12-09 00:46:50','2015-12-09 00:46:50',NULL),(15,'Azerbaijan','2015-12-09 00:46:50','2015-12-09 00:46:50',NULL),(16,'The Bahamas','2015-12-09 00:46:50','2015-12-09 00:46:50',NULL),(17,'Bahrain','2015-12-09 00:46:50','2015-12-09 00:46:50',NULL),(18,'Bangladesh','2015-12-09 00:46:50','2015-12-09 00:46:50',NULL),(19,'Barbados','2015-12-09 00:46:50','2015-12-09 00:46:50',NULL),(20,'Belarus','2015-12-09 00:46:50','2015-12-09 00:46:50',NULL),(21,'Belgium','2015-12-09 00:46:50','2015-12-09 00:46:50',NULL),(22,'Belize','2015-12-09 00:46:50','2015-12-09 00:46:50',NULL),(23,'Benin','2015-12-09 00:46:50','2015-12-09 00:46:50',NULL),(24,'Bermuda','2015-12-09 00:46:50','2015-12-09 00:46:50',NULL),(25,'Bhutan','2015-12-09 00:46:50','2015-12-09 00:46:50',NULL),(26,'Bolivia','2015-12-09 00:46:50','2015-12-09 00:46:50',NULL),(27,'Bonaire','2015-12-09 00:46:50','2015-12-09 00:46:50',NULL),(28,'Bosnia and Herzegovina','2015-12-09 00:46:50','2015-12-09 00:46:50',NULL),(29,'Botswana','2015-12-09 00:46:50','2015-12-09 00:46:50',NULL),(30,'Bouvet Island','2015-12-09 00:46:50','2015-12-09 00:46:50',NULL),(31,'Brazil','2015-12-09 00:46:50','2015-12-09 00:46:50',NULL),(32,'British Indian Ocean Territory','2015-12-09 00:46:50','2015-12-09 00:46:50',NULL),(33,'United States Minor Outlying Islands','2015-12-09 00:46:50','2015-12-09 00:46:50',NULL),(34,'British Virgin Islands','2015-12-09 00:46:50','2015-12-09 00:46:50',NULL),(35,'Brunei','2015-12-09 00:46:50','2015-12-09 00:46:50',NULL),(36,'Bulgaria','2015-12-09 00:46:50','2015-12-09 00:46:50',NULL),(37,'Burkina Faso','2015-12-09 00:46:50','2015-12-09 00:46:50',NULL),(38,'Burundi','2015-12-09 00:46:50','2015-12-09 00:46:50',NULL),(39,'Cambodia','2015-12-09 00:46:50','2015-12-09 00:46:50',NULL),(40,'Cameroon','2015-12-09 00:46:50','2015-12-09 00:46:50',NULL),(41,'Canada','2015-12-09 00:46:50','2015-12-09 00:46:50',NULL),(42,'Cape Verde','2015-12-09 00:46:50','2015-12-09 00:46:50',NULL),(43,'Cayman Islands','2015-12-09 00:46:50','2015-12-09 00:46:50',NULL),(44,'Central African Republic','2015-12-09 00:46:50','2015-12-09 00:46:50',NULL),(45,'Chad','2015-12-09 00:46:50','2015-12-09 00:46:50',NULL),(46,'Chile','2015-12-09 00:46:50','2015-12-09 00:46:50',NULL),(47,'China','2015-12-09 00:46:50','2015-12-09 00:46:50',NULL),(48,'Christmas Island','2015-12-09 00:46:50','2015-12-09 00:46:50',NULL),(49,'Cocos (Keeling) Islands','2015-12-09 00:46:50','2015-12-09 00:46:50',NULL),(50,'Colombia','2015-12-09 00:46:50','2015-12-09 00:46:50',NULL),(51,'Comoros','2015-12-09 00:46:50','2015-12-09 00:46:50',NULL),(52,'Republic of the Congo','2015-12-09 00:46:50','2015-12-09 00:46:50',NULL),(53,'Democratic Republic of the Congo','2015-12-09 00:46:50','2015-12-09 00:46:50',NULL),(54,'Cook Islands','2015-12-09 00:46:50','2015-12-09 00:46:50',NULL),(55,'Costa Rica','2015-12-09 00:46:50','2015-12-09 00:46:50',NULL),(56,'Croatia','2015-12-09 00:46:50','2015-12-09 00:46:50',NULL),(57,'Cuba','2015-12-09 00:46:50','2015-12-09 00:46:50',NULL),(58,'Curaçao','2015-12-09 00:46:50','2015-12-09 00:46:50',NULL),(59,'Cyprus','2015-12-09 00:46:50','2015-12-09 00:46:50',NULL),(60,'Czech Republic','2015-12-09 00:46:50','2015-12-09 00:46:50',NULL),(61,'Denmark','2015-12-09 00:46:50','2015-12-09 00:46:50',NULL),(62,'Djibouti','2015-12-09 00:46:50','2015-12-09 00:46:50',NULL),(63,'Dominica','2015-12-09 00:46:50','2015-12-09 00:46:50',NULL),(64,'Dominican Republic','2015-12-09 00:46:50','2015-12-09 00:46:50',NULL),(65,'Ecuador','2015-12-09 00:46:50','2015-12-09 00:46:50',NULL),(66,'Egypt','2015-12-09 00:46:50','2015-12-09 00:46:50',NULL),(67,'El Salvador','2015-12-09 00:46:50','2015-12-09 00:46:50',NULL),(68,'Equatorial Guinea','2015-12-09 00:46:50','2015-12-09 00:46:50',NULL),(69,'Eritrea','2015-12-09 00:46:50','2015-12-09 00:46:50',NULL),(70,'Estonia','2015-12-09 00:46:50','2015-12-09 00:46:50',NULL),(71,'Ethiopia','2015-12-09 00:46:50','2015-12-09 00:46:50',NULL),(72,'Falkland Islands','2015-12-09 00:46:50','2015-12-09 00:46:50',NULL),(73,'Faroe Islands','2015-12-09 00:46:50','2015-12-09 00:46:50',NULL),(74,'Fiji','2015-12-09 00:46:50','2015-12-09 00:46:50',NULL),(75,'Finland','2015-12-09 00:46:50','2015-12-09 00:46:50',NULL),(76,'France','2015-12-09 00:46:50','2015-12-09 00:46:50',NULL),(77,'French Guiana','2015-12-09 00:46:50','2015-12-09 00:46:50',NULL),(78,'French Polynesia','2015-12-09 00:46:50','2015-12-09 00:46:50',NULL),(79,'French Southern and Antarctic Lands','2015-12-09 00:46:50','2015-12-09 00:46:50',NULL),(80,'Gabon','2015-12-09 00:46:50','2015-12-09 00:46:50',NULL),(81,'The Gambia','2015-12-09 00:46:50','2015-12-09 00:46:50',NULL),(82,'Georgia','2015-12-09 00:46:50','2015-12-09 00:46:50',NULL),(83,'Germany','2015-12-09 00:46:50','2015-12-09 00:46:50',NULL),(84,'Ghana','2015-12-09 00:46:50','2015-12-09 00:46:50',NULL),(85,'Gibraltar','2015-12-09 00:46:50','2015-12-09 00:46:50',NULL),(86,'Greece','2015-12-09 00:46:50','2015-12-09 00:46:50',NULL),(87,'Greenland','2015-12-09 00:46:50','2015-12-09 00:46:50',NULL),(88,'Grenada','2015-12-09 00:46:50','2015-12-09 00:46:50',NULL),(89,'Guadeloupe','2015-12-09 00:46:51','2015-12-09 00:46:51',NULL),(90,'Guam','2015-12-09 00:46:51','2015-12-09 00:46:51',NULL),(91,'Guatemala','2015-12-09 00:46:51','2015-12-09 00:46:51',NULL),(92,'Guernsey','2015-12-09 00:46:51','2015-12-09 00:46:51',NULL),(93,'Guinea','2015-12-09 00:46:51','2015-12-09 00:46:51',NULL),(94,'Guinea-Bissau','2015-12-09 00:46:51','2015-12-09 00:46:51',NULL),(95,'Guyana','2015-12-09 00:46:51','2015-12-09 00:46:51',NULL),(96,'Haiti','2015-12-09 00:46:51','2015-12-09 00:46:51',NULL),(97,'Heard Island and McDonald Islands','2015-12-09 00:46:51','2015-12-09 00:46:51',NULL),(98,'Honduras','2015-12-09 00:46:51','2015-12-09 00:46:51',NULL),(99,'Hong Kong','2015-12-09 00:46:51','2015-12-09 00:46:51',NULL),(100,'Hungary','2015-12-09 00:46:51','2015-12-09 00:46:51',NULL),(101,'Iceland','2015-12-09 00:46:51','2015-12-09 00:46:51',NULL),(102,'India','2015-12-09 00:46:51','2015-12-09 00:46:51',NULL),(103,'Indonesia','2015-12-09 00:46:51','2015-12-09 00:46:51',NULL),(104,'Ivory Coast','2015-12-09 00:46:51','2015-12-09 00:46:51',NULL),(105,'Iran','2015-12-09 00:46:51','2015-12-09 00:46:51',NULL),(106,'Iraq','2015-12-09 00:46:51','2015-12-09 00:46:51',NULL),(107,'Republic of Ireland','2015-12-09 00:46:51','2015-12-09 00:46:51',NULL),(108,'Isle of Man','2015-12-09 00:46:51','2015-12-09 00:46:51',NULL),(109,'Israel','2015-12-09 00:46:51','2015-12-09 00:46:51',NULL),(110,'Italy','2015-12-09 00:46:51','2015-12-09 00:46:51',NULL),(111,'Jamaica','2015-12-09 00:46:51','2015-12-09 00:46:51',NULL),(112,'Japan','2015-12-09 00:46:51','2015-12-09 00:46:51',NULL),(113,'Jersey','2015-12-09 00:46:51','2015-12-09 00:46:51',NULL),(114,'Jordan','2015-12-09 00:46:51','2015-12-09 00:46:51',NULL),(115,'Kazakhstan','2015-12-09 00:46:51','2015-12-09 00:46:51',NULL),(116,'Kenya','2015-12-09 00:46:51','2015-12-09 00:46:51',NULL),(117,'Kiribati','2015-12-09 00:46:51','2015-12-09 00:46:51',NULL),(118,'Kuwait','2015-12-09 00:46:51','2015-12-09 00:46:51',NULL),(119,'Kyrgyzstan','2015-12-09 00:46:51','2015-12-09 00:46:51',NULL),(120,'Laos','2015-12-09 00:46:51','2015-12-09 00:46:51',NULL),(121,'Latvia','2015-12-09 00:46:51','2015-12-09 00:46:51',NULL),(122,'Lebanon','2015-12-09 00:46:51','2015-12-09 00:46:51',NULL),(123,'Lesotho','2015-12-09 00:46:51','2015-12-09 00:46:51',NULL),(124,'Liberia','2015-12-09 00:46:51','2015-12-09 00:46:51',NULL),(125,'Libya','2015-12-09 00:46:51','2015-12-09 00:46:51',NULL),(126,'Liechtenstein','2015-12-09 00:46:51','2015-12-09 00:46:51',NULL),(127,'Lithuania','2015-12-09 00:46:51','2015-12-09 00:46:51',NULL),(128,'Luxembourg','2015-12-09 00:46:51','2015-12-09 00:46:51',NULL),(129,'Macau','2015-12-09 00:46:51','2015-12-09 00:46:51',NULL),(130,'Republic of Macedonia','2015-12-09 00:46:51','2015-12-09 00:46:51',NULL),(131,'Madagascar','2015-12-09 00:46:51','2015-12-09 00:46:51',NULL),(132,'Malawi','2015-12-09 00:46:51','2015-12-09 00:46:51',NULL),(133,'Malaysia','2015-12-09 00:46:51','2015-12-09 00:46:51',NULL),(134,'Maldives','2015-12-09 00:46:51','2015-12-09 00:46:51',NULL),(135,'Mali','2015-12-09 00:46:51','2015-12-09 00:46:51',NULL),(136,'Malta','2015-12-09 00:46:51','2015-12-09 00:46:51',NULL),(137,'Marshall Islands','2015-12-09 00:46:51','2015-12-09 00:46:51',NULL),(138,'Martinique','2015-12-09 00:46:51','2015-12-09 00:46:51',NULL),(139,'Mauritania','2015-12-09 00:46:51','2015-12-09 00:46:51',NULL),(140,'Mauritius','2015-12-09 00:46:51','2015-12-09 00:46:51',NULL),(141,'Mayotte','2015-12-09 00:46:51','2015-12-09 00:46:51',NULL),(142,'Mexico','2015-12-09 00:46:51','2015-12-09 00:46:51',NULL),(143,'Federated States of Micronesia','2015-12-09 00:46:51','2015-12-09 00:46:51',NULL),(144,'Moldova','2015-12-09 00:46:51','2015-12-09 00:46:51',NULL),(145,'Monaco','2015-12-09 00:46:51','2015-12-09 00:46:51',NULL),(146,'Mongolia','2015-12-09 00:46:51','2015-12-09 00:46:51',NULL),(147,'Montenegro','2015-12-09 00:46:51','2015-12-09 00:46:51',NULL),(148,'Montserrat','2015-12-09 00:46:51','2015-12-09 00:46:51',NULL),(149,'Morocco','2015-12-09 00:46:51','2015-12-09 00:46:51',NULL),(150,'Mozambique','2015-12-09 00:46:51','2015-12-09 00:46:51',NULL),(151,'Myanmar','2015-12-09 00:46:51','2015-12-09 00:46:51',NULL),(152,'Namibia','2015-12-09 00:46:51','2015-12-09 00:46:51',NULL),(153,'Nauru','2015-12-09 00:46:51','2015-12-09 00:46:51',NULL),(154,'Nepal','2015-12-09 00:46:51','2015-12-09 00:46:51',NULL),(155,'Netherlands','2015-12-09 00:46:51','2015-12-09 00:46:51',NULL),(156,'New Caledonia','2015-12-09 00:46:51','2015-12-09 00:46:51',NULL),(157,'New Zealand','2015-12-09 00:46:51','2015-12-09 00:46:51',NULL),(158,'Nicaragua','2015-12-09 00:46:51','2015-12-09 00:46:51',NULL),(159,'Niger','2015-12-09 00:46:51','2015-12-09 00:46:51',NULL),(160,'Nigeria','2015-12-09 00:46:51','2015-12-09 00:46:51',NULL),(161,'Niue','2015-12-09 00:46:51','2015-12-09 00:46:51',NULL),(162,'Norfolk Island','2015-12-09 00:46:51','2015-12-09 00:46:51',NULL),(163,'North Korea','2015-12-09 00:46:51','2015-12-09 00:46:51',NULL),(164,'Northern Mariana Islands','2015-12-09 00:46:51','2015-12-09 00:46:51',NULL),(165,'Norway','2015-12-09 00:46:51','2015-12-09 00:46:51',NULL),(166,'Oman','2015-12-09 00:46:51','2015-12-09 00:46:51',NULL),(167,'Pakistan','2015-12-09 00:46:51','2015-12-09 00:46:51',NULL),(168,'Palau','2015-12-09 00:46:51','2015-12-09 00:46:51',NULL),(169,'Palestine','2015-12-09 00:46:51','2015-12-09 00:46:51',NULL),(170,'Panama','2015-12-09 00:46:51','2015-12-09 00:46:51',NULL),(171,'Papua New Guinea','2015-12-09 00:46:51','2015-12-09 00:46:51',NULL),(172,'Paraguay','2015-12-09 00:46:51','2015-12-09 00:46:51',NULL),(173,'Peru','2015-12-09 00:46:51','2015-12-09 00:46:51',NULL),(174,'Philippines','2015-12-09 00:46:51','2015-12-09 00:46:51',NULL),(175,'Pitcairn Islands','2015-12-09 00:46:51','2015-12-09 00:46:51',NULL),(176,'Poland','2015-12-09 00:46:51','2015-12-09 00:46:51',NULL),(177,'Portugal','2015-12-09 00:46:51','2015-12-09 00:46:51',NULL),(178,'Puerto Rico','2015-12-09 00:46:51','2015-12-09 00:46:51',NULL),(179,'Qatar','2015-12-09 00:46:51','2015-12-09 00:46:51',NULL),(180,'Republic of Kosovo','2015-12-09 00:46:51','2015-12-09 00:46:51',NULL),(181,'Réunion','2015-12-09 00:46:51','2015-12-09 00:46:51',NULL),(182,'Romania','2015-12-09 00:46:51','2015-12-09 00:46:51',NULL),(183,'Russia','2015-12-09 00:46:51','2015-12-09 00:46:51',NULL),(184,'Rwanda','2015-12-09 00:46:51','2015-12-09 00:46:51',NULL),(185,'Saint Barthélemy','2015-12-09 00:46:51','2015-12-09 00:46:51',NULL),(186,'Saint Helena','2015-12-09 00:46:51','2015-12-09 00:46:51',NULL),(187,'Saint Kitts and Nevis','2015-12-09 00:46:51','2015-12-09 00:46:51',NULL),(188,'Saint Lucia','2015-12-09 00:46:51','2015-12-09 00:46:51',NULL),(189,'Saint Martin','2015-12-09 00:46:51','2015-12-09 00:46:51',NULL),(190,'Saint Pierre and Miquelon','2015-12-09 00:46:51','2015-12-09 00:46:51',NULL),(191,'Saint Vincent and the Grenadines','2015-12-09 00:46:51','2015-12-09 00:46:51',NULL),(192,'Samoa','2015-12-09 00:46:51','2015-12-09 00:46:51',NULL),(193,'San Marino','2015-12-09 00:46:51','2015-12-09 00:46:51',NULL),(194,'São Tomé and Príncipe','2015-12-09 00:46:51','2015-12-09 00:46:51',NULL),(195,'Saudi Arabia','2015-12-09 00:46:51','2015-12-09 00:46:51',NULL),(196,'Senegal','2015-12-09 00:46:51','2015-12-09 00:46:51',NULL),(197,'Serbia','2015-12-09 00:46:51','2015-12-09 00:46:51',NULL),(198,'Seychelles','2015-12-09 00:46:51','2015-12-09 00:46:51',NULL),(199,'Sierra Leone','2015-12-09 00:46:51','2015-12-09 00:46:51',NULL),(200,'Singapore','2015-12-09 00:46:51','2015-12-09 00:46:51',NULL),(201,'Sint Maarten','2015-12-09 00:46:52','2015-12-09 00:46:52',NULL),(202,'Slovakia','2015-12-09 00:46:52','2015-12-09 00:46:52',NULL),(203,'Slovenia','2015-12-09 00:46:52','2015-12-09 00:46:52',NULL),(204,'Solomon Islands','2015-12-09 00:46:52','2015-12-09 00:46:52',NULL),(205,'Somalia','2015-12-09 00:46:52','2015-12-09 00:46:52',NULL),(206,'South Africa','2015-12-09 00:46:52','2015-12-09 00:46:52',NULL),(207,'South Georgia','2015-12-09 00:46:52','2015-12-09 00:46:52',NULL),(208,'South Korea','2015-12-09 00:46:52','2015-12-09 00:46:52',NULL),(209,'South Sudan','2015-12-09 00:46:52','2015-12-09 00:46:52',NULL),(210,'Spain','2015-12-09 00:46:52','2015-12-09 00:46:52',NULL),(211,'Sri Lanka','2015-12-09 00:46:52','2015-12-09 00:46:52',NULL),(212,'Sudan','2015-12-09 00:46:52','2015-12-09 00:46:52',NULL),(213,'Suriname','2015-12-09 00:46:52','2015-12-09 00:46:52',NULL),(214,'Svalbard and Jan Mayen','2015-12-09 00:46:52','2015-12-09 00:46:52',NULL),(215,'Swaziland','2015-12-09 00:46:52','2015-12-09 00:46:52',NULL),(216,'Sweden','2015-12-09 00:46:52','2015-12-09 00:46:52',NULL),(217,'Switzerland','2015-12-09 00:46:52','2015-12-09 00:46:52',NULL),(218,'Syria','2015-12-09 00:46:52','2015-12-09 00:46:52',NULL),(219,'Taiwan','2015-12-09 00:46:52','2015-12-09 00:46:52',NULL),(220,'Tajikistan','2015-12-09 00:46:52','2015-12-09 00:46:52',NULL),(221,'Tanzania','2015-12-09 00:46:52','2015-12-09 00:46:52',NULL),(222,'Thailand','2015-12-09 00:46:52','2015-12-09 00:46:52',NULL),(223,'East Timor','2015-12-09 00:46:52','2015-12-09 00:46:52',NULL),(224,'Togo','2015-12-09 00:46:52','2015-12-09 00:46:52',NULL),(225,'Tokelau','2015-12-09 00:46:52','2015-12-09 00:46:52',NULL),(226,'Tonga','2015-12-09 00:46:52','2015-12-09 00:46:52',NULL),(227,'Trinidad and Tobago','2015-12-09 00:46:52','2015-12-09 00:46:52',NULL),(228,'Tunisia','2015-12-09 00:46:52','2015-12-09 00:46:52',NULL),(229,'Turkey','2015-12-09 00:46:52','2015-12-09 00:46:52',NULL),(230,'Turkmenistan','2015-12-09 00:46:52','2015-12-09 00:46:52',NULL),(231,'Turks and Caicos Islands','2015-12-09 00:46:52','2015-12-09 00:46:52',NULL),(232,'Tuvalu','2015-12-09 00:46:52','2015-12-09 00:46:52',NULL),(233,'Uganda','2015-12-09 00:46:52','2015-12-09 00:46:52',NULL),(234,'Ukraine','2015-12-09 00:46:52','2015-12-09 00:46:52',NULL),(235,'United Arab Emirates','2015-12-09 00:46:52','2015-12-09 00:46:52',NULL),(236,'United Kingdom','2015-12-09 00:46:52','2015-12-09 00:46:52',NULL),(237,'United States','2015-12-09 00:46:52','2015-12-09 00:46:52',NULL),(238,'Uruguay','2015-12-09 00:46:52','2015-12-09 00:46:52',NULL),(239,'Uzbekistan','2015-12-09 00:46:52','2015-12-09 00:46:52',NULL),(240,'Vanuatu','2015-12-09 00:46:52','2015-12-09 00:46:52',NULL),(241,'Venezuela','2015-12-09 00:46:52','2015-12-09 00:46:52',NULL),(242,'Vietnam','2015-12-09 00:46:52','2015-12-09 00:46:52',NULL),(243,'Wallis and Futuna','2015-12-09 00:46:52','2015-12-09 00:46:52',NULL),(244,'Western Sahara','2015-12-09 00:46:52','2015-12-09 00:46:52',NULL),(245,'Yemen','2015-12-09 00:46:52','2015-12-09 00:46:52',NULL),(246,'Zambia','2015-12-09 00:46:52','2015-12-09 00:46:52',NULL),(247,'Zimbabwe','2015-12-09 00:46:52','2015-12-09 00:46:52',NULL);
/*!40000 ALTER TABLE `countries` ENABLE KEYS */;
UNLOCK TABLES;

--
-- Table structure for table `country_language`
--

DROP TABLE IF EXISTS `country_language`;
/*!40101 SET @saved_cs_client     = @@character_set_client */;
/*!40101 SET character_set_client = utf8 */;
CREATE TABLE `country_language` (
  `id` int(10) unsigned NOT NULL AUTO_INCREMENT,
  `country_id` int(10) unsigned NOT NULL,
  `language_id` int(10) unsigned NOT NULL,
  PRIMARY KEY (`id`),
  KEY `country_language_country_id_index` (`country_id`),
  KEY `country_language_language_id_index` (`language_id`),
  CONSTRAINT `country_language_country_id_foreign` FOREIGN KEY (`country_id`) REFERENCES `countries` (`id`) ON DELETE CASCADE,
  CONSTRAINT `country_language_language_id_foreign` FOREIGN KEY (`language_id`) REFERENCES `languages` (`id`) ON DELETE CASCADE
) ENGINE=InnoDB AUTO_INCREMENT=359 DEFAULT CHARSET=utf8 COLLATE=utf8_unicode_ci;
/*!40101 SET character_set_client = @saved_cs_client */;

--
-- Dumping data for table `country_language`
--

LOCK TABLES `country_language` WRITE;
/*!40000 ALTER TABLE `country_language` DISABLE KEYS */;
INSERT INTO `country_language` VALUES (1,1,130),(2,1,173),(3,1,161),(4,2,154),(5,3,149),(6,4,8),(7,5,38),(8,5,146),(9,6,23),(10,7,131),(11,8,38),(12,9,38),(13,10,40),(14,10,53),(15,11,63),(16,11,136),(17,12,116),(18,12,127),(19,13,38),(20,14,33),(21,15,12),(22,15,63),(23,16,38),(24,17,8),(25,18,19),(26,19,38),(27,20,14),(28,20,136),(29,21,116),(30,21,48),(31,21,33),(32,22,38),(33,22,40),(34,23,48),(35,24,38),(36,25,35),(37,26,40),(38,26,11),(39,26,132),(40,27,116),(41,28,22),(42,28,60),(43,28,150),(44,29,38),(45,29,163),(46,31,131),(47,32,38),(48,33,38),(49,34,38),(50,35,108),(51,36,15),(52,37,48),(53,37,44),(54,38,48),(55,38,134),(56,39,83),(57,40,38),(58,40,48),(59,41,38),(60,41,48),(61,42,131),(62,43,38),(63,44,48),(64,44,142),(65,45,48),(66,45,8),(67,46,40),(68,47,183),(69,48,38),(70,49,38),(71,50,40),(72,51,8),(73,51,48),(74,52,48),(75,52,96),(76,53,48),(77,53,96),(78,53,78),(79,53,155),(80,53,99),(81,54,38),(82,55,40),(83,56,60),(84,57,40),(85,58,116),(86,58,127),(87,58,38),(88,59,37),(89,59,165),(90,59,63),(91,60,28),(92,60,144),(93,61,32),(94,62,48),(95,62,8),(96,63,38),(97,64,40),(98,65,40),(99,66,8),(100,67,40),(101,68,40),(102,68,48),(103,69,160),(104,69,8),(105,69,38),(106,70,41),(107,71,6),(108,72,38),(109,73,47),(110,74,38),(111,74,46),(112,74,58),(113,74,172),(114,75,45),(115,75,154),(116,76,48),(117,77,48),(118,78,48),(119,79,48),(120,80,48),(121,81,38),(122,82,77),(123,83,33),(124,84,38),(125,85,38),(126,86,37),(127,87,82),(128,88,38),(129,89,48),(130,90,38),(131,90,25),(132,90,40),(133,91,40),(134,92,38),(135,92,48),(136,93,48),(137,93,44),(138,94,131),(139,95,38),(140,96,48),(141,96,61),(142,97,38),(143,98,40),(144,99,38),(145,99,183),(146,100,62),(147,101,72),(148,102,58),(149,102,38),(150,103,66),(151,104,48),(152,105,43),(153,106,8),(154,106,88),(155,107,50),(156,107,38),(157,108,38),(158,108,55),(159,109,57),(160,109,8),(161,110,73),(162,111,38),(163,112,75),(164,113,38),(165,113,48),(166,114,8),(167,115,81),(168,115,136),(169,116,38),(170,116,155),(171,117,38),(172,118,8),(173,119,91),(174,119,136),(175,120,97),(176,121,100),(177,122,8),(178,122,48),(179,123,38),(180,123,152),(181,124,38),(182,125,8),(183,126,33),(184,127,98),(185,128,48),(186,128,33),(187,128,93),(188,129,183),(189,129,131),(190,130,104),(191,131,48),(192,131,101),(193,132,38),(194,132,121),(195,134,34),(196,135,48),(197,136,109),(198,136,38),(199,137,38),(200,137,102),(201,138,48),(202,139,8),(203,140,38),(204,141,48),(205,142,40),(206,143,38),(207,144,135),(208,145,48),(209,146,106),(210,147,150),(211,147,22),(212,147,149),(213,147,60),(214,148,38),(215,149,8),(216,150,131),(217,151,110),(218,152,38),(219,152,4),(220,153,38),(221,153,111),(222,154,114),(223,155,116),(224,156,48),(225,157,38),(226,157,103),(227,158,40),(228,159,48),(229,160,38),(230,161,38),(231,162,38),(232,163,85),(233,164,38),(234,164,25),(235,165,118),(236,165,112),(237,165,117),(238,166,8),(239,167,38),(240,167,172),(241,168,38),(242,169,8),(243,170,40),(244,171,38),(245,172,40),(246,172,53),(247,173,40),(248,174,38),(249,175,38),(250,176,129),(251,177,131),(252,178,40),(253,178,38),(254,179,8),(255,180,149),(256,180,150),(257,181,48),(258,182,135),(259,183,136),(260,184,137),(261,184,38),(262,184,48),(263,185,48),(264,186,38),(265,187,38),(266,188,38),(267,189,38),(268,189,48),(269,189,116),(270,190,48),(271,191,38),(272,192,146),(273,192,38),(274,193,73),(275,194,131),(276,195,8),(277,196,48),(278,197,150),(279,198,48),(280,198,38),(281,199,38),(282,200,38),(283,200,108),(284,200,156),(285,200,183),(286,201,116),(287,201,38),(288,202,144),(289,203,145),(290,204,38),(291,205,148),(292,205,8),(293,206,4),(294,206,38),(295,206,119),(296,206,152),(297,206,151),(298,206,163),(299,206,166),(300,206,174),(301,206,179),(302,206,184),(303,207,38),(304,208,85),(305,209,38),(306,210,40),(307,211,143),(308,211,156),(309,212,8),(310,212,38),(311,213,116),(312,214,118),(313,215,38),(314,215,151),(315,216,154),(316,217,33),(317,217,48),(318,217,73),(319,218,8),(320,219,183),(321,220,158),(322,220,136),(323,221,155),(324,221,38),(325,222,159),(326,223,131),(327,224,48),(328,225,38),(329,226,38),(330,226,164),(331,227,38),(332,228,8),(333,229,165),(334,230,161),(335,230,136),(336,231,38),(337,232,38),(338,233,38),(339,233,155),(340,234,171),(341,235,8),(342,236,38),(343,237,38),(344,238,40),(345,239,173),(346,239,136),(347,240,17),(348,240,38),(349,240,48),(350,241,40),(351,242,175),(352,243,48),(353,244,40),(354,245,8),(355,246,38),(356,247,38),(357,247,147),(358,247,113);
/*!40000 ALTER TABLE `country_language` ENABLE KEYS */;
UNLOCK TABLES;

--
-- Table structure for table `experience_types`
--

DROP TABLE IF EXISTS `experience_types`;
/*!40101 SET @saved_cs_client     = @@character_set_client */;
/*!40101 SET character_set_client = utf8 */;
CREATE TABLE `experience_types` (
  `id` int(10) unsigned NOT NULL AUTO_INCREMENT,
  `name` varchar(255) COLLATE utf8_unicode_ci NOT NULL,
  `created_at` timestamp NOT NULL DEFAULT '0000-00-00 00:00:00',
  `updated_at` timestamp NOT NULL DEFAULT '0000-00-00 00:00:00',
  `deleted_at` timestamp NULL DEFAULT NULL,
  PRIMARY KEY (`id`)
) ENGINE=InnoDB AUTO_INCREMENT=3 DEFAULT CHARSET=utf8 COLLATE=utf8_unicode_ci;
/*!40101 SET character_set_client = @saved_cs_client */;

--
-- Dumping data for table `experience_types`
--

LOCK TABLES `experience_types` WRITE;
/*!40000 ALTER TABLE `experience_types` DISABLE KEYS */;
INSERT INTO `experience_types` VALUES (1,'work','2015-12-09 00:46:52','2015-12-09 00:46:52',NULL),(2,'education','2015-12-09 00:46:52','2015-12-09 00:46:52',NULL);
/*!40000 ALTER TABLE `experience_types` ENABLE KEYS */;
UNLOCK TABLES;

--
-- Table structure for table `experiences`
--

DROP TABLE IF EXISTS `experiences`;
/*!40101 SET @saved_cs_client     = @@character_set_client */;
/*!40101 SET character_set_client = utf8 */;
CREATE TABLE `experiences` (
  `id` int(10) unsigned NOT NULL AUTO_INCREMENT,
  `experience_type_id` int(10) unsigned NOT NULL,
  `user_id` int(10) unsigned NOT NULL,
  `title` varchar(255) COLLATE utf8_unicode_ci NOT NULL,
  `description` text COLLATE utf8_unicode_ci NOT NULL,
  `started_at` timestamp NULL DEFAULT NULL,
  `ended_at` timestamp NULL DEFAULT NULL,
  `created_at` timestamp NOT NULL DEFAULT '0000-00-00 00:00:00',
  `updated_at` timestamp NOT NULL DEFAULT '0000-00-00 00:00:00',
  `deleted_at` timestamp NULL DEFAULT NULL,
  PRIMARY KEY (`id`),
  KEY `experiences_experience_type_id_index` (`experience_type_id`),
  KEY `experiences_user_id_index` (`user_id`),
  CONSTRAINT `experiences_experience_type_id_foreign` FOREIGN KEY (`experience_type_id`) REFERENCES `experience_types` (`id`) ON DELETE CASCADE,
  CONSTRAINT `experiences_user_id_foreign` FOREIGN KEY (`user_id`) REFERENCES `users` (`id`) ON DELETE CASCADE
) ENGINE=InnoDB AUTO_INCREMENT=211 DEFAULT CHARSET=utf8 COLLATE=utf8_unicode_ci;
/*!40101 SET character_set_client = @saved_cs_client */;

--
-- Dumping data for table `experiences`
--

LOCK TABLES `experiences` WRITE;
/*!40000 ALTER TABLE `experiences` DISABLE KEYS */;
INSERT INTO `experiences` VALUES (1,1,30,'Administrative Supporter at Processes Improving Projects','Simens Wind Power, Brande, Denmark','2012-06-30 22:00:00','2013-06-30 22:00:00','2015-12-09 00:47:22','2015-12-09 13:17:32',NULL),(2,1,4,'Civil Engineer. Occupational Trainee & Researcher.','The University of Queensland',NULL,NULL,'2015-12-09 00:47:22','2015-12-09 00:47:22',NULL),(3,1,6,'Lighting Designer','COWI','2013-09-30 22:00:00',NULL,'2015-12-09 00:47:22','2016-01-12 08:27:21',NULL),(4,1,6,'Co-founder','CVideon',NULL,NULL,'2015-12-09 00:47:22','2015-12-10 19:31:14','2015-12-10 19:31:14'),(6,1,26,'Marketing Executive','Bdaily Business News','2015-05-31 22:00:00','2015-12-08 23:00:00','2015-12-09 00:47:22','2015-12-09 12:55:51',NULL),(7,1,26,'Student Ambassador','Business Technology Education Centre','2012-12-31 23:00:00','2013-05-31 22:00:00','2015-12-09 00:47:22','2015-12-09 12:55:42',NULL),(8,1,30,'Quality Intern in Regulatory Affairs','Novo Nordisk','2015-01-31 23:00:00','2015-06-30 22:00:00','2015-12-09 00:47:22','2015-12-09 13:17:16',NULL),(9,1,30,'Student Worker in Project Management Office, Product Innovation','Foss','2013-10-31 23:00:00','2014-12-31 23:00:00','2015-12-09 00:47:23','2015-12-09 13:17:04',NULL),(10,1,2,'Freelancer','Ace Solutions','2010-12-31 23:00:00','2015-05-31 22:00:00','2015-12-09 00:47:23','2015-12-09 11:34:50',NULL),(11,1,2,'Web Designer & Developer ','CVideon','2016-01-11 23:00:00',NULL,'2015-12-09 00:47:23','2016-01-12 13:50:03',NULL),(12,1,37,'Compliance and validation support ','AlS Denmark','2015-05-31 22:00:00','2015-11-30 23:00:00','2015-12-09 00:47:23','2015-12-09 13:37:44',NULL),(13,1,37,'Sudent Assistant','AlS Denmark','2008-04-30 22:00:00','2015-04-30 22:00:00','2015-12-09 00:47:23','2015-12-09 13:37:32',NULL),(14,1,38,'Intern','Plant and Environmental sciences, KU','2015-10-31 23:00:00','2015-11-30 23:00:00','2015-12-09 00:47:23','2015-12-09 23:08:40',NULL),(15,1,38,'Research Assistant (Biology)','University of Copenhagen','2014-06-30 22:00:00','2014-11-30 23:00:00','2015-12-09 00:47:23','2015-12-09 23:08:17',NULL),(16,1,38,'Research Assistant (Biology)','John Innes Centre','2008-12-31 23:00:00','2010-11-30 23:00:00','2015-12-09 00:47:23','2015-12-09 23:07:37',NULL),(17,1,38,'Quality Control Analyst','Pharma Natura','2002-12-31 23:00:00','2003-12-31 23:00:00','2015-12-09 00:47:23','2015-12-09 23:07:11',NULL),(18,1,38,'Analytical Chemist (QC)','M&L laboratories','2002-12-31 23:00:00','2006-11-30 23:00:00','2015-12-09 00:47:23','2015-12-09 23:06:44',NULL),(19,1,38,'Research Technician (Organic Chemistry)','Chameleon Biosurfaces','2006-11-30 23:00:00','2008-11-30 23:00:00','2015-12-09 00:47:23','2015-12-09 23:09:12',NULL),(20,1,39,'Meetings and Events Department Intern','Radisson Blu','2013-11-30 23:00:00','2014-05-31 22:00:00','2015-12-09 00:47:23','2015-12-09 23:17:26',NULL),(21,1,39,'Tour Guide','BDP, \"Best Destination Partner\"','2015-01-31 23:00:00','2015-12-09 23:00:00','2015-12-09 00:47:23','2015-12-09 23:17:02',NULL),(22,1,39,'Waitress and Bartender','Nykøbing F. Teater','2010-10-31 23:00:00','2015-11-30 23:00:00','2015-12-09 00:47:23','2015-12-09 23:16:33',NULL),(23,1,39,'Organizer','Klar Music Festival','2011-08-31 22:00:00','2012-05-31 22:00:00','2015-12-09 00:47:23','2015-12-09 23:16:47',NULL),(24,1,43,'Secretary','Ethniki Insurance Company','2014-04-30 22:00:00','2014-08-31 22:00:00','2015-12-09 00:47:23','2015-12-10 10:30:38',NULL),(25,1,43,'Cashier','K. Desiniwtis','2011-07-31 22:00:00','2012-12-31 23:00:00','2015-12-09 00:47:23','2015-12-10 10:30:13',NULL),(26,1,83,'Student job','Cenergia Energy Consulting','2012-12-31 23:00:00','2015-06-30 22:00:00','2015-12-09 00:47:23','2015-12-11 14:09:29',NULL),(27,1,85,'Operator in FIT & Online Department','Abbey Tours','2014-09-30 22:00:00','2014-12-31 23:00:00','2015-12-09 00:47:23','2015-12-11 14:17:37',NULL),(28,1,85,'Information Systems Operator','Abbey Tours','2014-06-30 22:00:00','2014-12-31 23:00:00','2015-12-09 00:47:23','2015-12-11 14:17:23',NULL),(29,1,85,'Conference & Event hostess','Rex&Lindeborgh','2013-10-31 23:00:00','2014-01-31 23:00:00','2015-12-09 00:47:23','2015-12-11 14:17:13',NULL),(30,1,87,'CEO and co-founder','Machí­o Asociados, S.L.','2011-09-30 22:00:00','2015-12-10 23:00:00','2015-12-09 00:47:23','2015-12-11 14:23:19',NULL),(31,1,89,'Energy and Indoor Climate Engineer','Søren Jensen','2015-09-30 22:00:00','2015-12-10 23:00:00','2015-12-09 00:47:23','2015-12-11 14:41:43',NULL),(32,1,90,'SAP ERP ','Nyledige.dk','2014-09-30 22:00:00','2014-10-31 23:00:00','2015-12-09 00:47:23','2015-12-11 14:46:34',NULL),(33,1,90,'BSS/BTS Engineer','Nokia Siemens Networks -Telenor Phase IV/V Pakistan','2007-06-30 22:00:00','2008-06-30 22:00:00','2015-12-09 00:47:23','2015-12-11 14:46:24',NULL),(34,1,97,'Bassoon Solist','Agrupación Musical de Linares 1875','2006-07-31 22:00:00','2015-11-30 23:00:00','2015-12-09 00:47:23','2015-12-11 15:22:14',NULL),(35,1,97,'Bassoon Player','Staccato Quintet','2014-08-31 22:00:00','2015-11-30 23:00:00','2015-12-09 00:47:23','2015-12-11 15:21:24',NULL),(36,1,97,'Bassoon Player','Orquesta Ciudad de Priego','2014-06-30 22:00:00','2014-10-31 23:00:00','2015-12-09 00:47:23','2015-12-11 15:21:07',NULL),(37,1,117,'Software Tester','E-health Nordic Denmark','2013-12-31 23:00:00','2015-11-30 23:00:00','2015-12-09 00:47:23','2015-12-11 16:13:28',NULL),(38,1,117,'Software Developer','Wiredelta Denmark','2014-04-30 22:00:00','2014-11-30 23:00:00','2015-12-09 00:47:23','2015-12-11 16:12:42',NULL),(39,1,117,'Programmer/Lecturer','Kannur University India','2007-02-28 23:00:00','2013-04-30 22:00:00','2015-12-09 00:47:23','2015-12-11 16:12:21',NULL),(40,1,119,'Camp Instructor','AVAS','2013-10-31 23:00:00','2015-10-31 23:00:00','2015-12-09 00:47:23','2015-12-11 16:22:31',NULL),(41,1,119,'Summer School Instructor','AVAS','2015-06-30 22:00:00','2015-07-31 22:00:00','2015-12-09 00:47:23','2015-12-11 16:21:52',NULL),(42,1,119,'Event animator ','.','2015-08-31 22:00:00','2015-12-10 23:00:00','2015-12-09 00:47:23','2015-12-11 16:21:39',NULL),(43,1,105,'Teacher','PequeWeb','2014-09-30 22:00:00','2015-01-31 23:00:00','2015-12-09 00:47:23','2015-12-11 15:45:36',NULL),(44,1,105,'Shop Assistent','Joyeria Nievas','2015-02-28 23:00:00','2015-12-10 23:00:00','2015-12-09 00:47:23','2015-12-11 15:45:28',NULL),(45,1,151,'Communications Networks Technician','University of Granada','2013-05-31 22:00:00','2015-12-14 23:00:00','2015-12-09 00:47:23','2015-12-15 13:44:07',NULL),(46,1,151,'Technical Service, Support and Telecommunications services and computer','HISPANIAPC','2013-09-30 22:00:00','2015-05-31 22:00:00','2015-12-09 00:47:23','2015-12-15 13:43:04',NULL),(47,1,134,'Internship','INCOA INGENIEROS GRUPO EMPRESARIAL, S.L.','2015-08-31 22:00:00','2015-11-30 23:00:00','2015-12-09 00:47:23','2015-12-11 17:19:40',NULL),(48,1,62,'Administrative Intern','Town of Chelmsford','2012-12-31 23:00:00','2013-05-31 22:00:00','2015-12-09 00:47:23','2015-12-11 13:49:28',NULL),(49,1,62,'HR Intern','The Borgen Project','2015-05-31 22:00:00','2015-06-30 22:00:00','2015-12-09 00:47:23','2015-12-11 13:48:31',NULL),(50,1,62,'HR Intern','Tempo-Team','2015-05-31 22:00:00','2015-06-30 22:00:00','2015-12-09 00:47:23','2015-12-11 13:49:08',NULL),(51,1,62,'Business Development Intern','CVideon','2014-05-31 22:00:00','2014-07-31 22:00:00','2015-12-09 00:47:23','2015-12-11 13:48:41',NULL),(52,1,170,'Receptionist','Hotel Barceló Punta Umbría Beach Resort','2015-06-30 22:00:00','2015-08-31 22:00:00','2015-12-09 00:47:23','2015-12-15 15:03:15',NULL),(53,1,178,'English teacher - private lessons','English connection','2012-08-31 22:00:00','2013-05-31 22:00:00','2015-12-09 00:47:23','2015-12-15 15:21:00',NULL),(54,1,123,'Nanny','Ludoteca','2014-06-30 22:00:00','2014-07-31 22:00:00','2015-12-09 00:47:23','2015-12-11 16:35:46',NULL),(55,1,178,'Receptionist at reception for clients','Deloitte','2013-08-31 22:00:00','2014-01-31 23:00:00','2015-12-09 00:47:23','2015-12-15 15:20:31',NULL),(56,1,178,'Shop Assistant','Adidas','2013-08-31 22:00:00','2014-06-30 22:00:00','2015-12-09 00:47:23','2015-12-15 15:20:20',NULL),(57,1,178,'Hostess','Manpower','2014-05-31 22:00:00','2014-07-31 22:00:00','2015-12-09 00:47:23','2015-12-15 15:20:03',NULL),(58,1,178,'Waitress and barist','Kavovarna','2014-09-30 22:00:00','2015-05-31 22:00:00','2015-12-09 00:47:23','2015-12-15 15:19:55',NULL),(59,1,178,'Waitress','Las Adelitas','2015-02-28 23:00:00','2015-06-30 22:00:00','2015-12-09 00:47:23','2015-12-15 15:19:45',NULL),(60,1,185,'QC auditor','Iristrace','2015-03-31 22:00:00','2015-08-31 22:00:00','2015-12-09 00:47:23','2015-12-16 10:47:13',NULL),(61,1,185,'Lighting Technician (Volunteering)','Studenterhuset','2015-08-31 22:00:00','2015-12-15 23:00:00','2015-12-09 00:47:23','2015-12-16 10:46:58',NULL),(62,1,185,'Student Association (Volunteering)','DAEPSA','2012-09-30 22:00:00','2015-07-31 22:00:00','2015-12-09 00:47:23','2015-12-16 10:46:43',NULL),(63,1,186,'Researcher ','Aalborg University Denmark and AIST Japan','2010-05-31 22:00:00','2014-12-31 23:00:00','2015-12-09 00:47:23','2015-12-16 10:53:38',NULL),(64,1,187,'Affiliate Marketing Manager Czech (working student)','Kreditech Holding GmbH','2013-07-31 22:00:00','2014-04-30 22:00:00','2015-12-09 00:47:23','2015-12-16 12:33:23',NULL),(65,1,187,'Customer Care Intern','Kreditech Holding GmbH','2013-03-31 22:00:00','2013-08-31 22:00:00','2015-12-09 00:47:23','2015-12-16 12:33:37',NULL),(66,1,182,'Live Music Performer','Gardasound','2015-03-31 22:00:00','2015-12-15 23:00:00','2015-12-09 00:47:23','2015-12-16 10:39:23',NULL),(67,1,182,'Live Music Performer','Planhotel s.a','2013-04-30 22:00:00','2014-10-31 23:00:00','2015-12-09 00:47:23','2015-12-16 10:39:14',NULL),(68,1,146,'Software Developer ','Ericsson','2013-12-31 23:00:00','2014-06-30 22:00:00','2015-12-09 00:47:23','2015-12-15 12:32:32',NULL),(69,1,159,'Instructora en Soporte Vital Básico (SVB) y Desfibrilación Externa Semiautomática (DESA)','Plan Nacional de RCP SAMIUC','2014-04-30 22:00:00','2015-11-30 23:00:00','2015-12-09 00:47:23','2015-12-15 14:38:31',NULL),(70,1,195,'Techincal Department','OCA certificaciones','2013-10-31 23:00:00','2014-02-28 23:00:00','2015-12-09 00:47:23','2015-12-16 12:48:28',NULL),(71,1,195,'Volunteer Engineer in Peru','Medicus Mundi','2014-02-28 23:00:00','2014-04-30 22:00:00','2015-12-09 00:47:23','2015-12-16 12:48:11',NULL),(72,1,195,'Student assistant','Danish Technical University','2015-02-28 23:00:00','2015-12-15 23:00:00','2015-12-09 00:47:23','2015-12-16 12:47:59',NULL),(73,1,198,'Microbiology Lab assistant (Funded summer Internship by NSRF)','Microbiology Lab , Supervisor : Georgios S. Zampras','2014-05-31 22:00:00','2014-07-31 22:00:00','2015-12-09 00:47:23','2015-12-16 12:57:08',NULL),(74,1,198,'Non-funded student Internship ','Lab of Structural and Computational Biology , Supervisor : Nicholaos Glykos','2013-06-30 22:00:00','2014-12-31 23:00:00','2015-12-09 00:47:23','2015-12-16 12:56:55',NULL),(75,1,206,'Assistant engineer ','Alstom Power ','2012-07-31 22:00:00','2015-01-31 23:00:00','2015-12-09 00:47:23','2015-12-16 13:12:03',NULL),(76,1,206,'Intern','BSH Bosch and Siemens home appliance ','2014-11-30 23:00:00','2015-01-31 23:00:00','2015-12-09 00:47:23','2015-12-16 13:11:42',NULL),(77,1,206,'Research  student ','General Engineering  Research Institute,  Liverpool John Moores University ','2014-05-31 22:00:00','2014-11-30 23:00:00','2015-12-09 00:47:23','2015-12-16 13:11:23',NULL),(78,1,206,'Intern ','SOLIN ','2014-02-28 23:00:00','2014-05-31 22:00:00','2015-12-09 00:47:23','2015-12-16 13:11:10',NULL),(79,1,206,'Project participant ','Citi','2011-10-31 23:00:00','2012-05-31 22:00:00','2015-12-09 00:47:23','2015-12-16 13:10:56',NULL),(80,1,206,'Engineer ','Startup Company','2015-09-30 22:00:00','2015-12-15 23:00:00','2015-12-09 00:47:23','2015-12-16 13:10:13',NULL),(82,1,209,'Intern Training','Vapiano SE','2015-05-31 22:00:00','2015-07-31 22:00:00','2015-12-09 00:47:23','2015-12-16 13:20:17',NULL),(83,1,209,'Intern','Corporate Insights Europe','2014-05-31 22:00:00','2014-07-31 22:00:00','2015-12-09 00:47:23','2015-12-16 13:20:07',NULL),(84,2,30,'Msc in Engineering in Operations and Innovation Management','Aalborg University, Copenhagen','2013-06-30 22:00:00','2015-06-30 22:00:00','2015-12-09 00:47:23','2015-12-09 13:17:50',NULL),(85,2,6,'MSc. ENG (Architectural Engineering)','Technical University of Denmark','2013-01-31 23:00:00','2015-02-28 23:00:00','2015-12-09 00:47:23','2015-12-15 13:25:15',NULL),(86,2,6,'Bachelor of Engineering','Technical University of Denmark (DTU)','2009-08-31 22:00:00','2012-12-31 23:00:00','2015-12-09 00:47:23','2015-12-15 13:23:57','2015-12-15 13:23:57'),(89,2,26,'BA Hons International Business Management','Northumbria University, Newcastle upon Tyne, UK','2013-12-31 23:00:00','2014-12-31 23:00:00','2015-12-09 00:47:23','2015-12-09 12:56:22',NULL),(90,2,26,'NCC UK Level 4 and 5 Diploma in Business','Business Technology Education Centre Abu Dhabi, UA','2011-05-31 22:00:00','2013-05-31 22:00:00','2015-12-09 00:47:23','2015-12-09 12:56:09',NULL),(91,2,2,'AP in Multimedia Design and Communication','KEA','2011-01-31 23:00:00','2013-05-31 22:00:00','2015-12-09 00:47:23','2015-12-09 11:36:02',NULL),(92,2,2,'BA in E-Concept Development','KEA','2013-07-31 22:00:00','2015-01-31 23:00:00','2015-12-09 00:47:23','2015-12-09 11:35:38',NULL),(93,2,37,'Master of Science in Engineering. ','Technical University of Denmark','2013-08-31 22:00:00','2015-06-30 22:00:00','2015-12-09 00:47:23','2015-12-09 13:37:59',NULL),(94,2,35,'MA in Cultural Encounters and Global Studies','Roskilde University','2007-07-31 22:00:00','2015-05-31 22:00:00','2015-12-09 00:47:23','2015-12-09 13:33:00',NULL),(95,2,38,'PhD Biology','University of Copenhagen','2010-12-31 23:00:00','2014-05-31 22:00:00','2015-12-09 00:47:23','2015-12-09 23:06:13',NULL),(96,2,38,'M.Sc Biochemistry','University of Johannesburg','2003-12-31 23:00:00','2005-11-30 23:00:00','2015-12-09 00:47:23','2015-12-09 23:05:10',NULL),(97,2,38,'B.Sc. Biochemistry and Chemistry','University of Johannesburg','2008-12-31 23:00:00','2002-11-30 23:00:00','2015-12-09 00:47:23','2015-12-09 23:05:44',NULL),(98,2,39,'Bachelor of Leisure Management','University College Sjælland','2010-08-31 22:00:00','2014-05-31 22:00:00','2015-12-09 00:47:23','2015-12-09 23:19:05',NULL),(99,2,39,'Msc. Soc. Service Management','Copenhagen Business School','2014-08-31 22:00:00','2016-04-30 22:00:00','2015-12-09 00:47:23','2015-12-09 23:18:45',NULL),(100,2,43,'Bachelor in Business Administration','University of Piraeus','2010-08-31 22:00:00','2014-12-31 23:00:00','2015-12-09 00:47:23','2015-12-10 10:31:08',NULL),(101,2,43,'Master in Service Management','Copenhagen Business School','2015-08-31 22:00:00','2017-05-31 22:00:00','2015-12-09 00:47:23','2015-12-10 10:30:52',NULL),(102,2,58,'MSc in Business and Development Studies','Copenhagen Business School ','2015-08-31 22:00:00','2017-05-31 22:00:00','2015-12-09 00:47:23','2015-12-11 13:38:54',NULL),(103,2,83,'Architectural engineering. Energy designer','DTU. Technical architectural of Denmark','2013-01-31 23:00:00','2015-06-30 22:00:00','2015-12-09 00:47:23','2015-12-11 14:11:03',NULL),(104,2,85,'Tourism','Aalborg university, Cph','2013-08-31 22:00:00','2015-05-31 22:00:00','2015-12-09 00:47:23','2015-12-11 14:16:51',NULL),(105,2,87,'Business Management','Universidad de Huelva','2007-08-31 22:00:00','2012-08-31 22:00:00','2015-12-09 00:47:23','2015-12-11 14:23:37',NULL),(106,2,89,'M.Sc Architectural Engineering','Danmarks Tekniske Universitet','2013-01-31 23:00:00','2015-06-30 22:00:00','2015-12-09 00:47:23','2015-12-11 14:42:04',NULL),(107,2,90,'MSc Telecommunication Systems','Blekinge Institute of Technology, Sweden','2008-08-31 22:00:00','2011-08-31 22:00:00','2015-12-09 00:47:23','2015-12-11 14:47:09',NULL),(108,2,90,'SAP ERP Diploma','Neledige Denmark','2014-09-30 22:00:00','2014-10-31 23:00:00','2015-12-09 00:47:23','2015-12-11 14:47:49',NULL),(109,2,110,'Chemical Engineering','Universidad de Granada','2012-08-31 22:00:00','2017-08-31 22:00:00','2015-12-09 00:47:23','2015-12-11 15:53:46',NULL),(110,2,97,'Professional Grade Music','\"Andrés Segovia\" Music School, Linares','2005-08-31 22:00:00','2015-04-30 22:00:00','2015-12-09 00:47:23','2015-12-11 15:24:48',NULL),(111,2,97,'BA In Music Instrumentals, Bassoon','\"Victoria Eugenia\"','2015-08-31 22:00:00','2018-05-31 22:00:00','2015-12-09 00:47:23','2015-12-11 15:23:52',NULL),(112,2,117,'Master in Computer Application','University of Madras','2005-02-28 23:00:00','2007-03-31 22:00:00','2015-12-09 00:47:23','2015-12-11 16:11:45',NULL),(113,2,119,'Bilingual Primary Education Teaching Trainning ','University of Granada','2012-08-31 22:00:00','2016-06-30 22:00:00','2015-12-09 00:47:23','2015-12-11 16:24:26',NULL),(114,2,119,'Monitora de Ocio y Tiempo Libre','-','2013-01-31 23:00:00','2013-06-30 22:00:00','2015-12-09 00:47:23','2015-12-11 16:24:12',NULL),(115,2,119,'RCP Y Desfibrillator','.','2014-10-31 23:00:00','2014-10-31 23:00:00','2015-12-09 00:47:23','2015-12-11 16:24:00',NULL),(116,2,119,'ISEIand ISEII English','TRINITY','2015-05-31 22:00:00','2015-12-10 23:00:00','2015-12-09 00:47:23','2015-12-11 16:23:12',NULL),(117,2,119,'A1 and A2 French','DELF','2015-01-31 23:00:00','2015-12-10 23:00:00','2015-12-09 00:47:23','2015-12-11 16:22:58',NULL),(118,2,119,'Sociocultural Monitoring','.','2015-06-30 22:00:00','2015-12-10 23:00:00','2015-12-09 00:47:23','2015-12-11 16:22:54',NULL),(119,2,122,'Risk prevention in laboral work (FP)','IES Hermenegildo Lanz','2012-08-31 22:00:00','2015-08-31 22:00:00','2015-12-09 00:47:23','2015-12-11 16:32:15',NULL),(120,2,105,'Grade Infantil Education','Facultad Ciencias Educacion','2011-08-31 22:00:00','2015-05-31 22:00:00','2015-12-09 00:47:23','2015-12-11 15:45:54',NULL),(121,2,153,'Medicine','University of Granada','2011-08-31 22:00:00','2017-04-30 22:00:00','2015-12-09 00:47:23','2015-12-15 14:04:51',NULL),(122,2,134,'MEng Civil Engineering','ETS Ingenierí­a de Caminos, Canales y Puertos. Universidad de Granada','2009-08-31 22:00:00','2015-05-31 22:00:00','2015-12-09 00:47:23','2015-12-11 17:20:08',NULL),(123,2,135,'Biochemistry','University of Granada','2010-08-31 22:00:00','2014-06-30 22:00:00','2015-12-09 00:47:23','2015-12-15 10:47:56',NULL),(124,2,135,'Master Degree in Biotechnology','University of Granada','2014-08-31 22:00:00','2015-06-30 22:00:00','2015-12-09 00:47:23','2015-12-15 10:48:11',NULL),(125,2,135,'Master Degree in Microbiology','University of Granada','2015-08-31 22:00:00','2016-05-31 22:00:00','2015-12-09 00:47:23','2015-12-15 10:47:37',NULL),(126,2,62,'BA in International Culture and Management','Cologne Business School','2013-08-31 22:00:00','2016-04-30 22:00:00','2015-12-09 00:47:23','2015-12-11 13:50:22',NULL),(127,2,62,'Semester Abroad','Copenhagen Business School','2015-07-31 22:00:00','2015-12-31 23:00:00','2015-12-09 00:47:23','2015-12-11 13:50:04',NULL),(128,2,170,'Administración y Dirección de Empresas/Business Administration','Universidad de Huelva','2012-09-30 22:00:00','2015-08-31 22:00:00','2015-12-09 00:47:23','2015-12-15 15:04:29',NULL),(129,2,170,'Ciencias Empresariales/Accounting and Finances','Universidad de Granada','2009-08-31 22:00:00','2012-08-31 22:00:00','2015-12-09 00:47:23','2015-12-15 15:03:54',NULL),(130,2,170,'Turismo/Tourism Management','Universidad de Huelva','2012-09-30 22:00:00','2016-05-31 22:00:00','2015-12-09 00:47:23','2015-12-15 15:03:28',NULL),(131,2,178,'High school-bilingual','Czech-Spanish bilingual institute','2008-08-31 22:00:00','2014-05-31 22:00:00','2015-12-09 00:47:23','2015-12-15 15:21:59',NULL),(132,2,178,'Study year in Italy','Liceo Virgilio','2012-08-31 22:00:00','2013-05-31 22:00:00','2015-12-09 00:47:23','2015-12-15 15:21:34',NULL),(133,2,178,'Bachelor degree-International Trade (paused)','University of economics, Prague','2014-08-31 22:00:00','2015-05-31 22:00:00','2015-12-09 00:47:23','2015-12-15 15:21:23',NULL),(134,2,178,'AP Degree in Service, Hospitality and Tourism Management','ZIBAT','2015-08-31 22:00:00','2017-05-31 22:00:00','2015-12-09 00:47:23','2015-12-15 15:21:15',NULL),(135,2,144,'Modern Languages (Chinese and Japanese) and their literatures ','University of Granada (UGR)','2012-08-31 22:00:00','2016-06-30 22:00:00','2015-12-09 00:47:23','2015-12-15 12:27:13',NULL),(136,2,98,'Psychology','Universidad de Guanajuato, México','2011-07-31 22:00:00','2016-08-31 22:00:00','2015-12-09 00:47:23','2015-12-11 15:28:49',NULL),(137,2,98,'Human Resources','Universidad de Granada, EspaÃ±a',NULL,NULL,'2015-12-09 00:47:23','2015-12-09 00:47:23',NULL),(138,2,123,'Baccalaureate of Granada','IES ARICEL','2014-08-31 22:00:00','2015-05-31 22:00:00','2015-12-09 00:47:23','2015-12-11 16:35:53',NULL),(139,2,109,'Marketing','University of Granada','2012-08-31 22:00:00','2016-05-31 22:00:00','2015-12-09 00:47:23','2015-12-11 15:52:10',NULL),(140,2,106,'Hight school graduate ','Secondary School José Martí­n Recuerda','2012-08-31 22:00:00','2014-05-31 22:00:00','2015-12-09 00:47:23','2015-12-11 15:48:18',NULL),(141,2,185,'Bachelor of Mechanical Engineering','EPSA','2012-08-31 22:00:00','2015-08-31 22:00:00','2015-12-09 00:47:23','2015-12-16 10:47:53',NULL),(142,2,185,'MSc in Materials Technology','AAU','2015-08-31 22:00:00','2017-05-31 22:00:00','2015-12-09 00:47:23','2015-12-16 10:47:27',NULL),(143,2,186,'Executive MBA','Preston University','1999-07-31 22:00:00','2000-07-31 22:00:00','2015-12-09 00:47:23','2015-12-16 10:54:34',NULL),(144,2,186,'Master of Science in Mechatronics ','FH aachen Germany','2001-09-30 22:00:00','2004-12-31 23:00:00','2015-12-09 00:47:23','2015-12-16 10:54:15',NULL),(145,2,186,'PhD in System Design','Aalborg University Denmark','2010-05-31 22:00:00','2014-12-31 23:00:00','2015-12-09 00:47:23','2015-12-16 10:53:57',NULL),(146,2,187,'BSc. Economy and Management / Marketing','University of Economy and Management, Prague, Czech Republic','2011-08-31 22:00:00','2015-05-31 22:00:00','2015-12-09 00:47:23','2015-12-16 12:34:09',NULL),(147,2,187,'MSc. International Marketing','Aalborg University, Denmark','2015-08-31 22:00:00','2017-05-31 22:00:00','2015-12-09 00:47:23','2015-12-16 12:33:58',NULL),(148,2,132,'Building Engineering','Building Engineering Hight Technical College','2011-08-31 22:00:00','2015-08-31 22:00:00','2015-12-09 00:47:23','2015-12-11 17:07:28',NULL),(149,2,132,'Master in Security and Management in Buildings','Escuela Internacional de Posgrado','2015-12-10 23:00:00','2015-12-10 23:00:00','2015-12-09 00:47:23','2015-12-11 17:07:16',NULL),(150,2,146,'Computing Engineering','University of Naples Federico II','2008-08-31 22:00:00','2016-08-31 22:00:00','2015-12-09 00:47:23','2015-12-15 12:32:48',NULL),(151,2,159,'Medicine','Universidad de Granada','2011-08-31 22:00:00','2017-05-31 22:00:00','2015-12-09 00:47:23','2015-12-15 14:39:27',NULL),(152,2,177,'Bachelor - Multimedia Design and Communication','Zealand Institute of Business and Technology','2014-07-31 22:00:00','2017-06-30 22:00:00','2015-12-09 00:47:23','2015-12-15 15:12:19',NULL),(153,2,195,'BSc Environmental Sciences','Universidad Autonoma de Madrid','2009-08-31 22:00:00','2014-06-30 22:00:00','2015-12-09 00:47:23','2015-12-16 12:49:05',NULL),(154,2,195,'MSc Environmental Engineering','Danish Technical University','2014-08-31 22:00:00','2016-05-31 22:00:00','2015-12-09 00:47:23','2015-12-16 12:48:44',NULL),(155,2,198,'Msc Engineering in Bioinformatics and Systems Biology','DTU (Technical University of Denmark)','2015-07-31 22:00:00','2017-06-30 22:00:00','2015-12-09 00:47:23','2015-12-16 12:57:36',NULL),(156,2,198,'Bsc in Molecular Biology and Genetics','DUTH (Democritus University of Thrace)','2011-08-31 22:00:00','2015-06-30 22:00:00','2015-12-09 00:47:23','2015-12-16 12:57:25',NULL),(157,2,202,'Graduate in economics','University of Granada','2012-08-31 22:00:00','2016-05-31 22:00:00','2015-12-09 00:47:24','2015-12-16 13:03:11',NULL),(158,2,206,'BSc in Mechanical Engineering ','Lodz  University of Technology ','2010-09-30 22:00:00','2015-01-31 23:00:00','2015-12-09 00:47:24','2015-12-16 13:13:06',NULL),(159,2,206,'MSc In Wind Energy','Technical University in Denmark ','2015-08-31 22:00:00','2017-05-31 22:00:00','2015-12-09 00:47:24','2015-12-16 13:12:55',NULL),(160,2,209,'Study abroad','Ballenas Secondary School, Canada','2009-12-31 23:00:00','2010-05-31 22:00:00','2015-12-09 00:47:24','2015-12-16 13:22:58',NULL),(161,2,209,'Abitur','Franziskanergymnasium Kreuzburg','2004-05-31 22:00:00','2013-05-31 22:00:00','2015-12-09 00:47:24','2015-12-16 13:22:31',NULL),(162,2,209,'Bachelor of Arts in International Culture and Management','Cologne Business School','2013-08-31 22:00:00','2016-07-31 22:00:00','2015-12-09 00:47:24','2015-12-16 13:21:39',NULL),(163,2,209,'Semester abroad','Dublin Business School','2015-08-31 22:00:00','2015-11-30 23:00:00','2015-12-09 00:47:24','2015-12-16 13:20:29',NULL),(164,2,215,'Master of Computer Science','Department of Computer Science, University of Copenhagen (DIKU)','2012-08-31 22:00:00','2015-07-31 22:00:00','2015-12-09 14:21:02','2015-12-09 14:21:02',NULL),(165,2,217,'Test','Foobar','2014-12-31 23:00:00','2015-12-08 23:00:00','2015-12-09 16:39:12','2015-12-09 16:39:12',NULL),(166,1,217,'Foo','baz','2015-12-08 23:00:00','2015-12-08 23:00:00','2015-12-09 16:41:23','2015-12-09 16:41:23',NULL),(167,2,6,'Bachelor of Engineering (Architectural Engineering)','Technical University of Denmark (DTU)','2009-08-31 22:00:00','2012-12-31 23:00:00','2015-12-15 13:24:28','2015-12-16 13:14:17',NULL),(168,1,6,'Project Coordinator','Kvorning Design & Kommunikation','2015-03-31 22:00:00','2015-04-30 22:00:00','2015-12-15 13:32:29','2016-01-12 08:28:13','2016-01-12 08:28:13'),(169,1,6,'Project Coordinator','Kvorning Design & Kommunikation','2015-03-31 22:00:00',NULL,'2015-12-15 15:56:36','2016-01-12 08:28:28',NULL),(170,2,220,'M.Sc. in IT','Sharif Ind. tech','2009-08-31 22:00:00','2011-01-31 23:00:00','2015-12-15 16:08:08','2015-12-15 16:08:08',NULL),(171,2,220,'B.Sc. in Computer Engineering (Software)','Islamic Azad University of Lahijan, Iran','2004-10-31 23:00:00','2006-08-31 22:00:00','2015-12-15 16:09:43','2015-12-15 16:09:43',NULL),(172,2,220,'A.Sc in Computer Science','Jihad Daneshgahi, Rasht, Iran','2004-10-31 23:00:00','2006-08-31 22:00:00','2015-12-15 16:11:02','2015-12-15 16:11:02',NULL),(173,1,220,'IT Developer','Mozhi Consulting, Copenhagen, Denmark','2015-05-31 22:00:00','2006-08-31 22:00:00','2015-12-15 16:12:16','2015-12-15 16:12:16',NULL),(174,1,220,'Technical Assistant','Green House Hardware, Rasht, Iran','2014-02-28 23:00:00','2014-09-30 22:00:00','2015-12-15 16:13:24','2015-12-15 16:13:24',NULL),(175,1,220,'Instructor','Aptech Institute and Elm-o-Farhang University Rasht, Iran','2013-12-31 23:00:00','2014-11-30 23:00:00','2015-12-15 16:14:12','2015-12-15 16:14:12',NULL),(176,1,220,'IT Developer','Naslfarda Samanehsazan, Rasht, Iran','2012-01-31 23:00:00','2013-03-31 22:00:00','2015-12-15 16:15:02','2015-12-15 16:15:02',NULL),(177,1,220,'IT Technician','Proserv Iran, Kish, Iran','2011-09-30 22:00:00','2012-12-31 23:00:00','2015-12-15 16:16:54','2015-12-15 16:16:54',NULL),(178,1,220,'IT Technician','Proserv Iran, Kish, Iran','2011-09-30 22:00:00','2012-12-31 23:00:00','2015-12-15 16:17:59','2015-12-15 16:17:59',NULL),(179,2,222,'Geophysicist','Ivano-Frankivsk State Technical University of Oil and Gas , Ukraine','1993-07-31 22:00:00','1998-06-30 22:00:00','2015-12-27 21:25:39','2015-12-27 21:25:39',NULL),(180,1,222,'Geophysics Coordinator','Maersk Oil','2008-02-29 23:00:00','2015-11-30 23:00:00','2015-12-27 21:26:40','2015-12-27 21:26:40',NULL),(181,1,222,'Team lead','Tykafurlux, Ukraine','2001-02-28 23:00:00','2003-05-31 22:00:00','2015-12-27 21:28:31','2015-12-27 21:28:31',NULL),(182,1,222,'Team lead','Tykafurlux, Ukraine','2001-02-28 23:00:00','2003-05-31 22:00:00','2015-12-27 21:29:53','2015-12-27 21:29:53',NULL),(183,1,216,'aaa','bbb','2016-01-05 23:00:00','2016-11-30 23:00:00','2016-01-06 13:12:15','2016-01-06 13:12:33','2016-01-06 13:12:33'),(184,1,6,'test','test','2016-01-05 23:00:00','2016-01-05 23:00:00','2016-01-06 15:17:00','2016-01-06 15:17:11','2016-01-06 15:17:11'),(185,2,6,'test','test','2016-01-05 23:00:00','2016-01-05 23:00:00','2016-01-06 15:17:20','2016-01-06 15:17:41','2016-01-06 15:17:41'),(186,1,242,'Social Media Manager','Kongskilde Industries A/S','2016-01-19 23:00:00',NULL,'2016-01-20 13:56:59','2016-01-20 13:56:59',NULL),(187,1,242,'Founder','Wallyy','2014-08-31 22:00:00',NULL,'2016-01-20 13:58:14','2016-01-20 13:58:14',NULL),(188,2,242,'Bachelor in International Sales & Marketing','Zealand Institute of Business & Technology','2011-08-31 22:00:00','2014-12-31 23:00:00','2016-01-20 14:05:10','2016-01-20 14:05:10',NULL),(189,2,242,'Bachelor in International Sales & Marketing','Santa Rosa Junior College','2013-12-31 23:00:00','2014-05-31 22:00:00','2016-01-20 14:05:50','2016-01-20 14:05:50',NULL),(190,1,225,'Constructor','KphByg','2014-05-31 22:00:00','2015-06-30 22:00:00','2016-01-21 14:28:36','2016-01-21 14:28:36',NULL),(191,1,225,'Structural Engineering Intern','Ramboll','2012-10-31 23:00:00','2013-01-31 23:00:00','2016-01-21 14:29:27','2016-01-21 14:29:27',NULL),(192,1,225,'Volunteering tutor','Tutor Society','2011-01-31 23:00:00','2013-12-31 23:00:00','2016-01-21 14:30:39','2016-01-21 14:30:39',NULL),(193,1,225,'Summer school intern','Building Tomorrow','2013-05-31 22:00:00','2014-07-31 22:00:00','2016-01-21 14:31:30','2016-01-21 14:31:30',NULL),(194,2,225,'B.Eng in Civil Engineering','VIA University College','2015-08-31 22:00:00',NULL,'2016-01-21 14:32:09','2016-01-21 14:36:06',NULL),(195,2,225,'M.Sc in Civil Engineering','Technological University of Denmark','2015-08-31 22:00:00','2017-06-30 22:00:00','2016-01-21 14:32:57','2016-01-21 14:32:57',NULL),(196,2,253,'Master\'s Program in Indsustrial Management','University of Vaasa','2014-08-31 22:00:00',NULL,'2016-02-06 11:57:47','2016-02-06 11:57:59','2016-02-06 11:57:59'),(197,2,253,'Master\'s Programme in Indurstrial Management','University of Vaasa','2014-08-31 22:00:00',NULL,'2016-02-06 11:59:02','2016-02-06 12:22:36','2016-02-06 12:22:36'),(198,2,253,'Bachelor of Economics and Business Administration, Majoring in International Marketing and Minoring in Accountingr','Handelshögskolan vid Åbo Akademi','2010-08-31 22:00:00','2014-01-31 23:00:00','2016-02-06 12:01:16','2016-02-06 12:01:27','2016-02-06 12:01:27'),(199,2,253,'Master of Economics and Business Administration, Major: International Marketing Minor: Accounting','Handelshögskolan vid Åbo Akademi','2010-08-31 22:00:00','2014-01-31 23:00:00','2016-02-06 12:02:33','2016-02-06 12:02:48','2016-02-06 12:02:48'),(200,2,253,'Bachelor of Economics and Business Administration  Major: International Marketing              Minor: Accounting','Handelshögskolan vid Åbo Akademi','2010-08-31 22:00:00','2014-01-31 23:00:00','2016-02-06 12:04:03','2016-02-06 12:04:16','2016-02-06 12:04:16'),(201,2,253,'Bachelor of Economics and Business Administration  Major: International Marketing, Minor: Accounting','Handelshögskolan vid Åbo Akademi','2010-08-31 22:00:00','2014-01-31 23:00:00','2016-02-06 12:05:19','2016-02-06 12:22:42','2016-02-06 12:22:42'),(202,1,253,'Group Service Center Trainee','VEO Oy','2014-04-30 22:00:00','2014-07-31 22:00:00','2016-02-06 12:06:19','2016-02-06 12:06:19',NULL),(203,1,253,'Summer Employee at the Finance Department','Vaasa Hospital District','2013-04-30 22:00:00','2014-07-31 22:00:00','2016-02-06 12:07:38','2016-02-06 12:07:44','2016-02-06 12:07:44'),(204,1,253,'Summer Employee at the Finance Department','Vaasa Hospital District','2013-04-30 22:00:00','2013-07-31 22:00:00','2016-02-06 12:08:29','2016-02-06 12:08:29',NULL),(205,1,253,'Tourist Informator','The City of Vaasa','2012-04-30 22:00:00','2012-07-31 22:00:00','2016-02-06 12:09:14','2016-02-06 12:09:14',NULL),(206,1,253,'Substitute for Child Care Professional','Strandsvalans Daghemsförening','2011-04-30 22:00:00','2011-07-31 22:00:00','2016-02-06 12:10:22','2016-02-06 12:10:22',NULL),(207,1,6,'Co-founder','ANAN','2013-08-31 22:00:00',NULL,'2016-02-12 17:22:17','2016-02-12 17:22:17',NULL),(208,1,6,'Co-founder','CVideon','2015-04-30 22:00:00',NULL,'2016-02-12 17:22:45','2016-02-12 17:22:45',NULL),(209,2,6,'MS.c. Lighting Design','Queensland University of Technology (QUT)','2014-01-31 23:00:00','2014-05-31 22:00:00','2016-02-12 17:23:39','2016-02-12 17:23:59','2016-02-12 17:23:59'),(210,2,6,'MSc. Lighting Design (exchange semester)','Queensland University of Technology, Australia','2014-01-31 23:00:00','2014-05-31 22:00:00','2016-02-12 17:24:49','2016-02-12 17:24:49',NULL);
/*!40000 ALTER TABLE `experiences` ENABLE KEYS */;
UNLOCK TABLES;

--
-- Table structure for table `language_user`
--

DROP TABLE IF EXISTS `language_user`;
/*!40101 SET @saved_cs_client     = @@character_set_client */;
/*!40101 SET character_set_client = utf8 */;
CREATE TABLE `language_user` (
  `id` int(10) unsigned NOT NULL AUTO_INCREMENT,
  `language_id` int(10) unsigned NOT NULL,
  `user_id` int(10) unsigned NOT NULL,
  PRIMARY KEY (`id`),
  KEY `language_user_language_id_index` (`language_id`),
  KEY `language_user_user_id_index` (`user_id`),
  CONSTRAINT `language_user_language_id_foreign` FOREIGN KEY (`language_id`) REFERENCES `languages` (`id`) ON DELETE CASCADE,
  CONSTRAINT `language_user_user_id_foreign` FOREIGN KEY (`user_id`) REFERENCES `users` (`id`) ON DELETE CASCADE
) ENGINE=InnoDB AUTO_INCREMENT=371 DEFAULT CHARSET=utf8 COLLATE=utf8_unicode_ci;
/*!40101 SET character_set_client = @saved_cs_client */;

--
-- Dumping data for table `language_user`
--

LOCK TABLES `language_user` WRITE;
/*!40000 ALTER TABLE `language_user` DISABLE KEYS */;
INSERT INTO `language_user` VALUES (1,38,2),(2,38,3),(3,38,4),(4,32,6),(5,38,6),(6,38,7),(7,32,11),(8,38,11),(9,48,11),(10,38,14),(11,131,14),(12,38,15),(13,32,16),(14,38,16),(15,48,16),(16,38,17),(17,32,18),(18,38,18),(19,98,18),(20,136,18),(21,38,19),(22,38,21),(23,73,21),(24,38,23),(25,32,24),(26,38,24),(27,8,26),(28,38,26),(29,33,27),(30,38,27),(31,73,27),(32,38,28),(33,98,28),(34,136,28),(35,38,29),(36,15,30),(37,32,30),(38,33,30),(39,38,30),(40,32,32),(41,38,32),(42,32,35),(43,38,35),(44,33,36),(45,38,36),(46,118,36),(47,154,36),(48,32,37),(49,38,37),(50,4,38),(51,38,38),(52,38,39),(53,62,39),(54,32,40),(55,38,40),(56,33,43),(57,38,43),(58,38,45),(59,73,45),(60,32,49),(61,38,49),(62,38,55),(63,33,58),(64,38,58),(65,48,58),(66,57,58),(67,33,62),(68,38,62),(69,48,62),(70,38,63),(71,32,70),(72,38,70),(73,58,70),(74,157,70),(75,32,73),(76,38,73),(77,105,73),(78,108,73),(79,156,73),(80,32,75),(81,38,75),(82,48,75),(83,32,79),(84,38,79),(85,38,82),(86,32,83),(87,38,83),(88,38,85),(89,38,87),(90,38,88),(91,38,89),(92,38,90),(93,38,91),(94,38,92),(95,38,93),(96,48,93),(97,73,93),(98,75,93),(99,38,94),(100,38,95),(101,38,96),(102,38,97),(103,38,98),(104,48,98),(105,38,99),(106,38,100),(107,33,101),(108,38,101),(109,48,101),(110,73,101),(111,38,102),(112,38,103),(113,38,104),(114,38,105),(115,38,107),(116,38,109),(117,38,113),(118,38,115),(119,38,116),(120,38,117),(121,58,117),(122,105,117),(123,156,117),(124,38,118),(125,38,119),(126,38,120),(127,38,121),(128,38,122),(129,38,123),(130,48,123),(131,38,124),(132,38,125),(133,38,126),(134,38,127),(135,38,128),(136,38,129),(137,131,129),(138,38,130),(139,73,130),(140,38,131),(141,48,131),(142,38,132),(143,38,133),(144,38,134),(145,38,135),(146,8,136),(147,38,136),(148,48,136),(149,33,137),(150,38,137),(151,38,138),(152,38,139),(153,38,140),(154,38,141),(155,48,141),(156,38,142),(157,38,143),(158,48,143),(159,38,144),(160,75,144),(161,183,144),(162,38,146),(163,73,146),(164,38,147),(165,48,147),(166,38,148),(167,38,149),(168,8,150),(169,38,150),(170,48,150),(171,38,151),(172,38,152),(173,38,153),(174,38,154),(175,183,154),(176,38,155),(177,48,155),(178,73,155),(179,183,155),(180,33,156),(181,38,156),(182,48,156),(183,38,157),(184,38,159),(185,38,160),(186,8,161),(187,38,161),(188,48,161),(189,38,162),(190,38,163),(191,38,164),(192,48,164),(193,38,165),(194,33,170),(195,38,170),(196,8,176),(197,38,176),(198,48,176),(199,38,177),(200,28,178),(201,38,178),(202,73,178),(203,38,180),(204,38,182),(205,73,182),(206,33,184),(207,38,184),(208,48,184),(209,136,184),(210,38,185),(211,38,186),(212,58,186),(213,38,187),(214,73,187),(215,144,187),(216,38,189),(217,58,189),(218,172,189),(219,38,191),(220,38,193),(221,38,195),(222,33,197),(223,38,197),(224,33,198),(225,38,198),(226,33,199),(227,38,199),(228,38,202),(229,33,206),(230,38,206),(231,129,206),(233,28,208),(234,38,208),(235,62,208),(236,144,208),(237,33,209),(238,38,209),(239,48,209),(240,32,210),(241,40,4),(242,40,7),(243,40,14),(244,40,15),(245,48,15),(246,40,27),(247,40,3),(248,48,36),(249,32,215),(250,38,215),(251,38,217),(252,37,43),(253,183,49),(254,1,219),(255,40,83),(256,40,84),(257,40,87),(258,40,88),(259,40,89),(260,40,91),(261,40,92),(262,40,94),(263,40,95),(264,40,96),(265,40,98),(266,40,99),(267,40,100),(268,40,101),(269,40,102),(270,40,103),(271,40,104),(272,40,105),(273,38,106),(274,40,106),(275,40,107),(276,40,109),(277,38,110),(278,40,110),(279,40,113),(280,40,115),(281,40,118),(282,40,119),(283,40,120),(284,40,121),(285,40,122),(286,40,123),(287,40,124),(288,40,126),(289,40,127),(290,48,127),(291,40,128),(292,73,129),(293,131,130),(294,40,131),(295,40,132),(296,40,133),(297,38,201),(298,40,201),(299,40,135),(300,40,136),(301,40,137),(302,40,139),(303,40,140),(304,40,141),(305,40,142),(306,40,143),(307,40,144),(308,33,145),(309,38,145),(310,40,145),(311,40,146),(312,40,147),(313,40,148),(314,40,149),(315,40,150),(316,57,150),(317,40,151),(318,40,152),(319,40,153),(320,40,154),(321,116,155),(322,116,156),(323,40,157),(324,38,158),(325,40,158),(326,48,158),(327,136,158),(328,40,159),(329,8,160),(330,40,160),(331,48,160),(332,40,161),(333,40,162),(334,40,163),(335,23,164),(336,40,164),(337,40,165),(338,48,165),(339,33,167),(340,38,167),(341,40,167),(342,40,170),(343,40,176),(344,40,177),(345,40,178),(346,32,220),(347,38,220),(348,43,220),(349,48,182),(350,23,185),(351,40,185),(352,40,191),(353,40,195),(354,40,197),(355,37,198),(356,40,202),(357,32,222),(358,38,222),(359,136,222),(360,171,222),(361,32,225),(362,38,225),(363,98,225),(364,38,231),(365,32,253),(366,33,253),(367,38,253),(368,45,253),(369,118,253),(370,154,253);
/*!40000 ALTER TABLE `language_user` ENABLE KEYS */;
UNLOCK TABLES;

--
-- Table structure for table `languages`
--

DROP TABLE IF EXISTS `languages`;
/*!40101 SET @saved_cs_client     = @@character_set_client */;
/*!40101 SET character_set_client = utf8 */;
CREATE TABLE `languages` (
  `id` int(10) unsigned NOT NULL AUTO_INCREMENT,
  `name` varchar(255) COLLATE utf8_unicode_ci NOT NULL,
  `locale` varchar(255) COLLATE utf8_unicode_ci NOT NULL,
  `created_at` timestamp NOT NULL DEFAULT '0000-00-00 00:00:00',
  `updated_at` timestamp NOT NULL DEFAULT '0000-00-00 00:00:00',
  `deleted_at` timestamp NULL DEFAULT NULL,
  PRIMARY KEY (`id`)
) ENGINE=InnoDB AUTO_INCREMENT=185 DEFAULT CHARSET=utf8 COLLATE=utf8_unicode_ci;
/*!40101 SET character_set_client = @saved_cs_client */;

--
-- Dumping data for table `languages`
--

LOCK TABLES `languages` WRITE;
/*!40000 ALTER TABLE `languages` DISABLE KEYS */;
INSERT INTO `languages` VALUES (1,'Afar','aa','2015-12-09 00:46:48','2015-12-09 00:46:48',NULL),(2,'Abkhazian','ab','2015-12-09 00:46:48','2015-12-09 00:46:48',NULL),(3,'Avestan','ae','2015-12-09 00:46:48','2015-12-09 00:46:48',NULL),(4,'Afrikaans','af','2015-12-09 00:46:48','2015-12-09 00:46:48',NULL),(5,'Akan','ak','2015-12-09 00:46:48','2015-12-09 00:46:48',NULL),(6,'Amharic','am','2015-12-09 00:46:48','2015-12-09 00:46:48',NULL),(7,'Aragonese','an','2015-12-09 00:46:48','2015-12-09 00:46:48',NULL),(8,'Arabic','ar','2015-12-09 00:46:48','2015-12-09 00:46:48',NULL),(9,'Assamese','as','2015-12-09 00:46:48','2015-12-09 00:46:48',NULL),(10,'Avaric','av','2015-12-09 00:46:48','2015-12-09 00:46:48',NULL),(11,'Aymara','ay','2015-12-09 00:46:48','2015-12-09 00:46:48',NULL),(12,'Azerbaijani','az','2015-12-09 00:46:48','2015-12-09 00:46:48',NULL),(13,'Bashkir','ba','2015-12-09 00:46:48','2015-12-09 00:46:48',NULL),(14,'Belarusian','be','2015-12-09 00:46:48','2015-12-09 00:46:48',NULL),(15,'Bulgarian','bg','2015-12-09 00:46:48','2015-12-09 00:46:48',NULL),(16,'Bihari languages','bh','2015-12-09 00:46:48','2015-12-09 00:46:48',NULL),(17,'Bislama','bi','2015-12-09 00:46:48','2015-12-09 00:46:48',NULL),(18,'Bambara','bm','2015-12-09 00:46:48','2015-12-09 00:46:48',NULL),(19,'Bengali','bn','2015-12-09 00:46:48','2015-12-09 00:46:48',NULL),(20,'Tibetan','bo','2015-12-09 00:46:48','2015-12-09 00:46:48',NULL),(21,'Breton','br','2015-12-09 00:46:48','2015-12-09 00:46:48',NULL),(22,'Bosnian','bs','2015-12-09 00:46:48','2015-12-09 00:46:48',NULL),(23,'Catalan; Valencian','ca','2015-12-09 00:46:48','2015-12-09 00:46:48',NULL),(24,'Chechen','ce','2015-12-09 00:46:48','2015-12-09 00:46:48',NULL),(25,'Chamorro','ch','2015-12-09 00:46:48','2015-12-09 00:46:48',NULL),(26,'Corsican','co','2015-12-09 00:46:48','2015-12-09 00:46:48',NULL),(27,'Cree','cr','2015-12-09 00:46:48','2015-12-09 00:46:48',NULL),(28,'Czech','cs','2015-12-09 00:46:48','2015-12-09 00:46:48',NULL),(29,'Church Slavic; Old Slavonic; Church Slavonic; Old Bulgarian; Old Church Slavonic','cu','2015-12-09 00:46:48','2015-12-09 00:46:48',NULL),(30,'Chuvash','cv','2015-12-09 00:46:48','2015-12-09 00:46:48',NULL),(31,'Welsh','cy','2015-12-09 00:46:48','2015-12-09 00:46:48',NULL),(32,'Danish','da','2015-12-09 00:46:48','2015-12-09 00:46:48',NULL),(33,'German','de','2015-12-09 00:46:48','2015-12-09 00:46:48',NULL),(34,'Divehi; Dhivehi; Maldivian','dv','2015-12-09 00:46:48','2015-12-09 00:46:48',NULL),(35,'Dzongkha','dz','2015-12-09 00:46:48','2015-12-09 00:46:48',NULL),(36,'Ewe','ee','2015-12-09 00:46:48','2015-12-09 00:46:48',NULL),(37,'Greek','el','2015-12-09 00:46:48','2015-12-09 00:46:48',NULL),(38,'English','en','2015-12-09 00:46:48','2015-12-09 00:46:48',NULL),(39,'Esperanto','eo','2015-12-09 00:46:48','2015-12-09 00:46:48',NULL),(40,'Spanish','es','2015-12-09 00:46:48','2015-12-09 00:46:48',NULL),(41,'Estonian','et','2015-12-09 00:46:48','2015-12-09 00:46:48',NULL),(42,'Basque','eu','2015-12-09 00:46:48','2015-12-09 00:46:48',NULL),(43,'Persian','fa','2015-12-09 00:46:48','2015-12-09 00:46:48',NULL),(44,'Fulah','ff','2015-12-09 00:46:48','2015-12-09 00:46:48',NULL),(45,'Finnish','fi','2015-12-09 00:46:48','2015-12-09 00:46:48',NULL),(46,'Fijian','fj','2015-12-09 00:46:48','2015-12-09 00:46:48',NULL),(47,'Faroese','fo','2015-12-09 00:46:48','2015-12-09 00:46:48',NULL),(48,'French','fr','2015-12-09 00:46:48','2015-12-09 00:46:48',NULL),(49,'Western Frisian','fy','2015-12-09 00:46:48','2015-12-09 00:46:48',NULL),(50,'Irish','ga','2015-12-09 00:46:48','2015-12-09 00:46:48',NULL),(51,'Gaelic; Scottish Gaelic','gd','2015-12-09 00:46:48','2015-12-09 00:46:48',NULL),(52,'Galician','gl','2015-12-09 00:46:48','2015-12-09 00:46:48',NULL),(53,'Guarani','gn','2015-12-09 00:46:48','2015-12-09 00:46:48',NULL),(54,'Gujarati','gu','2015-12-09 00:46:48','2015-12-09 00:46:48',NULL),(55,'Manx','gv','2015-12-09 00:46:48','2015-12-09 00:46:48',NULL),(56,'Hausa','ha','2015-12-09 00:46:48','2015-12-09 00:46:48',NULL),(57,'Hebrew','he','2015-12-09 00:46:48','2015-12-09 00:46:48',NULL),(58,'Hindi','hi','2015-12-09 00:46:48','2015-12-09 00:46:48',NULL),(59,'Hiri Motu','ho','2015-12-09 00:46:48','2015-12-09 00:46:48',NULL),(60,'Croatian','hr','2015-12-09 00:46:48','2015-12-09 00:46:48',NULL),(61,'Haitian; Haitian Creole','ht','2015-12-09 00:46:48','2015-12-09 00:46:48',NULL),(62,'Hungarian','hu','2015-12-09 00:46:48','2015-12-09 00:46:48',NULL),(63,'Armenian','hy','2015-12-09 00:46:48','2015-12-09 00:46:48',NULL),(64,'Herero','hz','2015-12-09 00:46:48','2015-12-09 00:46:48',NULL),(65,'Interlingua (International Auxiliary Language Association)','ia','2015-12-09 00:46:48','2015-12-09 00:46:48',NULL),(66,'Indonesian','id','2015-12-09 00:46:48','2015-12-09 00:46:48',NULL),(67,'Interlingue; Occidental','ie','2015-12-09 00:46:48','2015-12-09 00:46:48',NULL),(68,'Igbo','ig','2015-12-09 00:46:48','2015-12-09 00:46:48',NULL),(69,'Sichuan Yi; Nuosu','ii','2015-12-09 00:46:48','2015-12-09 00:46:48',NULL),(70,'Inupiaq','ik','2015-12-09 00:46:48','2015-12-09 00:46:48',NULL),(71,'Ido','io','2015-12-09 00:46:48','2015-12-09 00:46:48',NULL),(72,'Icelandic','is','2015-12-09 00:46:48','2015-12-09 00:46:48',NULL),(73,'Italian','it','2015-12-09 00:46:48','2015-12-09 00:46:48',NULL),(74,'Inuktitut','iu','2015-12-09 00:46:48','2015-12-09 00:46:48',NULL),(75,'Japanese','ja','2015-12-09 00:46:48','2015-12-09 00:46:48',NULL),(76,'Javanese','jv','2015-12-09 00:46:48','2015-12-09 00:46:48',NULL),(77,'Georgian','ka','2015-12-09 00:46:48','2015-12-09 00:46:48',NULL),(78,'Kongo','kg','2015-12-09 00:46:48','2015-12-09 00:46:48',NULL),(79,'Kikuyu; Gikuyu','ki','2015-12-09 00:46:48','2015-12-09 00:46:48',NULL),(80,'Kuanyama; Kwanyama','kj','2015-12-09 00:46:48','2015-12-09 00:46:48',NULL),(81,'Kazakh','kk','2015-12-09 00:46:48','2015-12-09 00:46:48',NULL),(82,'Kalaallisut; Greenlandic','kl','2015-12-09 00:46:48','2015-12-09 00:46:48',NULL),(83,'Central Khmer','km','2015-12-09 00:46:48','2015-12-09 00:46:48',NULL),(84,'Kannada','kn','2015-12-09 00:46:48','2015-12-09 00:46:48',NULL),(85,'Korean','ko','2015-12-09 00:46:48','2015-12-09 00:46:48',NULL),(86,'Kanuri','kr','2015-12-09 00:46:48','2015-12-09 00:46:48',NULL),(87,'Kashmiri','ks','2015-12-09 00:46:48','2015-12-09 00:46:48',NULL),(88,'Kurdish','ku','2015-12-09 00:46:48','2015-12-09 00:46:48',NULL),(89,'Komi','kv','2015-12-09 00:46:48','2015-12-09 00:46:48',NULL),(90,'Cornish','kw','2015-12-09 00:46:48','2015-12-09 00:46:48',NULL),(91,'Kirghiz; Kyrgyz','ky','2015-12-09 00:46:48','2015-12-09 00:46:48',NULL),(92,'Latin','la','2015-12-09 00:46:48','2015-12-09 00:46:48',NULL),(93,'Luxembourgish; Letzeburgesch','lb','2015-12-09 00:46:48','2015-12-09 00:46:48',NULL),(94,'Ganda','lg','2015-12-09 00:46:48','2015-12-09 00:46:48',NULL),(95,'Limburgan; Limburger; Limburgish','li','2015-12-09 00:46:48','2015-12-09 00:46:48',NULL),(96,'Lingala','ln','2015-12-09 00:46:48','2015-12-09 00:46:48',NULL),(97,'Lao','lo','2015-12-09 00:46:48','2015-12-09 00:46:48',NULL),(98,'Lithuanian','lt','2015-12-09 00:46:48','2015-12-09 00:46:48',NULL),(99,'Luba-Katanga','lu','2015-12-09 00:46:48','2015-12-09 00:46:48',NULL),(100,'Latvian','lv','2015-12-09 00:46:48','2015-12-09 00:46:48',NULL),(101,'Malagasy','mg','2015-12-09 00:46:48','2015-12-09 00:46:48',NULL),(102,'Marshallese','mh','2015-12-09 00:46:48','2015-12-09 00:46:48',NULL),(103,'Maori','mi','2015-12-09 00:46:48','2015-12-09 00:46:48',NULL),(104,'Macedonian','mk','2015-12-09 00:46:48','2015-12-09 00:46:48',NULL),(105,'Malayalam','ml','2015-12-09 00:46:48','2015-12-09 00:46:48',NULL),(106,'Mongolian','mn','2015-12-09 00:46:48','2015-12-09 00:46:48',NULL),(107,'Marathi','mr','2015-12-09 00:46:48','2015-12-09 00:46:48',NULL),(108,'Malay','ms','2015-12-09 00:46:48','2015-12-09 00:46:48',NULL),(109,'Maltese','mt','2015-12-09 00:46:48','2015-12-09 00:46:48',NULL),(110,'Burmese','my','2015-12-09 00:46:48','2015-12-09 00:46:48',NULL),(111,'Nauru','na','2015-12-09 00:46:48','2015-12-09 00:46:48',NULL),(112,'Bokmål, Norwegian; Norwegian Bokmål','nb','2015-12-09 00:46:48','2015-12-09 00:46:48',NULL),(113,'Ndebele, North; North Ndebele','nd','2015-12-09 00:46:48','2015-12-09 00:46:48',NULL),(114,'Nepali','ne','2015-12-09 00:46:48','2015-12-09 00:46:48',NULL),(115,'Ndonga','ng','2015-12-09 00:46:48','2015-12-09 00:46:48',NULL),(116,'Dutch; Flemish','nl','2015-12-09 00:46:48','2015-12-09 00:46:48',NULL),(117,'Norwegian Nynorsk; Nynorsk, Norwegian','nn','2015-12-09 00:46:48','2015-12-09 00:46:48',NULL),(118,'Norwegian','no','2015-12-09 00:46:48','2015-12-09 00:46:48',NULL),(119,'Ndebele, South; South Ndebele','nr','2015-12-09 00:46:48','2015-12-09 00:46:48',NULL),(120,'Navajo; Navaho','nv','2015-12-09 00:46:48','2015-12-09 00:46:48',NULL),(121,'Chichewa; Chewa; Nyanja','ny','2015-12-09 00:46:48','2015-12-09 00:46:48',NULL),(122,'Occitan (post 1500); Provençal','oc','2015-12-09 00:46:48','2015-12-09 00:46:48',NULL),(123,'Ojibwa','oj','2015-12-09 00:46:48','2015-12-09 00:46:48',NULL),(124,'Oromo','om','2015-12-09 00:46:48','2015-12-09 00:46:48',NULL),(125,'Oriya','or','2015-12-09 00:46:48','2015-12-09 00:46:48',NULL),(126,'Ossetian; Ossetic','os','2015-12-09 00:46:48','2015-12-09 00:46:48',NULL),(127,'Panjabi; Punjabi','pa','2015-12-09 00:46:48','2015-12-09 00:46:48',NULL),(128,'Pali','pi','2015-12-09 00:46:48','2015-12-09 00:46:48',NULL),(129,'Polish','pl','2015-12-09 00:46:48','2015-12-09 00:46:48',NULL),(130,'Pushto; Pashto','ps','2015-12-09 00:46:48','2015-12-09 00:46:48',NULL),(131,'Portuguese','pt','2015-12-09 00:46:48','2015-12-09 00:46:48',NULL),(132,'Quechua','qu','2015-12-09 00:46:48','2015-12-09 00:46:48',NULL),(133,'Romansh','rm','2015-12-09 00:46:48','2015-12-09 00:46:48',NULL),(134,'Rundi','rn','2015-12-09 00:46:48','2015-12-09 00:46:48',NULL),(135,'Romanian','ro','2015-12-09 00:46:48','2015-12-09 00:46:48',NULL),(136,'Russian','ru','2015-12-09 00:46:48','2015-12-09 00:46:48',NULL),(137,'Kinyarwanda','rw','2015-12-09 00:46:48','2015-12-09 00:46:48',NULL),(138,'Sanskrit','sa','2015-12-09 00:46:48','2015-12-09 00:46:48',NULL),(139,'Sardinian','sc','2015-12-09 00:46:48','2015-12-09 00:46:48',NULL),(140,'Sindhi','sd','2015-12-09 00:46:48','2015-12-09 00:46:48',NULL),(141,'Northern Sami','se','2015-12-09 00:46:48','2015-12-09 00:46:48',NULL),(142,'Sango','sg','2015-12-09 00:46:48','2015-12-09 00:46:48',NULL),(143,'Sinhala; Sinhalese','si','2015-12-09 00:46:48','2015-12-09 00:46:48',NULL),(144,'Slovak','sk','2015-12-09 00:46:48','2015-12-09 00:46:48',NULL),(145,'Slovenian','sl','2015-12-09 00:46:48','2015-12-09 00:46:48',NULL),(146,'Samoan','sm','2015-12-09 00:46:48','2015-12-09 00:46:48',NULL),(147,'Shona','sn','2015-12-09 00:46:48','2015-12-09 00:46:48',NULL),(148,'Somali','so','2015-12-09 00:46:48','2015-12-09 00:46:48',NULL),(149,'Albanian','sq','2015-12-09 00:46:48','2015-12-09 00:46:48',NULL),(150,'Serbian','sr','2015-12-09 00:46:48','2015-12-09 00:46:48',NULL),(151,'Swati','ss','2015-12-09 00:46:48','2015-12-09 00:46:48',NULL),(152,'Sotho, Southern','st','2015-12-09 00:46:48','2015-12-09 00:46:48',NULL),(153,'Sundanese','su','2015-12-09 00:46:48','2015-12-09 00:46:48',NULL),(154,'Swedish','sv','2015-12-09 00:46:48','2015-12-09 00:46:48',NULL),(155,'Swahili','sw','2015-12-09 00:46:48','2015-12-09 00:46:48',NULL),(156,'Tamil','ta','2015-12-09 00:46:48','2015-12-09 00:46:48',NULL),(157,'Telugu','te','2015-12-09 00:46:48','2015-12-09 00:46:48',NULL),(158,'Tajik','tg','2015-12-09 00:46:48','2015-12-09 00:46:48',NULL),(159,'Thai','th','2015-12-09 00:46:48','2015-12-09 00:46:48',NULL),(160,'Tigrinya','ti','2015-12-09 00:46:48','2015-12-09 00:46:48',NULL),(161,'Turkmen','tk','2015-12-09 00:46:48','2015-12-09 00:46:48',NULL),(162,'Tagalog','tl','2015-12-09 00:46:48','2015-12-09 00:46:48',NULL),(163,'Tswana','tn','2015-12-09 00:46:48','2015-12-09 00:46:48',NULL),(164,'Tonga (Tonga Islands)','to','2015-12-09 00:46:48','2015-12-09 00:46:48',NULL),(165,'Turkish','tr','2015-12-09 00:46:48','2015-12-09 00:46:48',NULL),(166,'Tsonga','ts','2015-12-09 00:46:48','2015-12-09 00:46:48',NULL),(167,'Tatar','tt','2015-12-09 00:46:48','2015-12-09 00:46:48',NULL),(168,'Twi','tw','2015-12-09 00:46:48','2015-12-09 00:46:48',NULL),(169,'Tahitian','ty','2015-12-09 00:46:48','2015-12-09 00:46:48',NULL),(170,'Uighur; Uyghur','ug','2015-12-09 00:46:48','2015-12-09 00:46:48',NULL),(171,'Ukrainian','uk','2015-12-09 00:46:48','2015-12-09 00:46:48',NULL),(172,'Urdu','ur','2015-12-09 00:46:48','2015-12-09 00:46:48',NULL),(173,'Uzbek','uz','2015-12-09 00:46:48','2015-12-09 00:46:48',NULL),(174,'Venda','ve','2015-12-09 00:46:48','2015-12-09 00:46:48',NULL),(175,'Vietnamese','vi','2015-12-09 00:46:48','2015-12-09 00:46:48',NULL),(176,'Volapük','vo','2015-12-09 00:46:48','2015-12-09 00:46:48',NULL),(177,'Walloon','wa','2015-12-09 00:46:48','2015-12-09 00:46:48',NULL),(178,'Wolof','wo','2015-12-09 00:46:48','2015-12-09 00:46:48',NULL),(179,'Xhosa','xh','2015-12-09 00:46:48','2015-12-09 00:46:48',NULL),(180,'Yiddish','yi','2015-12-09 00:46:48','2015-12-09 00:46:48',NULL),(181,'Yoruba','yo','2015-12-09 00:46:48','2015-12-09 00:46:48',NULL),(182,'Zhuang; Chuang','za','2015-12-09 00:46:48','2015-12-09 00:46:48',NULL),(183,'Chinese','zh','2015-12-09 00:46:48','2015-12-09 00:46:48',NULL),(184,'Zulu','zu','2015-12-09 00:46:48','2015-12-09 00:46:48',NULL);
/*!40000 ALTER TABLE `languages` ENABLE KEYS */;
UNLOCK TABLES;

--
-- Table structure for table `migrations`
--

DROP TABLE IF EXISTS `migrations`;
/*!40101 SET @saved_cs_client     = @@character_set_client */;
/*!40101 SET character_set_client = utf8 */;
CREATE TABLE `migrations` (
  `migration` varchar(255) COLLATE utf8_unicode_ci NOT NULL,
  `batch` int(11) NOT NULL
) ENGINE=InnoDB DEFAULT CHARSET=utf8 COLLATE=utf8_unicode_ci;
/*!40101 SET character_set_client = @saved_cs_client */;

--
-- Dumping data for table `migrations`
--

LOCK TABLES `migrations` WRITE;
/*!40000 ALTER TABLE `migrations` DISABLE KEYS */;
INSERT INTO `migrations` VALUES ('2014_10_12_000000_create_users_table',1),('2014_10_12_100000_create_password_resets_table',1),('2015_09_07_095310_create_categories_table',1),('2015_09_07_095626_create_countries_table',1),('2015_09_07_095641_create_languages_table',1),('2015_09_07_095657_create_sub_categories_table',1),('2015_09_07_095711_create_companies_table',1),('2015_09_07_095720_create_company_users_table',1),('2015_09_07_133535_add_relations_to_users_table',1),('2015_09_08_112319_create_experience_types_table',1),('2015_09_08_161848_create_experiences_table',1),('2015_09_08_162701_create_tag_types_table',1),('2015_09_08_162707_create_tags_table',1),('2015_09_15_004711_create_videos_table',1),('2015_09_21_100417_create_seekers_table',1),('2016_01_08_114541_cvideon_com',2),('2016_01_14_123930_create_posts_table',3),('2016_01_14_232932_create_post_tag_pivot',4),('2016_01_18_105715_restructure_posts_table',5),('2016_01_27_193009_create_blog_categories_table',6);
/*!40000 ALTER TABLE `migrations` ENABLE KEYS */;
UNLOCK TABLES;

--
-- Table structure for table `password_resets`
--

DROP TABLE IF EXISTS `password_resets`;
/*!40101 SET @saved_cs_client     = @@character_set_client */;
/*!40101 SET character_set_client = utf8 */;
CREATE TABLE `password_resets` (
  `email` varchar(255) COLLATE utf8_unicode_ci NOT NULL,
  `token` varchar(255) COLLATE utf8_unicode_ci NOT NULL,
  `created_at` timestamp NOT NULL DEFAULT '0000-00-00 00:00:00',
  KEY `password_resets_email_index` (`email`),
  KEY `password_resets_token_index` (`token`)
) ENGINE=InnoDB DEFAULT CHARSET=utf8 COLLATE=utf8_unicode_ci;
/*!40101 SET character_set_client = @saved_cs_client */;

--
-- Dumping data for table `password_resets`
--

LOCK TABLES `password_resets` WRITE;
/*!40000 ALTER TABLE `password_resets` DISABLE KEYS */;
/*!40000 ALTER TABLE `password_resets` ENABLE KEYS */;
UNLOCK TABLES;

--
-- Table structure for table `post_tag_pivot`
--

DROP TABLE IF EXISTS `post_tag_pivot`;
/*!40101 SET @saved_cs_client     = @@character_set_client */;
/*!40101 SET character_set_client = utf8 */;
CREATE TABLE `post_tag_pivot` (
  `id` int(10) unsigned NOT NULL AUTO_INCREMENT,
  `post_id` int(10) unsigned NOT NULL,
  `tag_id` int(10) unsigned NOT NULL,
  PRIMARY KEY (`id`),
  KEY `post_tag_pivot_post_id_index` (`post_id`),
  KEY `post_tag_pivot_tag_id_index` (`tag_id`)
) ENGINE=InnoDB AUTO_INCREMENT=3 DEFAULT CHARSET=utf8 COLLATE=utf8_unicode_ci;
/*!40101 SET character_set_client = @saved_cs_client */;

--
-- Dumping data for table `post_tag_pivot`
--

LOCK TABLES `post_tag_pivot` WRITE;
/*!40000 ALTER TABLE `post_tag_pivot` DISABLE KEYS */;
INSERT INTO `post_tag_pivot` VALUES (1,5,757),(2,5,758);
/*!40000 ALTER TABLE `post_tag_pivot` ENABLE KEYS */;
UNLOCK TABLES;

--
-- Table structure for table `posts`
--

DROP TABLE IF EXISTS `posts`;
/*!40101 SET @saved_cs_client     = @@character_set_client */;
/*!40101 SET character_set_client = utf8 */;
CREATE TABLE `posts` (
  `id` int(10) unsigned NOT NULL AUTO_INCREMENT,
  `slug` varchar(255) COLLATE utf8_unicode_ci NOT NULL,
  `title` varchar(255) COLLATE utf8_unicode_ci NOT NULL,
  `subtitle` varchar(255) COLLATE utf8_unicode_ci NOT NULL,
  `content_raw` text COLLATE utf8_unicode_ci NOT NULL,
  `content_html` text COLLATE utf8_unicode_ci NOT NULL,
  `page_image` varchar(255) COLLATE utf8_unicode_ci NOT NULL,
  `meta_description` varchar(255) COLLATE utf8_unicode_ci NOT NULL,
  `is_draft` tinyint(1) NOT NULL,
  `layout` varchar(255) COLLATE utf8_unicode_ci NOT NULL DEFAULT 'blog.layouts.post',
  `created_at` timestamp NOT NULL DEFAULT '0000-00-00 00:00:00',
  `updated_at` timestamp NOT NULL DEFAULT '0000-00-00 00:00:00',
  `published_at` timestamp NOT NULL DEFAULT '0000-00-00 00:00:00',
  PRIMARY KEY (`id`),
  UNIQUE KEY `posts_slug_unique` (`slug`),
  KEY `posts_published_at_index` (`published_at`)
) ENGINE=InnoDB AUTO_INCREMENT=6 DEFAULT CHARSET=utf8 COLLATE=utf8_unicode_ci;
/*!40101 SET character_set_client = @saved_cs_client */;

--
-- Dumping data for table `posts`
--

LOCK TABLES `posts` WRITE;
/*!40000 ALTER TABLE `posts` DISABLE KEYS */;
INSERT INTO `posts` VALUES (5,'5-recommendations-on-how-to-make-a-cvideo','5 RECOMMENDATIONS ON HOW TO MAKE A CVIDEO','Use this tips increase the quality of your Video CV','Let’s be honest, for most of us, recording a video resume of ourselves is a daunting task. When applying for jobs, we have familiarized ourselves too much with the traditional resume and cover letter combo. However, studies show that approximately 80% of employers believe that paper based CVs fail to display important qualities such as personality and confidence. This demonstrates to what extent video CVs are actually a hidden gem in the job searching domain. Below, we compile a list of recommendations for you to make the best of your video CV experience.\r\n\r\n1. Showcase your personality\r\nLet’s face it, describing your personality on your paper-based resume is not an easy task. HR personnel usually have hundreds of resumes to go through on a weekly basis, and therefore tend to focus on more “tangible” information such as job experience and education. CVideos allow you display your personality in a way that is more compelling for employers. Not only can you express your personality visually and by using additional cues such as body language, but employers also save a lot of time and effort in their recruitment process. In this sense, a one minute CVideo can tell more about your personality than a thousand words.\r\n \r\n\r\n2. Investigate your recipient\r\nWords cannot explain how important it is that you know who your recipient is and what he/she looks for in candidates. For instance, employers in the PR domain are likely to be looking for candidates that have strong communication and marketing skills, while employers in the IT industry domain would be more interested in candidates that are more “hands on”. Therefore make sure to carefully investigate the companies that you are applying for in order to create an adequate CVideo.\r\n \r\n\r\n3. Setting the stage\r\nWhile many would consider this to be futile, setting the right stage for recording your CVideo is a must. This is where you can differentiate yourself by demonstrating your creative abilities. Think of this as a way to present your professional interests and skills in playful ways. While using beautiful sceneries and special effects may be appealing for many, do not hesitate to stick with a conventional white background if you feel more comfortable.\r\n \r\n\r\n4. Length\r\nWe recommend that your CVideo should last no longer than 60 to 90 seconds. It is likely that your employer will have a number of other candidates to review, therefore recording a short and concise CVIdeo is essential.\r\n \r\n\r\n5. Content\r\nWhile we encourage you to think outside the box when creating your CVideo, we do suggest having a structure in place that includes the relevant content you wish to disseminate. The following order could be an option: \r\n\r\n- Greetings\r\n- Work experience\r\n- Education\r\n- Proven skills\r\n- Hobbies and interests\r\n \r\nHowever please be aware that you can tailor the content order to your needs. For instance, if you lack experience, place more emphasis on your education and academic achievements. In such a case, you can also discuss your career goals and how you plan on overcoming your lack of experience.\r\n\r\nHere you can find an example of a CVideo following the five steps:\r\n\r\n-- Youtube Video--\r\n\r\nThank you for your attention!\r\n\r\nThe CVideon Team','<p>Let’s be honest, for most of us, recording a video resume of ourselves is a daunting task. When applying for jobs, we have familiarized ourselves too much with the traditional resume and cover letter combo. However, studies show that approximately 80% of employers believe that paper based CVs fail to display important qualities such as personality and confidence. This demonstrates to what extent video CVs are actually a hidden gem in the job searching domain. Below, we compile a list of recommendations for you to make the best of your video CV experience.</p>\n\n<ol>\n<li><p>Showcase your personality\nLet’s face it, describing your personality on your paper-based resume is not an easy task. HR personnel usually have hundreds of resumes to go through on a weekly basis, and therefore tend to focus on more “tangible” information such as job experience and education. CVideos allow you display your personality in a way that is more compelling for employers. Not only can you express your personality visually and by using additional cues such as body language, but employers also save a lot of time and effort in their recruitment process. In this sense, a one minute CVideo can tell more about your personality than a thousand words.</p></li>\n<li><p>Investigate your recipient\nWords cannot explain how important it is that you know who your recipient is and what he/she looks for in candidates. For instance, employers in the PR domain are likely to be looking for candidates that have strong communication and marketing skills, while employers in the IT industry domain would be more interested in candidates that are more “hands on”. Therefore make sure to carefully investigate the companies that you are applying for in order to create an adequate CVideo.</p></li>\n<li><p>Setting the stage\nWhile many would consider this to be futile, setting the right stage for recording your CVideo is a must. This is where you can differentiate yourself by demonstrating your creative abilities. Think of this as a way to present your professional interests and skills in playful ways. While using beautiful sceneries and special effects may be appealing for many, do not hesitate to stick with a conventional white background if you feel more comfortable.</p></li>\n<li><p>Length\nWe recommend that your CVideo should last no longer than 60 to 90 seconds. It is likely that your employer will have a number of other candidates to review, therefore recording a short and concise CVIdeo is essential.</p></li>\n<li><p>Content\nWhile we encourage you to think outside the box when creating your CVideo, we do suggest having a structure in place that includes the relevant content you wish to disseminate. The following order could be an option:</p></li>\n</ol>\n\n<ul>\n<li>Greetings</li>\n<li>Work experience</li>\n<li>Education</li>\n<li>Proven skills</li>\n<li>Hobbies and interests</li>\n</ul>\n\n<p>However please be aware that you can tailor the content order to your needs. For instance, if you lack experience, place more emphasis on your education and academic achievements. In such a case, you can also discuss your career goals and how you plan on overcoming your lack of experience.</p>\n\n<p>Here you can find an example of a CVideo following the five steps:</p>\n\n<p>&#8212; Youtube Video&#8212;</p>\n\n<p>Thank you for your attention!</p>\n\n<p>The CVideon Team</p>\n','','',0,'blog.layouts.post','2016-01-20 14:50:07','2016-01-20 22:23:45','2016-01-20 15:00:00');
/*!40000 ALTER TABLE `posts` ENABLE KEYS */;
UNLOCK TABLES;

--
-- Table structure for table `seekers`
--

DROP TABLE IF EXISTS `seekers`;
/*!40101 SET @saved_cs_client     = @@character_set_client */;
/*!40101 SET character_set_client = utf8 */;
CREATE TABLE `seekers` (
  `id` int(10) unsigned NOT NULL AUTO_INCREMENT,
  `job_title` varchar(255) COLLATE utf8_unicode_ci NOT NULL,
  `status_quo` varchar(255) COLLATE utf8_unicode_ci NOT NULL,
  `goal` text COLLATE utf8_unicode_ci NOT NULL,
  `created_at` timestamp NOT NULL DEFAULT '0000-00-00 00:00:00',
  `updated_at` timestamp NOT NULL DEFAULT '0000-00-00 00:00:00',
  PRIMARY KEY (`id`)
) ENGINE=InnoDB AUTO_INCREMENT=244 DEFAULT CHARSET=utf8 COLLATE=utf8_unicode_ci;
/*!40101 SET character_set_client = @saved_cs_client */;

--
-- Dumping data for table `seekers`
--

LOCK TABLES `seekers` WRITE;
/*!40000 ALTER TABLE `seekers` DISABLE KEYS */;
INSERT INTO `seekers` VALUES (1,'','','','2015-12-09 00:46:53','2015-12-09 00:46:53'),(2,'eConcept Developer','Web Developer at Cvideon','My goal is to conceptualize, design and develop user-friendly websites that bring the desired benefits to all the parties involved.','2015-12-09 00:46:53','2015-12-09 00:46:53'),(3,'Architect','Newly-graduated','My goal is to work with an international company ','2015-12-09 00:46:53','2015-12-09 13:00:21'),(4,'Building Engineer','Looking for new challenges','My goal is to work as a Construction Engineer Professor. My main fields of expertise are Project Management, Fire Safety & Energy Design.','2015-12-09 00:46:53','2015-12-09 00:46:53'),(5,'','','','2015-12-09 00:46:54','2015-12-09 00:46:54'),(6,'Co-founder/Market Developer','Co-founder/Market Developer at CVideon','My goal is, to work with lighting design in a major engineering company, and having the responsibility to carry out design, planning, optimization and calculations of lighting conditions in buildings. \nI am an entrepreneur of mind so I like to get things done and have responsibility. Challenges motivate me. I like to go into problem-solving mode, learning the necessary tools or assembling the right team, to finally come up with a brilliant solution on the problem. This is something that can make me wake up every morning with a big smile on my face. \'Uniformity\' and \'continuity\' is not something for me, so therefore I constantly strive to develop my self, the tasks I am working on or the company I am working for.','2015-12-09 00:46:54','2016-02-12 17:35:16'),(7,'Electrical Engineer ','Newly graduated','Help in the field of electric or electronics and effectively contribute to the future of your company.','2015-12-09 00:46:54','2015-12-09 00:46:54'),(8,'','','','2015-12-09 00:46:54','2015-12-09 00:46:54'),(9,'','','','2015-12-09 00:46:54','2015-12-09 00:46:54'),(10,'Architectural engineering ','Newly-graduated engineer','Få mig et job','2015-12-09 00:46:54','2015-12-09 12:27:01'),(11,'Real Estate, Retail, Storage','Looking for opportunities','My goal','2015-12-09 00:46:55','2015-12-09 00:46:55'),(12,'','','','2015-12-09 00:46:55','2015-12-09 00:46:55'),(13,'','','','2015-12-09 00:46:55','2015-12-09 00:46:55'),(14,'Concierge/ Customer service / Sales representative','Just arrived to Copenhagen','For the last 9 years I have had sales experience in customer facing environments in both retail and hospitality. I have a passion for delivering high quality customer service, through attentively listening to clientâ€™s needs and endeavouring to find appropriate solutions. In my previous employment ','2015-12-09 00:46:55','2015-12-09 00:46:55'),(15,'Pharmacy','Pharmacy Student (last year) ','My goal is to work in a pharmacy international company or industry.','2015-12-09 00:46:55','2015-12-09 00:46:55'),(16,'Architectural Engineering','Research Assistant','I aim to develop my career as a consulting engineer in the domain of HVAC systems for buildings.','2015-12-09 00:46:56','2015-12-09 00:46:56'),(17,'Law','Law student','My goal is to work with a company that make me practice law with professional excellence and commitment to fairness, justice, compassion and the highest ethical standards.','2015-12-09 00:46:56','2015-12-09 00:46:56'),(18,'Innovation Management','employed','My goal is to work with innovation leaders in the industry.','2015-12-09 00:46:56','2015-12-09 00:46:56'),(19,'Biotechnology','Student','To connect with others interested in biotechnology, innovation and entrepreneurship ','2015-12-09 00:46:56','2015-12-09 00:46:56'),(20,'computer science','working','Explore new oportunities','2015-12-09 00:46:56','2015-12-09 00:46:56'),(21,'Reseach management','Master degree','I am an Public Policy professional with relevant experience in management and solid background and interest in economic development, governance, public sector reform and public management. I deeply appreciate challenging work environments, teamwork, coordination and leadership skills. Critical thinking is my mantra.','2015-12-09 00:46:57','2015-12-09 00:46:57'),(22,'TEst','Test','Test','2015-12-09 00:46:57','2015-12-09 00:46:57'),(23,'Computer Science','Student','My goal is to work in advertising industry and be surrounded by creative people','2015-12-09 00:46:57','2015-12-09 13:10:12'),(24,'Finansiel Advisor','Finansiel Advisor','My goal is ','2015-12-09 00:46:57','2015-12-09 00:46:57'),(25,'','','','2015-12-09 00:46:57','2015-12-09 00:46:57'),(26,'Business Strategy, Project Management, Marketing','Business Management Graduate with work experience ','I want to do something that will make people\'s lives better. That is my goal, and everything that I do revolves around that one goal.\r\n\r\nRead my full story: https://bdaily.co.uk/blog/the-video-cv-man-how-i-got-hired/','2015-12-09 00:46:57','2015-12-09 00:46:57'),(27,'Operations Manager','working','My goal is to work with languages and tourism.','2015-12-09 00:46:57','2015-12-09 00:46:57'),(28,'Digital Innovation','Student','','2015-12-09 00:46:57','2015-12-09 00:46:57'),(29,'Molecular Biology','Looking for new opportunity','Work in a multicultural environment where I can contribute my skill in analytical work','2015-12-09 00:46:57','2015-12-09 00:46:57'),(30,'MSc. in Engineering in Operations and Innovation M','Newly-graduate Engineer, Process Improvements','I am looking for a position within growing international company in the field of project management, management consulting, bsuiness analyst or controlling. ','2015-12-09 00:46:58','2015-12-09 00:46:58'),(31,'','','','2015-12-09 00:46:58','2015-12-09 00:46:58'),(32,'Virksomhedskonsulent','Virksomhedskonsulent i AkademikerCenter Frederiksb','De sidste par år hovedsageligt virke som virksomhedskonsulent, underviser og rrdgiver, med storst fokus på akademikere og indenfor IT- og mediebranchen. Jeg har i denne tid fundet mig rigtig godt til rette indenfor beskÃ¦ftigelsesindsatsen. Her har jeg en følelse af at kunne gøre en positiv indsats for mange mennesker, samtidig med at jeg får brugt mine kommunikative evner. Tror på at kvalitet kan generere kvantitet. Er god til at åbne virksomheder, såvel som kandidater for \'ud af boksen\' muligheder, og har en effektiv, vedholdende og positivt tilgang til mit arbejde og livet som helhed.','2015-12-09 00:46:58','2015-12-09 13:20:52'),(33,'','','','2015-12-09 00:46:58','2015-12-09 00:46:58'),(34,'','','','2015-12-09 00:46:58','2015-12-09 00:46:58'),(35,'Anthropology','Newly graduated cand. mag. in Cultural Encounters ','My goal is to execute my academic skills of project work linking problems to solutions, especially within fields where qualitative methods are relevant. Whenever a company needs to understand human action and understanding of a certain product my skills will come in handy. Specifically I dream of working with crime prevention and/or antiradicalisation.','2015-12-09 00:46:58','2015-12-09 00:46:58'),(36,'Video journalist ','Self impoyed','To make you look your best..','2015-12-09 00:46:58','2015-12-09 00:46:58'),(37,'Biotechnology engineer ','new graduate engineer','My goal is to work within a international growth oriented company within production and process optimation or within sales in the biomedical sector.','2015-12-09 00:46:59','2015-12-09 00:46:59'),(38,'Molecular Biologist','Intern','Become a expert in manufacture, process validation or quality control of active pharmaceutical ingredients. Become a danish citizen. ','2015-12-09 00:46:59','2015-12-09 00:46:59'),(39,'Service management, Project management, Customer r','Graduate student','I study Service Management at Copenhagen Business School, with a\r\nspecialisation in events and risk management.\r\nI am especially enthusiastic about the behavioural aspects of events, such as\r\ncrowd control and risk management, on which I have written my Bachelor\r\nThesis. I am interested in working with corporate events to broaden my\r\nexperience and apply my theoretical knowledge of the field.','2015-12-09 00:46:59','2015-12-09 00:46:59'),(40,'Computer Science','Student','My goal is to conduct myself in the business world in such a manner, that allows me and others to collaborate in creating amazing ideas, tools and platforms for connecting the different parties throughout the world. Win-win.','2015-12-09 00:46:59','2015-12-09 00:46:59'),(41,'','','','2015-12-09 00:46:59','2015-12-09 00:46:59'),(42,'','Student','','2015-12-09 00:46:59','2015-12-09 23:30:16'),(43,'service management','Master student','My goal is to work with an international company that will help me unravel my talents and skills and through that lead me to a successful career.','2015-12-09 00:46:59','2015-12-10 10:29:03'),(44,'','','','2015-12-09 00:46:59','2015-12-09 00:46:59'),(45,'International Shipping and Trade','Bachelor student','My goal is to have a fulfilling job which will allow me to grow further and booster my skills','2015-12-09 00:47:00','2015-12-09 00:47:00'),(46,'','','','2015-12-09 00:47:00','2015-12-09 00:47:00'),(47,'','','','2015-12-09 00:47:00','2015-12-09 00:47:00'),(48,'','','','2015-12-09 00:47:00','2015-12-09 00:47:00'),(49,'Marketing and innovation','Working in a couple companies - common denominator','My life goal is to learn and teach. In a variety of topics. Right now I\'m involved with companies teaching biotechnology, behavioural sciences, and chinese/math.\r\n\r\nEducation fascinates me, and is part of everything in life. It relates to the top of the Maslow\'s hierarchy of needs - self-actualization. Everyone wants to become a better version of oneself, and I want to empower everyone. \r\n\r\nI don\'t want to be the CEO, I want to be the person in the background who does the footwork, performs the analysis, and presents the different options for moving forward. ','2015-12-09 00:47:00','2015-12-09 00:47:00'),(50,'','','','2015-12-09 00:47:00','2015-12-09 00:47:00'),(51,'','','','2015-12-09 00:47:00','2015-12-09 00:47:00'),(52,'','','','2015-12-09 00:47:00','2015-12-09 00:47:00'),(53,'','','','2015-12-09 00:47:00','2015-12-09 00:47:00'),(54,'','','','2015-12-09 00:47:01','2015-12-09 00:47:01'),(55,'Business','Current BBA Candidate','My goal is to gain as much experience as possible within the marketing field, and in specific within the Consumer Packaged Goods Industry. ','2015-12-09 00:47:01','2015-12-09 00:47:01'),(56,'','','','2015-12-09 00:47:01','2015-12-09 00:47:01'),(57,'','','','2015-12-09 00:47:01','2015-12-09 00:47:01'),(58,'Business and Development','Student','My goal is to work for an international consulting firm within the field of economic development in order to move towards excellence and success and strengthen my long-term career possibilities','2015-12-09 00:47:02','2015-12-09 00:47:02'),(59,'','','','2015-12-09 00:47:02','2015-12-09 00:47:02'),(60,'','','','2015-12-09 00:47:02','2015-12-09 00:47:02'),(61,'','','','2015-12-09 00:47:02','2015-12-09 00:47:02'),(62,'Human Resources','Student graduating May 2015','I am looking to leverage my international background and experience in HR, business development, and different working cultures by obtaining an entry level job in the HR-department of an international firm.','2015-12-09 00:47:02','2015-12-09 00:47:02'),(63,'Industrial design and business development','CBS student (studying abroad- Fall 2015)','After finishing school in Spring 2015, I would like to work abroad for a few years to better understand the global entrepreneurial processes so I can one day start my own business or join a technology venture looking to scale their business.','2015-12-09 00:47:03','2015-12-11 13:51:43'),(64,'','','','2015-12-09 00:47:03','2015-12-09 00:47:03'),(65,'','','','2015-12-09 00:47:03','2015-12-09 00:47:03'),(66,'Social Entrepreneurship & Management','msc graduate','o','2015-12-09 00:47:03','2015-12-09 00:47:03'),(67,'','','','2015-12-09 00:47:03','2015-12-09 00:47:03'),(68,'','','','2015-12-09 00:47:03','2015-12-09 00:47:03'),(69,'','','','2015-12-09 00:47:04','2015-12-09 00:47:04'),(70,'Gymnasium','Employed','My goal is to work with an international crowd, as I am an active person who loves to communicate and learn new cultures.','2015-12-09 00:47:04','2015-12-09 00:47:04'),(71,'','','','2015-12-09 00:47:04','2015-12-09 00:47:04'),(72,'','','','2015-12-09 00:47:04','2015-12-09 00:47:04'),(73,'Marketing & Communications','11 years full time experience','Full time employment with an international company with a possible career growth in the areas of communications, HR, marketing, CSR.','2015-12-09 00:47:04','2015-12-09 00:47:04'),(74,'','','','2015-12-09 00:47:05','2015-12-09 00:47:05'),(75,'Development and International Relations','job-searching','.','2015-12-09 00:47:05','2015-12-09 00:47:05'),(76,'','','','2015-12-09 00:47:05','2015-12-09 00:47:05'),(77,'business developer','newly graduate','hello','2015-12-09 00:47:05','2015-12-09 00:47:05'),(78,'','','','2015-12-09 00:47:05','2015-12-09 00:47:05'),(79,'Environmental manager','job seeker new gradute','My goal is to work within a Danish company and see the danish engineering solution development. I thrive in challenging environments, and change and novelty do not scare me. After all, I\'ve learnt since I was 15 how to pack my bag and go, and ever since, I survived Romania, USA and Denmark. So I am a versatile person, eager to learn within my field and out of it as well!','2015-12-09 00:47:06','2015-12-11 14:03:11'),(80,'','','','2015-12-09 00:47:06','2015-12-09 00:47:06'),(81,'','','','2015-12-09 00:47:06','2015-12-09 00:47:06'),(82,'Marketing Specialist','Hired','My goal is to work in marketing ','2015-12-09 00:47:06','2015-12-09 00:47:06'),(83,'Architectural engineering','Unemployed','My goal is to work with a international company within my field, in any place on the world, in order to keep developing my professional career.','2015-12-09 00:47:06','2015-12-11 14:09:07'),(84,'Editorial Business','Employed','','2015-12-09 00:47:06','2015-12-11 14:13:34'),(85,'Tourism','Graduate','My goal is to work for an international company where I can contribute with my knowledge and experience.','2015-12-09 00:47:06','2015-12-09 00:47:06'),(86,'','','','2015-12-09 00:47:06','2015-12-09 00:47:06'),(87,'Business Management','Business Management','My goal is to work on projects that seek to improve the lives of people. I love new technologies , and my goal is to innovate in some fields such as digital publications, where I currently work.','2015-12-09 00:47:06','2015-12-11 14:22:00'),(88,'Basketball Coach, Personal Trainer, Sports','Basketball Coach','','2015-12-09 00:47:07','2015-12-11 14:34:08'),(89,'Architectural Enginering','Working','-','2015-12-09 00:47:07','2015-12-09 00:47:07'),(90,'Telecom / IT','Graduate/ job seeker','My goal is to work with an international growth-oriented company within my field, in order to move towards excellence and success and strengthen my long term career possibilities. ','2015-12-09 00:47:07','2015-12-11 14:44:56'),(91,'Optical Science','Student','(coming soon)','2015-12-09 00:47:07','2015-12-09 00:47:07'),(92,'Music. Piano.','Student','(coming soon)','2015-12-09 00:47:07','2015-12-09 00:47:07'),(93,'Physics & Simulation','Finishing Physics Degree','I\'d like to find a job as a researcher involving computer simulations.','2015-12-09 00:47:07','2015-12-09 00:47:07'),(94,'Psychology','Student','(coming soon)','2015-12-09 00:47:07','2015-12-11 14:56:51'),(95,'Technical Architecture','Student','To work in an international contruction company.','2015-12-09 00:47:08','2015-12-09 00:47:08'),(96,'Nursing','Student','(coming soon)','2015-12-09 00:47:08','2015-12-11 15:10:46'),(97,'Music, Bassoon Player','student','My goal is to play in an important orchestra or an important music place like the Milano Scala Theatre, but I\'d like too to be teacher in a music school and help children to learn music.','2015-12-09 00:47:08','2015-12-11 15:12:52'),(98,'Psychology, Human Resources','Student','My goal is to work with human resources to gain experience and knowledge in the field to achieve a better work environment inside the enterprises. ','2015-12-09 00:47:08','2015-12-11 15:26:12'),(99,'Sociology','Student','My goal is to work with a international company about my studies.','2015-12-09 00:47:08','2015-12-11 15:29:57'),(100,'Technical Architecture','student','My goal to finish school and find a good job','2015-12-09 00:47:08','2015-12-11 15:33:10'),(101,'Technical Architecture','Student','(Coming soon)','2015-12-09 00:47:08','2015-12-09 00:47:08'),(102,'Sociology','Student','(coming soon)','2015-12-09 00:47:08','2015-12-11 15:37:17'),(103,'Chemical Engineering','Student','To work in an international company.','2015-12-09 00:47:09','2015-12-09 00:47:09'),(104,'Teaching training','Student','(coming soon)','2015-12-09 00:47:09','2015-12-11 15:41:12'),(105,'Teacher for children 1-6 years','Student to teacher','My dream job is to work in international school to help children. Because I think that learn throught experimentation is fundumental.\r\nThank you for check my profile :)','2015-12-09 00:47:09','2015-12-11 15:43:52'),(106,'Civil engineering','Civil Engineering Student','My goal is to work with a international company that is focused on my career to get more experience in my scope.','2015-12-09 00:47:09','2015-12-11 15:47:30'),(107,'Anatomy','Student','(coming soon)','2015-12-09 00:47:09','2015-12-11 15:49:02'),(108,'','','','2015-12-09 00:47:09','2015-12-09 00:47:09'),(109,'Marketing','newly-graduated','My goal is to work with a international growth-oriented company within my field.','2015-12-09 00:47:09','2015-12-11 15:50:40'),(110,'Chemical engineering','Grade student','My goals are working on a great company in the Chemical Engineering field. My dream is create a cleaner and better world with my experience and help','2015-12-09 00:47:09','2015-12-09 00:47:09'),(111,'Medicine','Medicine student','My goal is to improve my skills in other countries in order to help people.','2015-12-09 00:47:10','2015-12-09 00:47:10'),(112,'','','','2015-12-09 00:47:10','2015-12-09 00:47:10'),(113,'Medicine','Student','(coming soon)','2015-12-09 00:47:10','2015-12-09 00:47:10'),(114,'','','','2015-12-09 00:47:10','2015-12-09 00:47:10'),(115,'Pharmacy','Student','To work in an international company.','2015-12-09 00:47:10','2015-12-09 00:47:10'),(116,'Student','Student','(coming soon)','2015-12-09 00:47:10','2015-12-09 00:47:10'),(117,'COMPUTER ENGINERING','SOFTWARE TESTER','My goal is to get a reputed job in the reputed organization like yours where I can prove my self I can learn a lot can explore my knowledge.','2015-12-09 00:47:10','2015-12-09 00:47:10'),(118,'Social Therapy','Student','(coming soon)','2015-12-09 00:47:10','2015-12-11 16:14:59'),(119,'Bilingual Primary Education Teacher','Student','My goal is to work teaching the children, and helping them and teaching them new knowledge and values essential to their life. I love the children and I hope to work with them.','2015-12-09 00:47:11','2015-12-09 00:47:11'),(120,'Education','Newly-graduated teacher ','To work in a school as a teacher. To teach Spanish, English or more subjects.','2015-12-09 00:47:11','2015-12-09 00:47:11'),(121,'Speech Therapist','Newly graduated','(coming soon)','2015-12-09 00:47:11','2015-12-09 00:47:11'),(122,'Sports','Student','My goal is work in another country to learn news cultures ','2015-12-09 00:47:11','2015-12-09 00:47:11'),(123,'Education','Student','My goal is to  work in one of the countries with better eduacion','2015-12-09 00:47:11','2015-12-11 16:34:22'),(124,'Teaching Training','Student','(coming soon)','2015-12-09 00:47:11','2015-12-11 16:36:59'),(125,'Social Work','Student','(coming soon)','2015-12-09 00:47:11','2015-12-09 00:47:11'),(126,'Social Work','Student','(coming soon)','2015-12-09 00:47:11','2015-12-09 00:47:11'),(127,'Finances and Accountability','Sstudent','Mygoal is to work in a international bank, because it is my dream.','2015-12-09 00:47:11','2015-12-11 16:45:11'),(128,'Finance and Accountancy','Student','To work in an international bank.','2015-12-09 00:47:12','2015-12-09 00:47:12'),(129,'Building Engineer','Student','(coming soon)','2015-12-09 00:47:12','2015-12-09 00:47:12'),(130,'Civil Engineering','Studying Civil Engineering','My goal is to work with an international company for progress in my carreer like a professional.','2015-12-09 00:47:12','2015-12-11 17:02:26'),(131,'Technical Architecture','Student','To work in an international company.','2015-12-09 00:47:12','2015-12-09 00:47:12'),(132,'Security and Management in Buildings','Master Student','(coming soon)','2015-12-09 00:47:12','2015-12-09 00:47:12'),(133,'Economic','Newly graduated in economy','Company','2015-12-09 00:47:12','2015-12-11 17:08:49'),(134,'MEng Civil Engineering (EQF 7) ','Newly-graduated engineer','My goal is to work with an international company within my field, in order to move towards excellence and success and strengthen my long term career possibilities.','2015-12-09 00:47:12','2015-12-09 00:47:12'),(135,'Biochemistry ','Newly-graduated ','','2015-12-09 00:47:12','2015-12-09 00:47:12'),(136,'Construction Engineering','Student','experience , success , money ','2015-12-09 00:47:12','2015-12-15 10:50:00'),(137,'Security and Health in Buildings','Master Student','Coming soon...','2015-12-09 00:47:13','2015-12-09 00:47:13'),(138,'Business','Student','coming soon...','2015-12-09 00:47:13','2015-12-09 00:47:13'),(139,'Psychology','Student','Coming soon...','2015-12-09 00:47:13','2015-12-09 00:47:13'),(140,'Psychology','Student','Coming soon...','2015-12-09 00:47:13','2015-12-09 00:47:13'),(141,'Chemistry','Student','My goal is to work with an international interprise when I finish the degree.','2015-12-09 00:47:13','2015-12-09 00:47:13'),(142,'Psychology','Student','Coming soon...','2015-12-09 00:47:13','2015-12-09 00:47:13'),(143,'Psychology','Student','Coming soon...','2015-12-09 00:47:14','2015-12-09 00:47:14'),(144,'Modern languages and their literatures.','Student','My goal is to help those who want and need my help as a foreign languages teacher I would be. ','2015-12-09 00:47:14','2015-12-09 00:47:14'),(145,'Modern Languages and their Literatures','Senior University Student','My goal is to be  teacher of Spanish in foreign countries and teach language and cultural content that I know.','2015-12-09 00:47:14','2015-12-15 12:31:03'),(146,'Computer Science and Engineering','Student','Coming soon...','2015-12-09 00:47:14','2015-12-09 00:47:14'),(147,'Building Engineering','Student','I ask myself everyday about my goal. Right now I´m opening to the world.','2015-12-09 00:47:14','2015-12-15 12:35:33'),(148,'Economy','Student','Coming soon...','2015-12-09 00:47:14','2015-12-09 00:47:14'),(149,'Comparative Literature','Student','Coming soon...','2015-12-09 00:47:15','2015-12-09 00:47:15'),(150,'Translator, Teacher and Social Work','student','My goal is to work in the social media like an ONG or something similar to help people and learn other cultures. ','2015-12-09 00:47:15','2015-12-15 13:35:57'),(151,'IT Systems, Telecommunication Networks','Working in IT technologies','My goal is to work for a company outside of my country to know the methods employed in my field of work, telecomunicaiones and IT, and offer my point of view to compare methods and learn other techniques and systems. It is also good option to know other cultures and find enriching experiences.','2015-12-09 00:47:15','2015-12-15 13:38:25'),(152,'Architectural Engineering','student','My goal is to work in an international company with interesting projects in different locations around the world.','2015-12-09 00:47:15','2015-12-15 13:45:11'),(153,'Medicine','Student','My goal is to work as a doctor. I would like to work abroad because I think it could be a good opportunity to improve my professional skills and to knowk how is to be a doctor in other countries. ','2015-12-09 00:47:15','2015-12-09 00:47:15'),(154,'Translation','Student','Coming soon...','2015-12-09 00:47:15','2015-12-09 00:47:15'),(155,'Translation in English and Chinese','Student at the University of Granada','My goal is to work as a translator or interpreter of political documents and conferences in the United Nations or the European Union.','2015-12-09 00:47:15','2015-12-09 00:47:15'),(156,'Translation & Interpretation','Student','My goal is to work with an international company, as translator or interpreter; I like them both.','2015-12-09 00:47:16','2015-12-15 14:15:54'),(157,'Medicine','Student','Coming soon...','2015-12-09 00:47:16','2015-12-09 00:47:16'),(158,'Futuro traductor-intérprete de francés y ruso.','Estudiante de Traducción e Interpretación.','Mi objetivo con este proyecto del vídeo puesto en marcha es encontrar pequeñas prácticas para mejorar mis idiomas que estoy estudiando. Mi objetivo en esta vida es tras acabar mi carrera del grado poder alcanzar el Máster en Conferencias y llegar a trabajar en la ONU y antes de ello poder colaborar con GreenPeace.','2015-12-09 00:47:16','2015-12-15 14:24:32'),(159,'Medicine','Student','Coming soon...','2015-12-09 00:47:16','2015-12-09 00:47:16'),(160,'Translation and Interpretation','Student of the second course of translation and in','My goal is to get a internship in order to summer.','2015-12-09 00:47:16','2015-12-15 14:40:06'),(161,'Translation and Interpretation','Student','My dream job would be working in an Official Institution. Meanwhile I am open to new experiencies such as abroad interships or any kind of job related to languages.','2015-12-09 00:47:17','2015-12-09 00:47:17'),(162,'Medicine','Student','Coming soon...','2015-12-09 00:47:17','2015-12-09 00:47:17'),(163,'Medicine','Student','Coming soon...','2015-12-09 00:47:17','2015-12-09 00:47:17'),(164,'Medicine','Student','Coming soon...','2015-12-09 00:47:17','2015-12-09 00:47:17'),(165,'Medicine','Student','My goal is to work as a doctor. I love helping people all over the world. I\'m ready to work abroad. ','2015-12-09 00:47:17','2015-12-15 14:49:20'),(166,'','','','2015-12-09 00:47:17','2015-12-09 00:47:17'),(167,'Business Administration and Tourism','Student','My goal is to work in an international company in the department fo Marketing, Public Relations or Internationalization and give the best of me there for me and the company grow together.','2015-12-09 00:47:17','2015-12-15 14:51:52'),(168,'','','','2015-12-09 00:47:17','2015-12-09 00:47:17'),(169,'','','','2015-12-09 00:47:17','2015-12-09 00:47:17'),(170,'BUSINESS ADMINISTRATION AND TOURISM','NEWLY-GRADUATED','My goal is to work in a international company to develop my career and to extend my knowledge.','2015-12-09 00:47:17','2015-12-09 00:47:17'),(171,'','','','2015-12-09 00:47:18','2015-12-09 00:47:18'),(172,'','','','2015-12-09 00:47:18','2015-12-09 00:47:18'),(173,'','','','2015-12-09 00:47:18','2015-12-09 00:47:18'),(174,'','','','2015-12-09 00:47:18','2015-12-09 00:47:18'),(175,'','','','2015-12-09 00:47:18','2015-12-09 00:47:18'),(176,'Multimedia design','Multimedia Design Student at Zibat','My goal is to be one of the most succesful multimedia designers in the world. ','2015-12-09 00:47:18','2015-12-15 15:06:47'),(177,'Multimedia designer','Student','','2015-12-09 00:47:18','2015-12-09 00:47:18'),(178,'Service and Hospitality Sector','Student of Service, Hospitality and Tourism Manage','For now my goal is finding a part-time job in the field of my studies. I like interaction with people and that\'s why I chose the program I study.','2015-12-09 00:47:18','2015-12-15 15:15:04'),(179,'','','','2015-12-09 00:47:19','2015-12-09 00:47:19'),(180,'Financial','Senior','Succes','2015-12-09 00:47:19','2015-12-16 10:31:22'),(181,'','','','2015-12-09 00:47:19','2015-12-09 00:47:19'),(182,'Live Music Performer, Music Designer','Available','I wish to sing and play my attractive repertoir in some high-level resorts/hotels and let the audiance enjoy my performance. I\'m a professional singer and musician that sending sympathy, able to create a good mood with first quality music and great performances. I\'m available for the sites in which I can do all that. I can certainly move abroad, to some mountainsides or seasides, also on cruise ships.\r\nI also provide the music tailor made for spas, hotel facilities, restaurants and american bars. ','2015-12-09 00:47:19','2015-12-09 00:47:19'),(183,'','','','2015-12-09 00:47:19','2015-12-09 00:47:19'),(184,'Environmental Scientists','Master Student','Leave my mark in Sustainable Development','2015-12-09 00:47:19','2015-12-09 00:47:19'),(185,'Mechanical Engineering specialised in composites','Student in AAU a MSc in Materials Technology','Coming soon...','2015-12-09 00:47:19','2015-12-16 10:48:17'),(186,'PhD product innovation  ','Looking for challenge','My goal is to work with a global company in order to move towards excellence and success and strengthen my long term career possibilities both in terms of technical and business terms. ','2015-12-09 00:47:19','2015-12-09 00:47:19'),(187,'Marketing','Msc. International Marketing Student','Marketing/customer insights internship position where I can use my marketing background and further develop my skills. ','2015-12-09 00:47:19','2015-12-09 00:47:19'),(188,'','','','2015-12-09 00:47:20','2015-12-09 00:47:20'),(189,'Applied Psychology','Service Hospitality and Tourism Management Student','My goal is to be excellent employee in service industry like hotel.','2015-12-09 00:47:20','2015-12-16 12:40:19'),(190,'','','','2015-12-09 00:47:20','2015-12-09 00:47:20'),(191,'Electrical and Industrial Engineering','Second year Master Student','My goal is to work is an international company and to face new challenges related to the electrical engineering and the renewable energies. ','2015-12-09 00:47:20','2015-12-16 12:42:25'),(192,'','','','2015-12-09 00:47:20','2015-12-09 00:47:20'),(193,'Project Management','Unemployed','','2015-12-09 00:47:20','2015-12-09 00:47:20'),(194,'','','','2015-12-09 00:47:20','2015-12-09 00:47:20'),(195,'Environmental Engineer','Master Student','My goal is to challenge myself in an environmental company team, where my expereince and knowledge will keep growing. ','2015-12-09 00:47:20','2015-12-16 12:46:21'),(196,'','','','2015-12-09 00:47:20','2015-12-09 00:47:20'),(197,'Business','Student','My goal is to work with an international company within my field, in order have success and strengthen my long term career possibilities','2015-12-09 00:47:21','2015-12-09 00:47:21'),(198,'bioinformatics and systems biology','Msc engineering student ','Long-term goal : Be successful through hard work mainly at industries majoring in Bioinformatics and pharmaceutical engineering . Short-term goal : Strengthen my CV and background in general through internships jobs and extracuriculum activities realated to my field of specialization .','2015-12-09 00:47:21','2015-12-09 00:47:21'),(199,'Pharmaceutical Design and Engineering','MSc student','My goal is to work with an international growth-oriented company within my field, in order to move towards excellence and success and strengthen my long term career possibilities.','2015-12-09 00:47:21','2015-12-09 00:47:21'),(200,'','','','2015-12-09 00:47:21','2015-12-09 00:47:21'),(201,'','MSc student at DTU','','2015-12-09 00:47:21','2015-12-10 09:25:37'),(202,'Graduate in Economics','Student in Economics','My goal is to work in an international company where I can exercise my skills within the economic field, and strengthen long term.','2015-12-09 00:47:21','2015-12-16 13:02:55'),(203,'','','','2015-12-09 00:47:22','2015-12-09 00:47:22'),(204,'','','','2015-12-09 00:47:22','2015-12-09 00:47:22'),(205,'','','','2015-12-09 00:47:22','2015-12-09 00:47:22'),(206,'Mechanical Engineering,  Wind Energy','Graduated Student,  Currently MSc student','My goal is to develop myself as much as possible.  Working for innovative,  demanding and challenging company is what triggers me to be active and do my best.  ','2015-12-09 00:47:22','2015-12-16 13:08:35'),(207,'MSc Eng / PM / Entrepreneur','Looking for new challenges','My goal is to work with an international growth-oriented company as a Retail Construction Manager towards a long-term career which provides the excellence in architectural results using best technical skills and profitable business strategies along with effective communicational skills.','2015-12-09 00:47:22','2015-12-09 00:47:22'),(208,'Front/back-end Developer','Student','','2015-12-09 00:47:22','2015-12-16 13:18:04'),(209,'Business psychology','Senior Bachelor Student','My goal is to gain experience in the field of HR, in particular in the area of training, personnel development and diversity management. ','2015-12-09 00:47:22','2015-12-16 13:19:47'),(210,'engineering','newly graduate','to be employed ','2015-12-09 00:47:22','2015-12-09 00:47:22'),(211,'Marketing','Available','It sounds more attractive and natural to present yourself to potential employers.','2015-12-09 07:12:34','2015-12-09 07:13:59'),(212,'','','','2015-12-09 09:43:24','2015-12-09 09:43:24'),(213,'Programmer','Employed','','2015-12-09 14:16:37','2015-12-09 14:18:38'),(214,'','','','2015-12-09 14:52:11','2015-12-09 14:52:11'),(215,'Programming','Employed','This is a test.','2015-12-09 16:37:48','2015-12-09 16:38:27'),(216,'something','something','my goal is','2015-12-10 13:01:36','2015-12-10 13:02:54'),(217,'IT Developer','job seeker','I am a dedicated candidate to show my self as a IT Developer that able to perform tasks to reach desire result at certain time.','2015-12-15 15:54:31','2015-12-15 16:22:32'),(218,'Project Management, Leadership, HSE, Risk Assessment','Unemployed','Driven by desire to make a difference and based on existing experiences in various fields, I am looking for attractive opportunities, offering professional and personal growth in one or more of the following:\n- Communication\n- Project Management\n- Innovation\n- Management','2015-12-27 21:11:52','2016-02-12 09:26:25'),(219,'Structural Engineering','Student','My ambition is to work as a structural engineer in building or offshore industries. I am able to design structures, use computational design tools and aim for the best project outcomes. I am also an active, communicative and always ready to get involved in organizational work.','2016-01-05 12:21:01','2016-01-22 13:29:51'),(221,'','','','2016-01-11 13:32:04','2016-01-11 13:32:04'),(222,'','freelamce','Make things Happen!','2016-01-11 16:10:37','2016-01-14 10:48:03'),(223,'','','','2016-01-14 12:25:46','2016-01-14 12:25:46'),(224,'','','','2016-01-15 13:15:42','2016-01-15 13:15:42'),(225,'','','','2016-01-15 13:22:27','2016-01-15 13:22:27'),(226,'','','','2016-01-15 13:32:02','2016-01-15 13:32:02'),(227,'','','','2016-01-15 13:38:34','2016-01-15 13:38:34'),(228,'','','','2016-01-15 13:45:24','2016-01-15 13:45:24'),(229,'','','','2016-01-15 13:51:33','2016-01-15 13:51:33'),(230,'','','','2016-01-15 14:06:17','2016-01-15 14:06:17'),(231,'','','','2016-01-15 16:12:20','2016-01-15 16:12:20'),(232,'Social Media Manager','','','2016-01-20 13:53:37','2016-01-20 14:03:30'),(233,'','','','2016-02-03 14:42:12','2016-02-03 14:42:12'),(234,'','','','2016-02-03 14:49:39','2016-02-03 14:49:39'),(235,'','','','2016-02-03 15:29:31','2016-02-03 15:29:31'),(236,'','','','2016-02-04 08:40:46','2016-02-04 08:40:46'),(237,'','','','2016-02-04 09:21:20','2016-02-04 09:21:20'),(238,'','','','2016-02-04 10:18:58','2016-02-04 10:18:58'),(239,'','','','2016-02-04 10:20:06','2016-02-04 10:20:06'),(240,'','','','2016-02-04 13:04:42','2016-02-04 13:04:42'),(241,'','','','2016-02-04 14:57:27','2016-02-04 14:57:27'),(242,'','Master\'s student','','2016-02-06 11:53:04','2016-02-06 11:55:07'),(243,'','Looking for a new opportunity','','2016-02-08 10:56:55','2016-02-08 10:59:40');
/*!40000 ALTER TABLE `seekers` ENABLE KEYS */;
UNLOCK TABLES;

--
-- Table structure for table `sub_categories`
--

DROP TABLE IF EXISTS `sub_categories`;
/*!40101 SET @saved_cs_client     = @@character_set_client */;
/*!40101 SET character_set_client = utf8 */;
CREATE TABLE `sub_categories` (
  `id` int(10) unsigned NOT NULL AUTO_INCREMENT,
  `category_id` int(10) unsigned NOT NULL,
  `name` varchar(255) COLLATE utf8_unicode_ci NOT NULL,
  `created_at` timestamp NOT NULL DEFAULT '0000-00-00 00:00:00',
  `updated_at` timestamp NOT NULL DEFAULT '0000-00-00 00:00:00',
  `deleted_at` timestamp NULL DEFAULT NULL,
  PRIMARY KEY (`id`),
  KEY `sub_categories_category_id_index` (`category_id`),
  CONSTRAINT `sub_categories_category_id_foreign` FOREIGN KEY (`category_id`) REFERENCES `categories` (`id`)
) ENGINE=InnoDB AUTO_INCREMENT=204 DEFAULT CHARSET=utf8 COLLATE=utf8_unicode_ci;
/*!40101 SET character_set_client = @saved_cs_client */;

--
-- Dumping data for table `sub_categories`
--

LOCK TABLES `sub_categories` WRITE;
/*!40000 ALTER TABLE `sub_categories` DISABLE KEYS */;
INSERT INTO `sub_categories` VALUES (1,1,'Accountancy','2015-12-09 00:46:52','2015-12-09 00:46:52',NULL),(2,1,'Actuary','2015-12-09 00:46:52','2015-12-09 00:46:52',NULL),(3,1,'Corporate Invesment','2015-12-09 00:46:52','2015-12-09 00:46:52',NULL),(4,1,'Finance Consultancy','2015-12-09 00:46:52','2015-12-09 00:46:52',NULL),(5,1,'Finance Management','2015-12-09 00:46:52','2015-12-09 00:46:52',NULL),(6,1,'Investment','2015-12-09 00:46:52','2015-12-09 00:46:52',NULL),(7,1,'Retail Banking','2015-12-09 00:46:52','2015-12-09 00:46:52',NULL),(8,1,'Taxes','2015-12-09 00:46:52','2015-12-09 00:46:52',NULL),(9,2,'Architecture','2015-12-09 00:46:52','2015-12-09 00:46:52',NULL),(10,2,'Civil Engineering','2015-12-09 00:46:52','2015-12-09 00:46:52',NULL),(11,2,'Construction Management','2015-12-09 00:46:52','2015-12-09 00:46:52',NULL),(12,2,'Contracting','2015-12-09 00:46:52','2015-12-09 00:46:52',NULL),(13,2,'Facility Management','2015-12-09 00:46:52','2015-12-09 00:46:52',NULL),(14,2,'HVAC Engineering','2015-12-09 00:46:52','2015-12-09 00:46:52',NULL),(15,2,'Landscape Architecture','2015-12-09 00:46:52','2015-12-09 00:46:52',NULL),(16,2,'Site Engineering','2015-12-09 00:46:52','2015-12-09 00:46:52',NULL),(17,2,'Structural Engineering','2015-12-09 00:46:52','2015-12-09 00:46:52',NULL),(18,2,'Urban Planning','2015-12-09 00:46:52','2015-12-09 00:46:52',NULL),(19,3,'Acting','2015-12-09 00:46:52','2015-12-09 00:46:52',NULL),(20,3,'Dance','2015-12-09 00:46:52','2015-12-09 00:46:52',NULL),(21,3,'Drama and Theater','2015-12-09 00:46:52','2015-12-09 00:46:52',NULL),(22,3,'Museum','2015-12-09 00:46:52','2015-12-09 00:46:52',NULL),(23,3,'Music','2015-12-09 00:46:52','2015-12-09 00:46:52',NULL),(24,3,'Spirituality','2015-12-09 00:46:52','2015-12-09 00:46:52',NULL),(25,4,'Economy','2015-12-09 00:46:52','2015-12-09 00:46:52',NULL),(26,4,'Executive','2015-12-09 00:46:52','2015-12-09 00:46:52',NULL),(27,4,'Freelance Consulting','2015-12-09 00:46:52','2015-12-09 00:46:52',NULL),(28,4,'Management Consulting','2015-12-09 00:46:52','2015-12-09 00:46:52',NULL),(29,4,'Project Management','2015-12-09 00:46:52','2015-12-09 00:46:52',NULL),(30,4,'Risk Management','2015-12-09 00:46:52','2015-12-09 00:46:52',NULL),(31,4,'Statistics','2015-12-09 00:46:52','2015-12-09 00:46:52',NULL),(32,5,'Art','2015-12-09 00:46:52','2015-12-09 00:46:52',NULL),(33,5,'Exhibition','2015-12-09 00:46:52','2015-12-09 00:46:52',NULL),(34,5,'Fashion','2015-12-09 00:46:52','2015-12-09 00:46:52',NULL),(35,5,'Furniture','2015-12-09 00:46:52','2015-12-09 00:46:52',NULL),(36,5,'Glass and Ceramic','2015-12-09 00:46:52','2015-12-09 00:46:52',NULL),(37,5,'Graphical','2015-12-09 00:46:52','2015-12-09 00:46:52',NULL),(38,5,'Industrial','2015-12-09 00:46:52','2015-12-09 00:46:52',NULL),(39,5,'Interior','2015-12-09 00:46:52','2015-12-09 00:46:52',NULL),(40,5,'Jewellery','2015-12-09 00:46:52','2015-12-09 00:46:52',NULL),(41,5,'Photography','2015-12-09 00:46:52','2015-12-09 00:46:52',NULL),(42,5,'Product','2015-12-09 00:46:52','2015-12-09 00:46:52',NULL),(43,5,'Textile','2015-12-09 00:46:52','2015-12-09 00:46:52',NULL),(44,5,'Web','2015-12-09 00:46:52','2015-12-09 00:46:52',NULL),(45,6,'Drilling Engineering','2015-12-09 00:46:52','2015-12-09 00:46:52',NULL),(46,6,'Energy Engineering','2015-12-09 00:46:52','2015-12-09 00:46:52',NULL),(47,6,'Energy Management','2015-12-09 00:46:52','2015-12-09 00:46:52',NULL),(48,6,'Geochemistry','2015-12-09 00:46:52','2015-12-09 00:46:52',NULL),(49,6,'Geoscience','2015-12-09 00:46:52','2015-12-09 00:46:52',NULL),(50,6,'Hydroscience','2015-12-09 00:46:52','2015-12-09 00:46:52',NULL),(51,6,'Minerals','2015-12-09 00:46:52','2015-12-09 00:46:52',NULL),(52,6,'Mining','2015-12-09 00:46:52','2015-12-09 00:46:52',NULL),(53,6,'Oil and Gas','2015-12-09 00:46:52','2015-12-09 00:46:52',NULL),(54,6,'Water','2015-12-09 00:46:52','2015-12-09 00:46:52',NULL),(55,7,'Aerospace','2015-12-09 00:46:52','2015-12-09 00:46:52',NULL),(56,7,'Automotive','2015-12-09 00:46:52','2015-12-09 00:46:52',NULL),(57,7,'Biomedical','2015-12-09 00:46:52','2015-12-09 00:46:52',NULL),(58,7,'Chemical','2015-12-09 00:46:52','2015-12-09 00:46:52',NULL),(59,7,'Communications','2015-12-09 00:46:52','2015-12-09 00:46:52',NULL),(60,7,'Electrical','2015-12-09 00:46:52','2015-12-09 00:46:52',NULL),(61,7,'Electronics','2015-12-09 00:46:52','2015-12-09 00:46:52',NULL),(62,7,'Environmental','2015-12-09 00:46:52','2015-12-09 00:46:52',NULL),(63,7,'Management Engineering','2015-12-09 00:46:52','2015-12-09 00:46:52',NULL),(64,7,'Materials','2015-12-09 00:46:52','2015-12-09 00:46:52',NULL),(65,7,'Mechanical','2015-12-09 00:46:52','2015-12-09 00:46:52',NULL),(66,7,'Naval','2015-12-09 00:46:52','2015-12-09 00:46:52',NULL),(67,7,'Network and IT','2015-12-09 00:46:53','2015-12-09 00:46:53',NULL),(68,7,'Production and Process','2015-12-09 00:46:53','2015-12-09 00:46:53',NULL),(69,8,'Agriculture','2015-12-09 00:46:53','2015-12-09 00:46:53',NULL),(70,8,'Ecology','2015-12-09 00:46:53','2015-12-09 00:46:53',NULL),(71,8,'Environmental Consultancy','2015-12-09 00:46:53','2015-12-09 00:46:53',NULL),(72,8,'Fishery','2015-12-09 00:46:53','2015-12-09 00:46:53',NULL),(73,8,'Forestry','2015-12-09 00:46:53','2015-12-09 00:46:53',NULL),(74,8,'Horticulture','2015-12-09 00:46:53','2015-12-09 00:46:53',NULL),(75,8,'Marine Science','2015-12-09 00:46:53','2015-12-09 00:46:53',NULL),(76,8,'Nature Conservation','2015-12-09 00:46:53','2015-12-09 00:46:53',NULL),(77,8,'Oceanography','2015-12-09 00:46:53','2015-12-09 00:46:53',NULL),(78,8,'Recycling','2015-12-09 00:46:53','2015-12-09 00:46:53',NULL),(79,8,'Veterinary','2015-12-09 00:46:53','2015-12-09 00:46:53',NULL),(80,8,'Waste Management','2015-12-09 00:46:53','2015-12-09 00:46:53',NULL),(81,9,'Administration','2015-12-09 00:46:53','2015-12-09 00:46:53',NULL),(82,9,'Community Development','2015-12-09 00:46:53','2015-12-09 00:46:53',NULL),(83,9,'Dentistry','2015-12-09 00:46:53','2015-12-09 00:46:53',NULL),(84,9,'Medical Secretary','2015-12-09 00:46:53','2015-12-09 00:46:53',NULL),(85,9,'Medicine','2015-12-09 00:46:53','2015-12-09 00:46:53',NULL),(86,9,'Nursing and Care','2015-12-09 00:46:53','2015-12-09 00:46:53',NULL),(87,9,'Obstetrics','2015-12-09 00:46:53','2015-12-09 00:46:53',NULL),(88,9,'Optometry','2015-12-09 00:46:53','2015-12-09 00:46:53',NULL),(89,9,'Personal Care','2015-12-09 00:46:53','2015-12-09 00:46:53',NULL),(90,9,'Pharmacy','2015-12-09 00:46:53','2015-12-09 00:46:53',NULL),(91,9,'Psychology','2015-12-09 00:46:53','2015-12-09 00:46:53',NULL),(92,9,'Social Consultancy','2015-12-09 00:46:53','2015-12-09 00:46:53',NULL),(93,9,'Therapy and Rehabilitation','2015-12-09 00:46:53','2015-12-09 00:46:53',NULL),(94,10,'Accommodations Service','2015-12-09 00:46:53','2015-12-09 00:46:53',NULL),(95,10,'Cafe, Bar and Restaurant','2015-12-09 00:46:53','2015-12-09 00:46:53',NULL),(96,10,'Catering','2015-12-09 00:46:53','2015-12-09 00:46:53',NULL),(97,10,'Event Management','2015-12-09 00:46:53','2015-12-09 00:46:53',NULL),(98,10,'Food and Beverages','2015-12-09 00:46:53','2015-12-09 00:46:53',NULL),(99,10,'Hotel','2015-12-09 00:46:53','2015-12-09 00:46:53',NULL),(100,10,'Tourism Management','2015-12-09 00:46:53','2015-12-09 00:46:53',NULL),(101,10,'Tourist Guiding','2015-12-09 00:46:53','2015-12-09 00:46:53',NULL),(102,10,'Travel Agency','2015-12-09 00:46:53','2015-12-09 00:46:53',NULL),(103,11,'Applications','2015-12-09 00:46:53','2015-12-09 00:46:53',NULL),(104,11,'Database','2015-12-09 00:46:53','2015-12-09 00:46:53',NULL),(105,11,'Games','2015-12-09 00:46:53','2015-12-09 00:46:53',NULL),(106,11,'IT Consultancy','2015-12-09 00:46:53','2015-12-09 00:46:53',NULL),(107,11,'IT Management','2015-12-09 00:46:53','2015-12-09 00:46:53',NULL),(108,11,'IT Sales','2015-12-09 00:46:53','2015-12-09 00:46:53',NULL),(109,11,'Network','2015-12-09 00:46:53','2015-12-09 00:46:53',NULL),(110,11,'Programming','2015-12-09 00:46:53','2015-12-09 00:46:53',NULL),(111,11,'Software','2015-12-09 00:46:53','2015-12-09 00:46:53',NULL),(112,11,'System Analysis','2015-12-09 00:46:53','2015-12-09 00:46:53',NULL),(113,11,'System Development','2015-12-09 00:46:53','2015-12-09 00:46:53',NULL),(114,11,'Technical Support','2015-12-09 00:46:53','2015-12-09 00:46:53',NULL),(115,11,'Tele and Data Communication','2015-12-09 00:46:53','2015-12-09 00:46:53',NULL),(116,11,'Web Development','2015-12-09 00:46:53','2015-12-09 00:46:53',NULL),(117,11,'Web Design','2015-12-09 00:46:53','2015-12-09 00:46:53',NULL),(118,12,'Actuary','2015-12-09 00:46:53','2015-12-09 00:46:53',NULL),(119,12,'Insurance Consultancy','2015-12-09 00:46:53','2015-12-09 00:46:53',NULL),(120,12,'Insurance Sales','2015-12-09 00:46:53','2015-12-09 00:46:53',NULL),(121,12,'Pensions Consultancy','2015-12-09 00:46:53','2015-12-09 00:46:53',NULL),(122,12,'Risk Management','2015-12-09 00:46:53','2015-12-09 00:46:53',NULL),(123,13,'Broadcasting','2015-12-09 00:46:53','2015-12-09 00:46:53',NULL),(124,13,'Film','2015-12-09 00:46:53','2015-12-09 00:46:53',NULL),(125,13,'Magazine','2015-12-09 00:46:53','2015-12-09 00:46:53',NULL),(126,13,'Newspaper','2015-12-09 00:46:53','2015-12-09 00:46:53',NULL),(127,13,'Press','2015-12-09 00:46:53','2015-12-09 00:46:53',NULL),(128,13,'Print Production','2015-12-09 00:46:53','2015-12-09 00:46:53',NULL),(129,13,'TV','2015-12-09 00:46:53','2015-12-09 00:46:53',NULL),(130,13,'Writing','2015-12-09 00:46:53','2015-12-09 00:46:53',NULL),(131,14,'Civil Law','2015-12-09 00:46:53','2015-12-09 00:46:53',NULL),(132,14,'Coorporate Law','2015-12-09 00:46:53','2015-12-09 00:46:53',NULL),(133,14,'Criminal Law','2015-12-09 00:46:53','2015-12-09 00:46:53',NULL),(134,14,'International Law','2015-12-09 00:46:53','2015-12-09 00:46:53',NULL),(135,15,'Advertising','2015-12-09 00:46:53','2015-12-09 00:46:53',NULL),(136,15,'Communications','2015-12-09 00:46:53','2015-12-09 00:46:53',NULL),(137,15,'Marketing','2015-12-09 00:46:53','2015-12-09 00:46:53',NULL),(138,15,'Public Relations','2015-12-09 00:46:53','2015-12-09 00:46:53',NULL),(139,15,'Telemarketing','2015-12-09 00:46:53','2015-12-09 00:46:53',NULL),(140,16,'Administration','2015-12-09 00:46:53','2015-12-09 00:46:53',NULL),(141,16,'Purchasing and Procurement','2015-12-09 00:46:53','2015-12-09 00:46:53',NULL),(142,16,'Secretary and Reception','2015-12-09 00:46:53','2015-12-09 00:46:53',NULL),(143,16,'Trainee','2015-12-09 00:46:53','2015-12-09 00:46:53',NULL),(144,16,'Translation','2015-12-09 00:46:53','2015-12-09 00:46:53',NULL),(145,17,'HR Management','2015-12-09 00:46:53','2015-12-09 00:46:53',NULL),(146,17,'Human Resources','2015-12-09 00:46:53','2015-12-09 00:46:53',NULL),(147,17,'Recruitment','2015-12-09 00:46:53','2015-12-09 00:46:53',NULL),(148,17,'Staff Training','2015-12-09 00:46:53','2015-12-09 00:46:53',NULL),(149,18,'Arts and Crafts','2015-12-09 00:46:53','2015-12-09 00:46:53',NULL),(150,18,'Clothing','2015-12-09 00:46:53','2015-12-09 00:46:53',NULL),(151,18,'Food and Beverages','2015-12-09 00:46:53','2015-12-09 00:46:53',NULL),(152,18,'Home Accessories','2015-12-09 00:46:53','2015-12-09 00:46:53',NULL),(153,18,'Personal Accessories','2015-12-09 00:46:53','2015-12-09 00:46:53',NULL),(154,18,'Print and Media','2015-12-09 00:46:53','2015-12-09 00:46:53',NULL),(155,18,'Sports','2015-12-09 00:46:53','2015-12-09 00:46:53',NULL),(156,18,'Vehicles','2015-12-09 00:46:53','2015-12-09 00:46:53',NULL),(157,19,'Call Center','2015-12-09 00:46:53','2015-12-09 00:46:53',NULL),(158,19,'Customer Service','2015-12-09 00:46:53','2015-12-09 00:46:53',NULL),(159,19,'IT Sales','2015-12-09 00:46:53','2015-12-09 00:46:53',NULL),(160,19,'Medical Sales','2015-12-09 00:46:53','2015-12-09 00:46:53',NULL),(161,19,'Real Estate','2015-12-09 00:46:53','2015-12-09 00:46:53',NULL),(162,19,'Sales Management','2015-12-09 00:46:53','2015-12-09 00:46:53',NULL),(163,19,'Technical Sales','2015-12-09 00:46:53','2015-12-09 00:46:53',NULL),(164,20,'Applied Science','2015-12-09 00:46:53','2015-12-09 00:46:53',NULL),(165,20,'Astronomy','2015-12-09 00:46:53','2015-12-09 00:46:53',NULL),(166,20,'Behavioural Science','2015-12-09 00:46:53','2015-12-09 00:46:53',NULL),(167,20,'Biology','2015-12-09 00:46:53','2015-12-09 00:46:53',NULL),(168,20,'Chemistry','2015-12-09 00:46:53','2015-12-09 00:46:53',NULL),(169,20,'Earth Science','2015-12-09 00:46:53','2015-12-09 00:46:53',NULL),(170,20,'Health Science','2015-12-09 00:46:53','2015-12-09 00:46:53',NULL),(171,20,'Physics','2015-12-09 00:46:53','2015-12-09 00:46:53',NULL),(172,20,'Social Science','2015-12-09 00:46:53','2015-12-09 00:46:53',NULL),(173,21,'Armed Forces','2015-12-09 00:46:53','2015-12-09 00:46:53',NULL),(174,21,'Emergency Response','2015-12-09 00:46:53','2015-12-09 00:46:53',NULL),(175,21,'Firefighting','2015-12-09 00:46:53','2015-12-09 00:46:53',NULL),(176,21,'Health and Safety','2015-12-09 00:46:53','2015-12-09 00:46:53',NULL),(177,21,'Paramedical','2015-12-09 00:46:53','2015-12-09 00:46:53',NULL),(178,21,'Police','2015-12-09 00:46:53','2015-12-09 00:46:53',NULL),(179,21,'Prison','2015-12-09 00:46:53','2015-12-09 00:46:53',NULL),(180,21,'Private Security','2015-12-09 00:46:53','2015-12-09 00:46:53',NULL),(181,22,'Adult Education','2015-12-09 00:46:53','2015-12-09 00:46:53',NULL),(182,22,'Elementary School','2015-12-09 00:46:53','2015-12-09 00:46:53',NULL),(183,22,'Higher Education','2015-12-09 00:46:53','2015-12-09 00:46:53',NULL),(184,22,'Institution Management','2015-12-09 00:46:53','2015-12-09 00:46:53',NULL),(185,22,'Kindergarten','2015-12-09 00:46:53','2015-12-09 00:46:53',NULL),(186,22,'Languages','2015-12-09 00:46:53','2015-12-09 00:46:53',NULL),(187,22,'Library','2015-12-09 00:46:53','2015-12-09 00:46:53',NULL),(188,22,'Music','2015-12-09 00:46:53','2015-12-09 00:46:53',NULL),(189,22,'Research','2015-12-09 00:46:53','2015-12-09 00:46:53',NULL),(190,22,'University','2015-12-09 00:46:53','2015-12-09 00:46:53',NULL),(191,23,'Aviation Industry','2015-12-09 00:46:53','2015-12-09 00:46:53',NULL),(192,23,'Cargo','2015-12-09 00:46:53','2015-12-09 00:46:53',NULL),(193,23,'Freight','2015-12-09 00:46:53','2015-12-09 00:46:53',NULL),(194,23,'Logistics Management','2015-12-09 00:46:53','2015-12-09 00:46:53',NULL),(195,23,'Passenger Transportation','2015-12-09 00:46:53','2015-12-09 00:46:53',NULL),(196,23,'Shipping','2015-12-09 00:46:53','2015-12-09 00:46:53',NULL),(197,24,'Automotive','2015-12-09 00:46:53','2015-12-09 00:46:53',NULL),(198,24,'Cleaning','2015-12-09 00:46:53','2015-12-09 00:46:53',NULL),(199,24,'Construction','2015-12-09 00:46:53','2015-12-09 00:46:53',NULL),(200,24,'Facility Management','2015-12-09 00:46:53','2015-12-09 00:46:53',NULL),(201,24,'Industrial Manufacturing','2015-12-09 00:46:53','2015-12-09 00:46:53',NULL),(202,24,'Warehouse','2015-12-09 00:46:53','2015-12-09 00:46:53',NULL),(203,7,'Pharmaceutical','2015-12-09 00:46:53','2015-12-09 00:46:53',NULL);
/*!40000 ALTER TABLE `sub_categories` ENABLE KEYS */;
UNLOCK TABLES;

--
-- Table structure for table `tag_types`
--

DROP TABLE IF EXISTS `tag_types`;
/*!40101 SET @saved_cs_client     = @@character_set_client */;
/*!40101 SET character_set_client = utf8 */;
CREATE TABLE `tag_types` (
  `id` int(10) unsigned NOT NULL AUTO_INCREMENT,
  `name` varchar(255) COLLATE utf8_unicode_ci NOT NULL,
  `created_at` timestamp NOT NULL DEFAULT '0000-00-00 00:00:00',
  `updated_at` timestamp NOT NULL DEFAULT '0000-00-00 00:00:00',
  `deleted_at` timestamp NULL DEFAULT NULL,
  PRIMARY KEY (`id`)
) ENGINE=InnoDB AUTO_INCREMENT=6 DEFAULT CHARSET=utf8 COLLATE=utf8_unicode_ci;
/*!40101 SET character_set_client = @saved_cs_client */;

--
-- Dumping data for table `tag_types`
--

LOCK TABLES `tag_types` WRITE;
/*!40000 ALTER TABLE `tag_types` DISABLE KEYS */;
INSERT INTO `tag_types` VALUES (1,'personal','2015-12-09 00:47:25','2015-12-09 00:47:25',NULL),(2,'professional','2015-12-09 00:47:25','2015-12-09 00:47:25',NULL),(3,'job','2015-12-09 00:47:25','2015-12-09 00:47:25',NULL),(4,'company','2016-01-11 13:19:10','2016-01-11 13:19:20',NULL),(5,'blog','2016-01-14 23:36:19','2016-01-14 23:36:19',NULL);
/*!40000 ALTER TABLE `tag_types` ENABLE KEYS */;
UNLOCK TABLES;

--
-- Table structure for table `taggables`
--

DROP TABLE IF EXISTS `taggables`;
/*!40101 SET @saved_cs_client     = @@character_set_client */;
/*!40101 SET character_set_client = utf8 */;
CREATE TABLE `taggables` (
  `id` int(10) unsigned NOT NULL AUTO_INCREMENT,
  `tag_id` int(10) unsigned NOT NULL,
  `taggable_id` int(10) unsigned NOT NULL,
  `taggable_type` varchar(255) COLLATE utf8_unicode_ci NOT NULL,
  PRIMARY KEY (`id`),
  KEY `taggables_taggable_id_taggable_type_index` (`taggable_id`,`taggable_type`),
  KEY `taggables_tag_id_index` (`tag_id`),
  CONSTRAINT `taggables_tag_id_foreign` FOREIGN KEY (`tag_id`) REFERENCES `tags` (`id`) ON DELETE CASCADE
) ENGINE=InnoDB AUTO_INCREMENT=856 DEFAULT CHARSET=utf8 COLLATE=utf8_unicode_ci;
/*!40101 SET character_set_client = @saved_cs_client */;

--
-- Dumping data for table `taggables`
--

LOCK TABLES `taggables` WRITE;
/*!40000 ALTER TABLE `taggables` DISABLE KEYS */;
INSERT INTO `taggables` VALUES (1,389,1,'App\\User'),(2,390,1,'App\\User'),(3,391,1,'App\\User'),(4,392,1,'App\\User'),(5,393,1,'App\\User'),(6,394,1,'App\\User'),(7,395,1,'App\\User'),(8,396,1,'App\\User'),(9,397,1,'App\\User'),(10,398,1,'App\\User'),(56,430,36,'App\\User'),(57,431,36,'App\\User'),(58,348,36,'App\\User'),(59,432,36,'App\\User'),(88,452,43,'App\\User'),(95,456,71,'App\\User'),(150,498,145,'App\\User'),(216,537,144,'App\\User'),(217,538,144,'App\\User'),(218,501,144,'App\\User'),(219,539,144,'App\\User'),(220,497,144,'App\\User'),(236,348,109,'App\\User'),(239,351,109,'App\\User'),(241,349,109,'App\\User'),(311,408,207,'App\\User'),(312,413,207,'App\\User'),(313,593,207,'App\\User'),(314,389,207,'App\\User'),(315,393,207,'App\\User'),(316,270,207,'App\\User'),(317,387,207,'App\\User'),(318,414,207,'App\\User'),(319,417,207,'App\\User'),(320,437,207,'App\\User'),(322,210,213,'App\\User'),(323,594,213,'App\\User'),(324,210,213,'App\\User'),(325,595,213,'App\\User'),(326,230,2,'App\\User'),(327,228,2,'App\\User'),(336,598,2,'App\\User'),(338,599,2,'App\\User'),(340,234,4,'App\\User'),(341,195,4,'App\\User'),(342,235,4,'App\\User'),(343,259,4,'App\\User'),(344,236,4,'App\\User'),(345,83,4,'App\\User'),(346,58,4,'App\\User'),(347,37,4,'App\\User'),(348,77,4,'App\\User'),(349,15,4,'App\\User'),(350,21,17,'App\\User'),(351,34,17,'App\\User'),(352,42,17,'App\\User'),(353,43,17,'App\\User'),(354,71,17,'App\\User'),(355,22,26,'App\\User'),(356,56,26,'App\\User'),(357,26,26,'App\\User'),(358,195,26,'App\\User'),(359,153,26,'App\\User'),(360,210,26,'App\\User'),(361,217,26,'App\\User'),(362,204,30,'App\\User'),(363,195,30,'App\\User'),(364,237,30,'App\\User'),(365,210,30,'App\\User'),(366,170,30,'App\\User'),(367,238,35,'App\\User'),(368,239,35,'App\\User'),(369,241,35,'App\\User'),(370,242,35,'App\\User'),(371,245,35,'App\\User'),(372,93,35,'App\\User'),(373,94,35,'App\\User'),(374,95,35,'App\\User'),(375,56,37,'App\\User'),(376,3,37,'App\\User'),(377,91,37,'App\\User'),(378,90,37,'App\\User'),(381,600,215,'App\\User'),(382,197,215,'App\\User'),(383,601,215,'App\\User'),(384,197,215,'App\\User'),(385,602,215,'App\\User'),(388,603,217,'App\\User'),(389,197,217,'App\\User'),(390,604,217,'App\\User'),(391,197,217,'App\\User'),(392,605,217,'App\\User'),(393,246,38,'App\\User'),(394,247,38,'App\\User'),(395,248,38,'App\\User'),(396,249,38,'App\\User'),(397,250,38,'App\\User'),(398,251,39,'App\\User'),(399,252,39,'App\\User'),(400,195,39,'App\\User'),(401,197,40,'App\\User'),(402,228,40,'App\\User'),(403,195,40,'App\\User'),(404,219,40,'App\\User'),(405,255,40,'App\\User'),(406,51,40,'App\\User'),(407,96,40,'App\\User'),(408,97,40,'App\\User'),(412,606,40,'App\\User'),(413,251,43,'App\\User'),(414,213,43,'App\\User'),(415,256,43,'App\\User'),(416,240,45,'App\\User'),(417,257,45,'App\\User'),(418,210,49,'App\\User'),(419,607,219,'App\\User'),(420,297,219,'App\\User'),(421,608,219,'App\\User'),(422,406,219,'App\\User'),(423,609,219,'App\\User'),(424,328,62,'App\\User'),(427,190,62,'App\\User'),(428,56,62,'App\\User'),(429,121,62,'App\\User'),(430,114,62,'App\\User'),(431,198,63,'App\\User'),(432,260,79,'App\\User'),(433,261,79,'App\\User'),(434,610,83,'App\\User'),(435,611,83,'App\\User'),(436,42,83,'App\\User'),(437,262,83,'App\\User'),(438,612,84,'App\\User'),(439,376,84,'App\\User'),(440,613,84,'App\\User'),(441,614,84,'App\\User'),(442,615,84,'App\\User'),(444,617,85,'App\\User'),(445,618,85,'App\\User'),(446,619,87,'App\\User'),(447,620,87,'App\\User'),(448,621,87,'App\\User'),(449,622,87,'App\\User'),(450,623,88,'App\\User'),(451,624,88,'App\\User'),(452,547,88,'App\\User'),(453,625,88,'App\\User'),(456,626,89,'App\\User'),(457,231,89,'App\\User'),(459,259,89,'App\\User'),(460,282,90,'App\\User'),(461,283,90,'App\\User'),(462,284,90,'App\\User'),(463,285,90,'App\\User'),(464,281,90,'App\\User'),(465,627,97,'App\\User'),(466,628,97,'App\\User'),(467,629,97,'App\\User'),(468,630,97,'App\\User'),(469,631,97,'App\\User'),(470,73,97,'App\\User'),(471,39,97,'App\\User'),(472,42,97,'App\\User'),(473,21,97,'App\\User'),(474,81,97,'App\\User'),(475,632,98,'App\\User'),(476,633,98,'App\\User'),(477,634,98,'App\\User'),(478,210,109,'App\\User'),(479,350,109,'App\\User'),(480,70,110,'App\\User'),(481,286,110,'App\\User'),(482,483,110,'App\\User'),(483,29,110,'App\\User'),(484,341,111,'App\\User'),(485,342,111,'App\\User'),(486,331,111,'App\\User'),(487,193,117,'App\\User'),(490,635,119,'App\\User'),(491,100,119,'App\\User'),(492,295,119,'App\\User'),(493,636,119,'App\\User'),(494,131,122,'App\\User'),(495,331,122,'App\\User'),(496,159,123,'App\\User'),(497,637,127,'App\\User'),(498,638,127,'App\\User'),(499,639,127,'App\\User'),(500,120,134,'App\\User'),(501,37,134,'App\\User'),(503,324,134,'App\\User'),(504,195,134,'App\\User'),(505,162,134,'App\\User'),(506,77,134,'App\\User'),(507,119,134,'App\\User'),(508,73,134,'App\\User'),(509,640,2,'App\\User'),(510,641,6,'App\\User'),(529,49,6,'App\\User'),(531,45,6,'App\\User'),(535,81,6,'App\\User'),(541,58,6,'App\\User'),(543,56,6,'App\\User'),(553,660,6,'App\\User'),(556,217,6,'App\\User'),(558,195,6,'App\\User'),(559,231,6,'App\\User'),(560,663,151,'App\\User'),(562,319,151,'App\\User'),(563,665,151,'App\\User'),(564,666,151,'App\\User'),(565,667,151,'App\\User'),(567,62,151,'App\\User'),(568,669,151,'App\\User'),(569,670,151,'App\\User'),(570,671,153,'App\\User'),(571,12,153,'App\\User'),(573,42,153,'App\\User'),(574,125,153,'App\\User'),(575,73,153,'App\\User'),(579,675,158,'App\\User'),(580,415,158,'App\\User'),(584,677,158,'App\\User'),(585,678,158,'App\\User'),(588,679,158,'App\\User'),(589,680,158,'App\\User'),(590,415,159,'App\\User'),(591,60,159,'App\\User'),(594,681,159,'App\\User'),(595,125,159,'App\\User'),(596,17,159,'App\\User'),(597,581,159,'App\\User'),(598,301,161,'App\\User'),(599,303,161,'App\\User'),(600,304,161,'App\\User'),(601,154,167,'App\\User'),(602,210,167,'App\\User'),(605,682,167,'App\\User'),(606,683,167,'App\\User'),(608,684,167,'App\\User'),(610,685,167,'App\\User'),(611,56,167,'App\\User'),(612,686,167,'App\\User'),(613,253,176,'App\\User'),(614,329,176,'App\\User'),(615,330,176,'App\\User'),(616,331,176,'App\\User'),(617,333,176,'App\\User'),(618,122,176,'App\\User'),(619,123,176,'App\\User'),(620,81,176,'App\\User'),(621,37,176,'App\\User'),(622,687,177,'App\\User'),(623,688,177,'App\\User'),(624,349,177,'App\\User'),(626,376,177,'App\\User'),(628,98,177,'App\\User'),(629,137,177,'App\\User'),(630,42,177,'App\\User'),(631,3,177,'App\\User'),(634,691,178,'App\\User'),(635,334,178,'App\\User'),(636,336,178,'App\\User'),(637,337,178,'App\\User'),(640,692,178,'App\\User'),(641,22,178,'App\\User'),(642,125,178,'App\\User'),(643,128,178,'App\\User'),(644,180,220,'App\\User'),(647,693,220,'App\\User'),(649,694,220,'App\\User'),(651,695,220,'App\\User'),(653,696,220,'App\\User'),(654,165,220,'App\\User'),(663,701,220,'App\\User'),(664,483,220,'App\\User'),(666,77,220,'App\\User'),(672,143,220,'App\\User'),(673,706,220,'App\\User'),(674,143,220,'App\\User'),(675,707,220,'App\\User'),(676,143,220,'App\\User'),(677,708,220,'App\\User'),(678,143,220,'App\\User'),(679,709,220,'App\\User'),(680,143,220,'App\\User'),(681,710,220,'App\\User'),(682,143,220,'App\\User'),(683,711,220,'App\\User'),(684,143,220,'App\\User'),(685,712,220,'App\\User'),(686,143,220,'App\\User'),(687,713,220,'App\\User'),(688,143,220,'App\\User'),(689,714,220,'App\\User'),(690,369,182,'App\\User'),(691,370,182,'App\\User'),(692,373,182,'App\\User'),(693,371,182,'App\\User'),(694,372,182,'App\\User'),(695,356,184,'App\\User'),(696,137,185,'App\\User'),(697,17,185,'App\\User'),(698,100,185,'App\\User'),(699,138,185,'App\\User'),(700,355,185,'App\\User'),(701,356,185,'App\\User'),(702,357,185,'App\\User'),(703,358,185,'App\\User'),(704,359,185,'App\\User'),(705,360,186,'App\\User'),(706,364,186,'App\\User'),(709,715,186,'App\\User'),(710,229,186,'App\\User'),(711,716,186,'App\\User'),(714,717,186,'App\\User'),(715,140,186,'App\\User'),(716,141,186,'App\\User'),(717,15,186,'App\\User'),(718,82,186,'App\\User'),(719,718,187,'App\\User'),(720,367,187,'App\\User'),(724,720,187,'App\\User'),(725,375,187,'App\\User'),(730,148,187,'App\\User'),(731,724,187,'App\\User'),(732,148,187,'App\\User'),(733,725,187,'App\\User'),(734,148,187,'App\\User'),(735,726,187,'App\\User'),(736,77,187,'App\\User'),(738,77,187,'App\\User'),(739,728,187,'App\\User'),(740,195,189,'App\\User'),(741,199,189,'App\\User'),(742,729,195,'App\\User'),(743,730,195,'App\\User'),(744,731,195,'App\\User'),(745,732,195,'App\\User'),(746,733,198,'App\\User'),(747,734,198,'App\\User'),(748,382,206,'App\\User'),(749,384,206,'App\\User'),(750,386,206,'App\\User'),(753,735,206,'App\\User'),(754,3,206,'App\\User'),(755,56,206,'App\\User'),(756,137,206,'App\\User'),(757,41,206,'App\\User'),(758,147,206,'App\\User'),(759,287,15,'App\\User'),(760,415,15,'App\\User'),(762,367,2,'App\\User'),(763,195,222,'App\\User'),(764,301,222,'App\\User'),(765,375,222,'App\\User'),(766,188,222,'App\\User'),(767,435,222,'App\\User'),(768,56,222,'App\\User'),(769,737,222,'App\\User'),(770,21,222,'App\\User'),(771,738,222,'App\\User'),(772,739,222,'App\\User'),(777,742,225,'App\\User'),(778,743,225,'App\\User'),(779,744,225,'App\\User'),(780,745,225,'App\\User'),(781,746,225,'App\\User'),(782,747,225,'App\\User'),(783,90,225,'App\\User'),(784,77,225,'App\\User'),(785,748,225,'App\\User'),(786,349,2,'App\\User'),(791,750,229,'App\\User'),(794,752,232,'App\\User'),(795,753,232,'App\\User'),(796,754,232,'App\\User'),(797,755,232,'App\\User'),(798,756,232,'App\\User'),(800,348,242,'App\\User'),(801,759,221,'App\\User'),(802,760,221,'App\\User'),(803,761,221,'App\\User'),(804,762,221,'App\\User'),(805,763,221,'App\\User'),(806,764,253,'App\\User'),(809,767,253,'App\\User'),(810,768,253,'App\\User'),(811,769,253,'App\\User'),(812,770,253,'App\\User'),(813,771,253,'App\\User'),(814,772,253,'App\\User'),(816,773,253,'App\\User'),(817,774,253,'App\\User'),(818,775,253,'App\\User'),(819,71,253,'App\\User'),(820,725,253,'App\\User'),(821,140,253,'App\\User'),(823,680,253,'App\\User'),(824,581,253,'App\\User'),(825,22,253,'App\\User'),(827,670,253,'App\\User'),(829,776,253,'App\\User'),(830,777,254,'App\\User'),(831,778,254,'App\\User'),(832,417,254,'App\\User'),(833,256,254,'App\\User'),(834,47,254,'App\\User'),(835,325,254,'App\\User'),(836,581,254,'App\\User'),(837,779,254,'App\\User'),(838,68,254,'App\\User'),(839,83,254,'App\\User'),(840,780,255,'App\\User'),(841,781,255,'App\\User'),(843,783,255,'App\\User'),(845,785,255,'App\\User'),(846,396,222,'App\\User'),(847,73,222,'App\\User'),(848,786,255,'App\\User'),(849,787,230,'App\\User'),(850,788,230,'App\\User'),(851,789,230,'App\\User'),(852,790,230,'App\\User'),(853,21,2,'App\\User'),(854,77,2,'App\\User');
/*!40000 ALTER TABLE `taggables` ENABLE KEYS */;
UNLOCK TABLES;

--
-- Table structure for table `tags`
--

DROP TABLE IF EXISTS `tags`;
/*!40101 SET @saved_cs_client     = @@character_set_client */;
/*!40101 SET character_set_client = utf8 */;
CREATE TABLE `tags` (
  `id` int(10) unsigned NOT NULL AUTO_INCREMENT,
  `tag_type_id` int(10) unsigned NOT NULL,
  `name` varchar(255) COLLATE utf8_unicode_ci NOT NULL,
  `created_at` timestamp NOT NULL DEFAULT '0000-00-00 00:00:00',
  `updated_at` timestamp NOT NULL DEFAULT '0000-00-00 00:00:00',
  `deleted_at` timestamp NULL DEFAULT NULL,
  PRIMARY KEY (`id`),
  KEY `tags_tag_type_id_index` (`tag_type_id`),
  CONSTRAINT `tags_tag_type_id_foreign` FOREIGN KEY (`tag_type_id`) REFERENCES `tag_types` (`id`) ON DELETE CASCADE
) ENGINE=InnoDB AUTO_INCREMENT=792 DEFAULT CHARSET=utf8 COLLATE=utf8_unicode_ci;
/*!40101 SET character_set_client = @saved_cs_client */;

--
-- Dumping data for table `tags`
--

LOCK TABLES `tags` WRITE;
/*!40000 ALTER TABLE `tags` DISABLE KEYS */;
INSERT INTO `tags` VALUES (1,1,'Adaptive','2015-12-09 00:47:25','2015-12-09 00:47:25',NULL),(2,1,'Adventurous','2015-12-09 00:47:25','2015-12-09 00:47:25',NULL),(3,1,'Ambitious','2015-12-09 00:47:25','2015-12-09 00:47:25',NULL),(4,1,'Amusing','2015-12-09 00:47:25','2015-12-09 00:47:25',NULL),(5,1,'Approachable','2015-12-09 00:47:25','2015-12-09 00:47:25',NULL),(6,1,'Articulate','2015-12-09 00:47:25','2015-12-09 00:47:25',NULL),(7,1,'Autonomous','2015-12-09 00:47:25','2015-12-09 00:47:25',NULL),(8,1,'Brave','2015-12-09 00:47:25','2015-12-09 00:47:25',NULL),(9,1,'Bright','2015-12-09 00:47:25','2015-12-09 00:47:25',NULL),(10,1,'Calm','2015-12-09 00:47:25','2015-12-09 00:47:25',NULL),(11,1,'Careful','2015-12-09 00:47:25','2015-12-09 00:47:25',NULL),(12,1,'Charismatic','2015-12-09 00:47:25','2015-12-09 00:47:25',NULL),(13,1,'Cheerful','2015-12-09 00:47:25','2015-12-09 00:47:25',NULL),(14,1,'Clever','2015-12-09 00:47:25','2015-12-09 00:47:25',NULL),(15,1,'Communicative','2015-12-09 00:47:25','2015-12-09 00:47:25',NULL),(16,1,'Competitive','2015-12-09 00:47:25','2015-12-09 00:47:25',NULL),(17,1,'Confident','2015-12-09 00:47:25','2015-12-09 00:47:25',NULL),(18,1,'Considerate','2015-12-09 00:47:25','2015-12-09 00:47:25',NULL),(19,1,'Cooperative','2015-12-09 00:47:25','2015-12-09 00:47:25',NULL),(20,1,'Courteous','2015-12-09 00:47:25','2015-12-09 00:47:25',NULL),(21,1,'Creative','2015-12-09 00:47:25','2015-12-09 00:47:25',NULL),(22,1,'Curious','2015-12-09 00:47:25','2015-12-09 00:47:25',NULL),(23,1,'Decisive','2015-12-09 00:47:25','2015-12-09 00:47:25',NULL),(24,1,'Determined','2015-12-09 00:47:25','2015-12-09 00:47:25',NULL),(25,1,'Devoted','2015-12-09 00:47:25','2015-12-09 00:47:25',NULL),(26,1,'Diligent','2015-12-09 00:47:25','2015-12-09 00:47:25',NULL),(27,1,'Diplomatic','2015-12-09 00:47:25','2015-12-09 00:47:25',NULL),(28,1,'Discreet','2015-12-09 00:47:25','2015-12-09 00:47:25',NULL),(29,1,'Dynamic','2015-12-09 00:47:25','2015-12-09 00:47:25',NULL),(30,1,'Easygoing','2015-12-09 00:47:25','2015-12-09 00:47:25',NULL),(31,1,'Educated','2015-12-09 00:47:25','2015-12-09 00:47:25',NULL),(32,1,'Efficient','2015-12-09 00:47:25','2015-12-09 00:47:25',NULL),(33,1,'Eloquent','2015-12-09 00:47:25','2015-12-09 00:47:25',NULL),(34,1,'Energetic','2015-12-09 00:47:25','2015-12-09 00:47:25',NULL),(35,1,'Enthusiastic','2015-12-09 00:47:25','2015-12-09 00:47:25',NULL),(36,1,'Fearless','2015-12-09 00:47:25','2015-12-09 00:47:25',NULL),(37,1,'Flexible','2015-12-09 00:47:25','2015-12-09 00:47:25',NULL),(38,1,'Focused','2015-12-09 00:47:25','2015-12-09 00:47:25',NULL),(39,1,'Friendly','2015-12-09 00:47:25','2015-12-09 00:47:25',NULL),(40,1,'Generous','2015-12-09 00:47:25','2015-12-09 00:47:25',NULL),(41,1,'Gentle','2015-12-09 00:47:25','2015-12-09 00:47:25',NULL),(42,1,'Hard-working','2015-12-09 00:47:25','2015-12-09 00:47:25',NULL),(43,1,'Honest','2015-12-09 00:47:25','2015-12-09 00:47:25',NULL),(44,1,'Imaginative','2015-12-09 00:47:25','2015-12-09 00:47:25',NULL),(45,1,'Independent','2015-12-09 00:47:25','2015-12-09 00:47:25',NULL),(46,1,'Inexperienced','2015-12-09 00:47:25','2015-12-09 00:47:25',NULL),(47,1,'Inquisitive','2015-12-09 00:47:25','2015-12-09 00:47:25',NULL),(48,1,'Insightful','2015-12-09 00:47:25','2015-12-09 00:47:25',NULL),(49,1,'Intellectual','2015-12-09 00:47:25','2015-12-09 00:47:25',NULL),(50,1,'Intelligent','2015-12-09 00:47:25','2015-12-09 00:47:25',NULL),(51,1,'Intuitive','2015-12-09 00:47:25','2015-12-09 00:47:25',NULL),(52,1,'Kind','2015-12-09 00:47:25','2015-12-09 00:47:25',NULL),(53,1,'Meticulous','2015-12-09 00:47:25','2015-12-09 00:47:25',NULL),(54,1,'Modest','2015-12-09 00:47:25','2015-12-09 00:47:25',NULL),(55,1,'Neurotic','2015-12-09 00:47:25','2015-12-09 00:47:25',NULL),(56,1,'Open-minded','2015-12-09 00:47:25','2015-12-09 00:47:25',NULL),(57,1,'Opinionated','2015-12-09 00:47:25','2015-12-09 00:47:25',NULL),(58,1,'Optimistic','2015-12-09 00:47:25','2015-12-09 00:47:25',NULL),(59,1,'Organized','2015-12-09 00:47:25','2015-12-09 00:47:25',NULL),(60,1,'Patient','2015-12-09 00:47:25','2015-12-09 00:47:25',NULL),(61,1,'Perceptive','2015-12-09 00:47:25','2015-12-09 00:47:25',NULL),(62,1,'Perfectionist','2015-12-09 00:47:25','2015-12-09 00:47:25',NULL),(63,1,'Persuasive','2015-12-09 00:47:25','2015-12-09 00:47:25',NULL),(64,1,'Polite','2015-12-09 00:47:25','2015-12-09 00:47:25',NULL),(65,1,'Powerful','2015-12-09 00:47:25','2015-12-09 00:47:25',NULL),(66,1,'Pro-active','2015-12-09 00:47:25','2015-12-09 00:47:25',NULL),(67,1,'Procedural','2015-12-09 00:47:25','2015-12-09 00:47:25',NULL),(68,1,'Punctual','2015-12-09 00:47:25','2015-12-09 00:47:25',NULL),(69,1,'Quiet','2015-12-09 00:47:25','2015-12-09 00:47:25',NULL),(70,1,'Relaxed','2015-12-09 00:47:25','2015-12-09 00:47:25',NULL),(71,1,'Reliable','2015-12-09 00:47:25','2015-12-09 00:47:25',NULL),(72,1,'Resourceful','2015-12-09 00:47:25','2015-12-09 00:47:25',NULL),(73,1,'Responsible','2015-12-09 00:47:25','2015-12-09 00:47:25',NULL),(74,1,'Sincere','2015-12-09 00:47:25','2015-12-09 00:47:25',NULL),(75,1,'Straightforward','2015-12-09 00:47:25','2015-12-09 00:47:25',NULL),(76,1,'Talkative','2015-12-09 00:47:25','2015-12-09 00:47:25',NULL),(77,1,'Team Player','2015-12-09 00:47:25','2015-12-09 00:47:25',NULL),(78,1,'Technological','2015-12-09 00:47:25','2015-12-09 00:47:25',NULL),(79,1,'Tidy','2015-12-09 00:47:25','2015-12-09 00:47:25',NULL),(80,1,'Understanding','2015-12-09 00:47:25','2015-12-09 00:47:25',NULL),(81,1,'Easy learner','2015-12-09 00:47:25','2015-12-09 00:47:25',NULL),(82,1,'Analytic','2015-12-09 00:47:25','2015-12-09 00:47:25',NULL),(83,1,'Fast learner','2015-12-09 00:47:25','2015-12-09 00:47:25',NULL),(84,1,'Winner','2015-12-09 00:47:25','2015-12-09 00:47:25',NULL),(85,1,'Portraits ','2015-12-09 00:47:25','2015-12-09 00:47:25',NULL),(86,1,'PR','2015-12-09 00:47:25','2015-12-09 00:47:25',NULL),(87,1,'Marketing','2015-12-09 00:47:25','2015-12-09 00:47:25',NULL),(88,1,'WebFilm','2015-12-09 00:47:25','2015-12-09 00:47:25',NULL),(89,1,'overview ','2015-12-09 00:47:25','2015-12-09 00:47:25',NULL),(90,1,'structured ','2015-12-09 00:47:25','2015-12-09 00:47:25',NULL),(91,1,'positive ','2015-12-09 00:47:25','2015-12-09 00:47:25',NULL),(92,1,'interdisciplinarity','2015-12-09 00:47:25','2015-12-09 00:47:25',NULL),(93,1,'critical thinking','2015-12-09 00:47:25','2015-12-09 00:47:25',NULL),(94,1,'cross-cultural cooperation','2015-12-09 00:47:25','2015-12-09 00:47:25',NULL),(95,1,'persistence','2015-12-09 00:47:25','2015-12-09 00:47:25',NULL),(96,1,'Empathy','2015-12-09 00:47:25','2015-12-09 00:47:25',NULL),(97,1,'Logical','2015-12-09 00:47:25','2015-12-09 00:47:25',NULL),(98,1,'Funny','2015-12-09 00:47:25','2015-12-09 00:47:25',NULL),(99,1,'Sensible','2015-12-09 00:47:25','2015-12-09 00:47:25',NULL),(100,1,'Loyal','2015-12-09 00:47:25','2015-12-09 00:47:25',NULL),(101,1,'Soy un chico alegre, bastante ','2015-12-09 00:47:25','2015-12-09 00:47:25',NULL),(102,1,'SoÃ±ador','2015-12-09 00:47:25','2015-12-09 00:47:25',NULL),(103,1,'Alegre y FelÃ­z','2015-12-09 00:47:25','2015-12-09 00:47:25',NULL),(104,1,'Sinceridad y Humildad','2015-12-09 00:47:25','2015-12-09 00:47:25',NULL),(105,1,'Sincero y humilde','2015-12-09 00:47:25','2015-12-09 00:47:25',NULL),(106,1,'FeiÃ­z y alegre','2015-12-09 00:47:25','2015-12-09 00:47:25',NULL),(107,1,'Responsable y maduro','2015-12-09 00:47:25','2015-12-09 00:47:25',NULL),(108,1,'Gran trabajador con esfuerzo','2015-12-09 00:47:25','2015-12-09 00:47:25',NULL),(109,1,'Historia, arte y literatura','2015-12-09 00:47:25','2015-12-09 00:47:25',NULL),(110,1,'RomÃ¡ntico y soÃ±ador','2015-12-09 00:47:25','2015-12-09 00:47:25',NULL),(111,1,'EmpÃ¡tico','2015-12-09 00:47:25','2015-12-09 00:47:25',NULL),(112,1,'teamwork','2015-12-09 00:47:25','2015-12-09 00:47:25',NULL),(113,1,'social','2015-12-09 00:47:25','2015-12-09 00:47:25',NULL),(114,1,'adaptability','2015-12-09 00:47:25','2015-12-09 00:47:25',NULL),(115,1,' perfectionist','2015-12-09 00:47:25','2015-12-09 00:47:25',NULL),(116,1,'extroverted','2015-12-09 00:47:25','2015-12-09 00:47:25',NULL),(117,1,'happy','2015-12-09 00:47:25','2015-12-09 00:47:25',NULL),(118,1,'Committed Person','2015-12-09 00:47:25','2015-12-09 00:47:25',NULL),(119,1,'Persevering','2015-12-09 00:47:25','2015-12-09 00:47:25',NULL),(120,1,'Committed','2015-12-09 00:47:25','2015-12-09 00:47:25',NULL),(121,1,'big picture thinking','2015-12-09 00:47:25','2015-12-09 00:47:25',NULL),(122,1,'Team work','2015-12-09 00:47:25','2015-12-09 00:47:25',NULL),(123,1,'Musical','2015-12-09 00:47:25','2015-12-09 00:47:25',NULL),(124,1,'Curio','2015-12-09 00:47:25','2015-12-09 00:47:25',NULL),(125,1,'Helpful','2015-12-09 00:47:25','2015-12-09 00:47:25',NULL),(126,1,'Helpfull','2015-12-09 00:47:25','2015-12-09 00:47:25',NULL),(127,1,'Wide-awake','2015-12-09 00:47:25','2015-12-09 00:47:25',NULL),(128,1,'Realistic','2015-12-09 00:47:25','2015-12-09 00:47:25',NULL),(129,1,'pepino','2015-12-09 00:47:25','2015-12-09 00:47:25',NULL),(130,1,'123pepino','2015-12-09 00:47:25','2015-12-09 00:47:25',NULL),(131,1,'Sports','2015-12-09 00:47:25','2015-12-09 00:47:25',NULL),(132,1,'Boy','2015-12-09 00:47:25','2015-12-09 00:47:25',NULL),(133,1,'Spain','2015-12-09 00:47:25','2015-12-09 00:47:25',NULL),(134,1,'Student','2015-12-09 00:47:25','2015-12-09 00:47:25',NULL),(135,1,'Publishing','2015-12-09 00:47:25','2015-12-09 00:47:25',NULL),(136,1,'Branding','2015-12-09 00:47:25','2015-12-09 00:47:25',NULL),(137,1,'Outgoing','2015-12-09 00:47:25','2015-12-09 00:47:25',NULL),(138,1,'Perseverant','2015-12-09 00:47:25','2015-12-09 00:47:25',NULL),(139,1,'Presentation','2015-12-09 00:47:25','2015-12-09 00:47:25',NULL),(140,1,'Emotional intelligence','2015-12-09 00:47:25','2015-12-09 00:47:25',NULL),(141,1,'Initiative','2015-12-09 00:47:25','2015-12-09 00:47:25',NULL),(142,1,'dedicated','2015-12-09 00:47:25','2015-12-09 00:47:25',NULL),(143,1,'detail minded','2015-12-09 00:47:25','2015-12-09 00:47:25',NULL),(144,1,'analytical','2015-12-09 00:47:25','2015-12-09 00:47:25',NULL),(145,1,'persistent','2015-12-09 00:47:25','2015-12-09 00:47:25',NULL),(146,1,'Can-do attitude','2015-12-09 00:47:25','2015-12-09 00:47:25',NULL),(147,1,'Zealous','2015-12-09 00:47:25','2015-12-09 00:47:25',NULL),(148,2,'Account Management','2015-12-09 00:47:25','2015-12-09 00:47:25',NULL),(149,2,'Android','2015-12-09 00:47:25','2015-12-09 00:47:25',NULL),(150,2,'Assembly','2015-12-09 00:47:25','2015-12-09 00:47:25',NULL),(151,2,'Auditing','2015-12-09 00:47:25','2015-12-09 00:47:25',NULL),(152,2,'Budgeting','2015-12-09 00:47:25','2015-12-09 00:47:25',NULL),(153,2,'Business Analysis','2015-12-09 00:47:25','2015-12-09 00:47:25',NULL),(154,2,'Business Development','2015-12-09 00:47:25','2015-12-09 00:47:25',NULL),(155,2,'C++','2015-12-09 00:47:25','2015-12-09 00:47:25',NULL),(156,2,'Cash Flow Analysis','2015-12-09 00:47:25','2015-12-09 00:47:25',NULL),(157,2,'Cloud Computing','2015-12-09 00:47:25','2015-12-09 00:47:25',NULL),(158,2,'Coding','2015-12-09 00:47:25','2015-12-09 00:47:25',NULL),(159,2,'Competitive Analysis','2015-12-09 00:47:25','2015-12-09 00:47:25',NULL),(160,2,'Conceptualization','2015-12-09 00:47:25','2015-12-09 00:47:25',NULL),(161,2,'Conflict Resolution','2015-12-09 00:47:25','2015-12-09 00:47:25',NULL),(162,2,'Construction Management','2015-12-09 00:47:25','2015-12-09 00:47:25',NULL),(163,2,'Contract Negotiation','2015-12-09 00:47:25','2015-12-09 00:47:25',NULL),(164,2,'Contracting','2015-12-09 00:47:25','2015-12-09 00:47:25',NULL),(165,2,'CSS','2015-12-09 00:47:25','2015-12-09 00:47:25',NULL),(166,2,'Data Analysis','2015-12-09 00:47:25','2015-12-09 00:47:25',NULL),(167,2,'Data Collection','2015-12-09 00:47:25','2015-12-09 00:47:25',NULL),(168,2,'Data Management','2015-12-09 00:47:25','2015-12-09 00:47:25',NULL),(169,2,'Database Design','2015-12-09 00:47:25','2015-12-09 00:47:25',NULL),(170,2,'Database Management','2015-12-09 00:47:25','2015-12-09 00:47:25',NULL),(171,2,'Design Verification','2015-12-09 00:47:25','2015-12-09 00:47:25',NULL),(172,2,'Excel','2015-12-09 00:47:25','2015-12-09 00:47:25',NULL),(173,2,'Executive Development','2015-12-09 00:47:25','2015-12-09 00:47:25',NULL),(174,2,'Facility Management','2015-12-09 00:47:25','2015-12-09 00:47:25',NULL),(175,2,'Feasibility Study','2015-12-09 00:47:25','2015-12-09 00:47:25',NULL),(176,2,'Financial Management','2015-12-09 00:47:25','2015-12-09 00:47:25',NULL),(177,2,'Financial Reporting','2015-12-09 00:47:25','2015-12-09 00:47:25',NULL),(178,2,'Fluid Mechanics','2015-12-09 00:47:25','2015-12-09 00:47:25',NULL),(179,2,'General Accounting','2015-12-09 00:47:25','2015-12-09 00:47:25',NULL),(180,2,'HTML','2015-12-09 00:47:25','2015-12-09 00:47:25',NULL),(181,2,'Human Resource','2015-12-09 00:47:25','2015-12-09 00:47:25',NULL),(182,2,'Income Tax Planning','2015-12-09 00:47:25','2015-12-09 00:47:25',NULL),(183,2,'Investment Strategies','2015-12-09 00:47:25','2015-12-09 00:47:25',NULL),(184,2,'iOS','2015-12-09 00:47:25','2015-12-09 00:47:25',NULL),(185,2,'ISO 9001','2015-12-09 00:47:25','2015-12-09 00:47:25',NULL),(186,2,'Java Technology','2015-12-09 00:47:25','2015-12-09 00:47:25',NULL),(187,2,'Lead Management','2015-12-09 00:47:25','2015-12-09 00:47:25',NULL),(188,2,'Risk Management','2015-12-09 00:47:25','2015-12-09 00:47:25',NULL),(189,2,'Resources Planning','2015-12-09 00:47:25','2015-12-09 00:47:25',NULL),(190,2,'Recruitment','2015-12-09 00:47:25','2015-12-09 00:47:25',NULL),(191,2,'Quantitative Analysis','2015-12-09 00:47:25','2015-12-09 00:47:25',NULL),(192,2,'Quality Assurance','2015-12-09 00:47:25','2015-12-09 00:47:25',NULL),(193,2,'Qualitative Analysis','2015-12-09 00:47:25','2015-12-09 00:47:25',NULL),(194,2,'Prototyping','2015-12-09 00:47:25','2015-12-09 00:47:25',NULL),(195,2,'Project Management','2015-12-09 00:47:25','2015-12-09 00:47:25',NULL),(196,2,'Project Estimating','2015-12-09 00:47:25','2015-12-09 00:47:25',NULL),(197,2,'Programming','2015-12-09 00:47:25','2015-12-09 00:47:25',NULL),(198,2,'Product Development','2015-12-09 00:47:25','2015-12-09 00:47:25',NULL),(199,2,'Process Control','2015-12-09 00:47:25','2015-12-09 00:47:25',NULL),(200,2,'PHP','2015-12-09 00:47:25','2015-12-09 00:47:25',NULL),(201,2,'Performance Management','2015-12-09 00:47:25','2015-12-09 00:47:25',NULL),(202,2,'Payroll Administration','2015-12-09 00:47:25','2015-12-09 00:47:25',NULL),(203,2,'Operations Management','2015-12-09 00:47:25','2015-12-09 00:47:25',NULL),(204,2,'Network Engineering','2015-12-09 00:47:25','2015-12-09 00:47:25',NULL),(205,2,'Network Administration','2015-12-09 00:47:25','2015-12-09 00:47:25',NULL),(206,2,'MS SQL','2015-12-09 00:47:25','2015-12-09 00:47:25',NULL),(207,2,'MS Projects','2015-12-09 00:47:25','2015-12-09 00:47:25',NULL),(208,2,'Microsoft Office','2015-12-09 00:47:25','2015-12-09 00:47:25',NULL),(209,2,'Merger and Acquisition','2015-12-09 00:47:25','2015-12-09 00:47:25',NULL),(210,2,'Marketing Management','2015-12-09 00:47:25','2015-12-09 00:47:25',NULL),(211,2,'Market Research','2015-12-09 00:47:25','2015-12-09 00:47:25',NULL),(212,2,'Market Analysis','2015-12-09 00:47:25','2015-12-09 00:47:25',NULL),(213,2,'Management','2015-12-09 00:47:25','2015-12-09 00:47:25',NULL),(214,2,'Logistics','2015-12-09 00:47:25','2015-12-09 00:47:25',NULL),(215,2,'Lean','2015-12-09 00:47:25','2015-12-09 00:47:25',NULL),(216,2,'Safety','2015-12-09 00:47:25','2015-12-09 00:47:25',NULL),(217,2,'Sales','2015-12-09 00:47:25','2015-12-09 00:47:25',NULL),(218,2,'Sales Management','2015-12-09 00:47:25','2015-12-09 00:47:25',NULL),(219,2,'Software Development','2015-12-09 00:47:25','2015-12-09 00:47:25',NULL),(220,2,'System Integration','2015-12-09 00:47:25','2015-12-09 00:47:25',NULL),(221,2,'Talent Development','2015-12-09 00:47:25','2015-12-09 00:47:25',NULL),(222,2,'Tender Documentation','2015-12-09 00:47:25','2015-12-09 00:47:25',NULL),(223,2,'Training and Development','2015-12-09 00:47:25','2015-12-09 00:47:25',NULL),(224,2,'User Interface Design','2015-12-09 00:47:25','2015-12-09 00:47:25',NULL),(225,2,'Venture Capital','2015-12-09 00:47:25','2015-12-09 00:47:25',NULL),(226,2,'Venture Financing','2015-12-09 00:47:25','2015-12-09 00:47:25',NULL),(227,2,'Word','2015-12-09 00:47:25','2015-12-09 00:47:25',NULL),(228,2,'Web Development','2015-12-09 00:47:25','2015-12-09 00:47:25',NULL),(229,2,'Concept Development','2015-12-09 00:47:25','2015-12-09 00:47:25',NULL),(230,2,'Web Design','2015-12-09 00:47:25','2015-12-09 00:47:25',NULL),(231,2,'Energy Optimisation','2015-12-09 00:47:25','2015-12-09 00:47:25',NULL),(232,2,'3D Visualisation','2015-12-09 00:47:25','2015-12-09 00:47:25',NULL),(233,2,'Project Manager','2015-12-09 00:47:25','2015-12-09 00:47:25',NULL),(234,2,'Fire Safety','2015-12-09 00:47:25','2015-12-09 00:47:25',NULL),(235,2,'Sustainability','2015-12-09 00:47:25','2015-12-09 00:47:25',NULL),(236,2,'AutoCAD','2015-12-09 00:47:25','2015-12-09 00:47:25',NULL),(237,2,'Consulting','2015-12-09 00:47:25','2015-12-09 00:47:25',NULL),(238,2,'FIeld work','2015-12-09 00:47:25','2015-12-09 00:47:25',NULL),(239,2,'Marginalised groups','2015-12-09 00:47:25','2015-12-09 00:47:25',NULL),(240,2,'International relations','2015-12-09 00:47:25','2015-12-09 00:47:25',NULL),(241,2,'Globalisation','2015-12-09 00:47:25','2015-12-09 00:47:25',NULL),(242,2,'Social work','2015-12-09 00:47:25','2015-12-09 00:47:25',NULL),(243,2,'structured ','2015-12-09 00:47:25','2015-12-09 00:47:25',NULL),(244,2,'overview ','2015-12-09 00:47:25','2015-12-09 00:47:25',NULL),(245,2,'interdisciplinarity','2015-12-09 00:47:25','2015-12-09 00:47:25',NULL),(246,2,'GMP','2015-12-09 00:47:25','2015-12-09 00:47:25',NULL),(247,2,'Molecular Biology','2015-12-09 00:47:25','2015-12-09 00:47:25',NULL),(248,2,'QC','2015-12-09 00:47:25','2015-12-09 00:47:25',NULL),(249,2,'Organic Chemistry','2015-12-09 00:47:25','2015-12-09 00:47:25',NULL),(250,2,'Plant innate immunity','2015-12-09 00:47:25','2015-12-09 00:47:25',NULL),(251,2,'service','2015-12-09 00:47:25','2015-12-09 00:47:25',NULL),(252,2,'events','2015-12-09 00:47:25','2015-12-09 00:47:25',NULL),(253,2,'Creative','2015-12-09 00:47:26','2015-12-09 00:47:26',NULL),(254,2,'social skills','2015-12-09 00:47:26','2015-12-09 00:47:26',NULL),(255,2,'Sound design','2015-12-09 00:47:26','2015-12-09 00:47:26',NULL),(256,2,'Administration','2015-12-09 00:47:26','2015-12-09 00:47:26',NULL),(257,2,'Shipping','2015-12-09 00:47:26','2015-12-09 00:47:26',NULL),(258,2,'kkkk','2015-12-09 00:47:26','2015-12-09 00:47:26',NULL),(259,2,'Energy','2015-12-09 00:47:26','2015-12-09 00:47:26',NULL),(260,2,'Environmental Impact Assesment','2015-12-09 00:47:26','2015-12-09 00:47:26',NULL),(261,2,'Environmental Standards','2015-12-09 00:47:26','2015-12-09 00:47:26',NULL),(262,2,'Energy Designer. Sustainable A','2015-12-09 00:47:26','2015-12-09 00:47:26',NULL),(263,2,'Happy, Positive, Hard working,','2015-12-09 00:47:26','2015-12-09 00:47:26',NULL),(264,2,'edition','2015-12-09 00:47:26','2015-12-09 00:47:26',NULL),(265,2,'graphic','2015-12-09 00:47:26','2015-12-09 00:47:26',NULL),(266,2,'design','2015-12-09 00:47:26','2015-12-09 00:47:26',NULL),(267,2,'photography','2015-12-09 00:47:26','2015-12-09 00:47:26',NULL),(268,2,'magazine','2015-12-09 00:47:26','2015-12-09 00:47:26',NULL),(269,2,'teamworker','2015-12-09 00:47:26','2015-12-09 00:47:26',NULL),(270,2,'flexible','2015-12-09 00:47:26','2015-12-09 00:47:26',NULL),(271,2,'digital publishing','2015-12-09 00:47:26','2015-12-09 00:47:26',NULL),(272,2,'magazines','2015-12-09 00:47:26','2015-12-09 00:47:26',NULL),(273,2,'new technologies','2015-12-09 00:47:26','2015-12-09 00:47:26',NULL),(274,2,'businees management','2015-12-09 00:47:26','2015-12-09 00:47:26',NULL),(275,2,'basketball','2015-12-09 00:47:26','2015-12-09 00:47:26',NULL),(276,2,'coach','2015-12-09 00:47:26','2015-12-09 00:47:26',NULL),(277,2,'sport','2015-12-09 00:47:26','2015-12-09 00:47:26',NULL),(278,2,'gym','2015-12-09 00:47:26','2015-12-09 00:47:26',NULL),(279,2,'Architecture','2015-12-09 00:47:26','2015-12-09 00:47:26',NULL),(280,2,'Indoor climate','2015-12-09 00:47:26','2015-12-09 00:47:26',NULL),(281,2,'BSS/BTS','2015-12-09 00:47:26','2015-12-09 00:47:26',NULL),(282,2,'SAP ERP','2015-12-09 00:47:26','2015-12-09 00:47:26',NULL),(283,2,'3G','2015-12-09 00:47:26','2015-12-09 00:47:26',NULL),(284,2,'IT testing ','2015-12-09 00:47:26','2015-12-09 00:47:26',NULL),(285,2,'Telecom','2015-12-09 00:47:26','2015-12-09 00:47:26',NULL),(286,2,'Efectiveness','2015-12-09 00:47:26','2015-12-09 00:47:26',NULL),(287,2,'Dedication','2015-12-09 00:47:26','2015-12-09 00:47:26',NULL),(288,2,'Passion','2015-12-09 00:47:26','2015-12-09 00:47:26',NULL),(289,2,'Dynamic','2015-12-09 00:47:26','2015-12-09 00:47:26',NULL),(290,2,'music','2015-12-09 00:47:26','2015-12-09 00:47:26',NULL),(291,2,'bassoon','2015-12-09 00:47:26','2015-12-09 00:47:26',NULL),(292,2,'orchestra','2015-12-09 00:47:26','2015-12-09 00:47:26',NULL),(293,2,'brass band','2015-12-09 00:47:26','2015-12-09 00:47:26',NULL),(294,2,'art','2015-12-09 00:47:26','2015-12-09 00:47:26',NULL),(295,2,'Patient','2015-12-09 00:47:26','2015-12-09 00:47:26',NULL),(296,2,'Helpfull','2015-12-09 00:47:26','2015-12-09 00:47:26',NULL),(297,2,'Colaborative','2015-12-09 00:47:26','2015-12-09 00:47:26',NULL),(298,2,'Chinese','2015-12-09 00:47:26','2015-12-09 00:47:26',NULL),(299,2,'Teacher','2015-12-09 00:47:26','2015-12-09 00:47:26',NULL),(300,2,'Volunteer','2015-12-09 00:47:26','2015-12-09 00:47:26',NULL),(301,2,'Languages','2015-12-09 00:47:26','2015-12-09 00:47:26',NULL),(302,2,'English','2015-12-09 00:47:26','2015-12-09 00:47:26',NULL),(303,2,'Translator','2015-12-09 00:47:26','2015-12-09 00:47:26',NULL),(304,2,'Interpreter','2015-12-09 00:47:26','2015-12-09 00:47:26',NULL),(305,2,'Spanish','2015-12-09 00:47:26','2015-12-09 00:47:26',NULL),(306,2,'Sin experiencia loboral','2015-12-09 00:47:26','2015-12-09 00:47:26',NULL),(307,2,'Sin experiencia laboral','2015-12-09 00:47:26','2015-12-09 00:47:26',NULL),(308,2,'Trabajador','2015-12-09 00:47:26','2015-12-09 00:47:26',NULL),(309,2,'Responsable y maduro','2015-12-09 00:47:26','2015-12-09 00:47:26',NULL),(310,2,'wireless networks','2015-12-09 00:47:26','2015-12-09 00:47:26',NULL),(311,2,'roaming networks','2015-12-09 00:47:26','2015-12-09 00:47:26',NULL),(312,2,'converged networks','2015-12-09 00:47:26','2015-12-09 00:47:26',NULL),(313,2,'redundant systems','2015-12-09 00:47:26','2015-12-09 00:47:26',NULL),(314,2,'converged and redundant system','2015-12-09 00:47:26','2015-12-09 00:47:26',NULL),(315,2,'internetworking','2015-12-09 00:47:26','2015-12-09 00:47:26',NULL),(316,2,'networking','2015-12-09 00:47:26','2015-12-09 00:47:26',NULL),(317,2,'wireless ','2015-12-09 00:47:26','2015-12-09 00:47:26',NULL),(318,2,'computering','2015-12-09 00:47:26','2015-12-09 00:47:26',NULL),(319,2,'IT systems','2015-12-09 00:47:26','2015-12-09 00:47:26',NULL),(320,2,'hard working','2015-12-09 00:47:26','2015-12-09 00:47:26',NULL),(321,2,'happy','2015-12-09 00:47:26','2015-12-09 00:47:26',NULL),(322,2,'responsible','2015-12-09 00:47:26','2015-12-09 00:47:26',NULL),(323,2,'helpful','2015-12-09 00:47:26','2015-12-09 00:47:26',NULL),(324,2,'Civil Engineer','2015-12-09 00:47:26','2015-12-09 00:47:26',NULL),(325,2,' project management','2015-12-09 00:47:26','2015-12-09 00:47:26',NULL),(326,2,'Transport Engineering','2015-12-09 00:47:26','2015-12-09 00:47:26',NULL),(327,2,'Hydraulic Engineering','2015-12-09 00:47:26','2015-12-09 00:47:26',NULL),(328,2,'HR','2015-12-09 00:47:26','2015-12-09 00:47:26',NULL),(329,2,'Multimedia Designer','2015-12-09 00:47:26','2015-12-09 00:47:26',NULL),(330,2,'Web Designer','2015-12-09 00:47:26','2015-12-09 00:47:26',NULL),(331,2,'Student','2015-12-09 00:47:26','2015-12-09 00:47:26',NULL),(332,2,'media','2015-12-09 00:47:26','2015-12-09 00:47:26',NULL),(333,2,'Internship','2015-12-09 00:47:26','2015-12-09 00:47:26',NULL),(334,2,'Reliable','2015-12-09 00:47:26','2015-12-09 00:47:26',NULL),(335,2,'Quick-learner','2015-12-09 00:47:26','2015-12-09 00:47:26',NULL),(336,2,'Stress resistant','2015-12-09 00:47:26','2015-12-09 00:47:26',NULL),(337,2,'Quick learner','2015-12-09 00:47:26','2015-12-09 00:47:26',NULL),(338,2,'Trust worthy','2015-12-09 00:47:26','2015-12-09 00:47:26',NULL),(339,2,'Trustworthy','2015-12-09 00:47:26','2015-12-09 00:47:26',NULL),(340,2,'Japanese','2015-12-09 00:47:26','2015-12-09 00:47:26',NULL),(341,2,'Health','2015-12-09 00:47:26','2015-12-09 00:47:26',NULL),(342,2,'Medicine','2015-12-09 00:47:26','2015-12-09 00:47:26',NULL),(343,2,'pschology','2015-12-09 00:47:26','2015-12-09 00:47:26',NULL),(344,2,'human','2015-12-09 00:47:26','2015-12-09 00:47:26',NULL),(345,2,'resources','2015-12-09 00:47:26','2015-12-09 00:47:26',NULL),(346,2,'enterprise','2015-12-09 00:47:26','2015-12-09 00:47:26',NULL),(347,2,'psychology','2015-12-09 00:47:26','2015-12-09 00:47:26',NULL),(348,2,'Marketing','2015-12-09 00:47:26','2015-12-09 00:47:26',NULL),(349,2,'Branding','2015-12-09 00:47:26','2015-12-09 00:47:26',NULL),(350,2,'Community Manager','2015-12-09 00:47:26','2015-12-09 00:47:26',NULL),(351,2,'Publishing','2015-12-09 00:47:26','2015-12-09 00:47:26',NULL),(352,2,'bank','2015-12-09 00:47:26','2015-12-09 00:47:26',NULL),(353,2,'interna','2015-12-09 00:47:26','2015-12-09 00:47:26',NULL),(354,2,'economy','2015-12-09 00:47:26','2015-12-09 00:47:26',NULL),(355,2,'Mechanical','2015-12-09 00:47:26','2015-12-09 00:47:26',NULL),(356,2,'Engineering','2015-12-09 00:47:26','2015-12-09 00:47:26',NULL),(357,2,'Materials','2015-12-09 00:47:26','2015-12-09 00:47:26',NULL),(358,2,'Polymers','2015-12-09 00:47:26','2015-12-09 00:47:26',NULL),(359,2,'Composites','2015-12-09 00:47:26','2015-12-09 00:47:26',NULL),(360,2,'System engineering','2015-12-09 00:47:26','2015-12-09 00:47:26',NULL),(361,2,'Team work','2015-12-09 00:47:26','2015-12-09 00:47:26',NULL),(362,2,'Communication and presentation','2015-12-09 00:47:26','2015-12-09 00:47:26',NULL),(363,2,'Presentation','2015-12-09 00:47:26','2015-12-09 00:47:26',NULL),(364,2,'R & D','2015-12-09 00:47:26','2015-12-09 00:47:26',NULL),(365,2,'Modular product design','2015-12-09 00:47:26','2015-12-09 00:47:26',NULL),(366,2,'Google analytics','2015-12-09 00:47:26','2015-12-09 00:47:26',NULL),(367,2,'Online Marketing','2015-12-09 00:47:26','2015-12-09 00:47:26',NULL),(368,2,'Customer Service','2015-12-09 00:47:26','2015-12-09 00:47:26',NULL),(369,2,'Live Music Performer','2015-12-09 00:47:26','2015-12-09 00:47:26',NULL),(370,2,'Musical Entertainer','2015-12-09 00:47:26','2015-12-09 00:47:26',NULL),(371,2,'Singer','2015-12-09 00:47:26','2015-12-09 00:47:26',NULL),(372,2,'Musician','2015-12-09 00:47:26','2015-12-09 00:47:26',NULL),(373,2,'Music Designer','2015-12-09 00:47:26','2015-12-09 00:47:26',NULL),(374,2,'Affiliate marketing','2015-12-09 00:47:26','2015-12-09 00:47:26',NULL),(375,2,'Communication','2015-12-09 00:47:26','2015-12-09 00:47:26',NULL),(376,2,'Graphics','2015-12-09 00:47:26','2015-12-09 00:47:26',NULL),(377,2,'Water resources','2015-12-09 00:47:26','2015-12-09 00:47:26',NULL),(378,2,'Environment','2015-12-09 00:47:26','2015-12-09 00:47:26',NULL),(379,2,'Developing countries','2015-12-09 00:47:26','2015-12-09 00:47:26',NULL),(380,2,'Bioinformatics and Systems Bio','2015-12-09 00:47:26','2015-12-09 00:47:26',NULL),(381,2,'Comprometida, ','2015-12-09 00:47:26','2015-12-09 00:47:26',NULL),(382,2,'Independent ','2015-12-09 00:47:26','2015-12-09 00:47:26',NULL),(383,2,'Working under pressur ','2015-12-09 00:47:26','2015-12-09 00:47:26',NULL),(384,2,'Innovative','2015-12-09 00:47:26','2015-12-09 00:47:26',NULL),(385,2,'Fast lesrner','2015-12-09 00:47:26','2015-12-09 00:47:26',NULL),(386,2,'Working under pressure','2015-12-09 00:47:26','2015-12-09 00:47:26',NULL),(387,2,'Fast learner ','2015-12-09 00:47:26','2015-12-09 00:47:26',NULL),(388,2,'Retail Project Manager','2015-12-09 00:47:26','2015-12-09 00:47:26',NULL),(389,1,'Sustainability','2015-12-09 00:47:26','2015-12-09 00:47:26',NULL),(390,1,'Lightning','2015-12-09 00:47:26','2015-12-09 00:47:26',NULL),(391,1,'Communication','2015-12-09 00:47:26','2015-12-09 00:47:26',NULL),(392,1,'Revit','2015-12-09 00:47:26','2015-12-09 00:47:26',NULL),(393,1,'AutoCad','2015-12-09 00:47:26','2015-12-09 00:47:26',NULL),(394,1,'Sketching','2015-12-09 00:47:26','2015-12-09 00:47:26',NULL),(395,1,'Management','2015-12-09 00:47:26','2015-12-09 00:47:26',NULL),(396,1,'Innovation','2015-12-09 00:47:26','2015-12-09 00:47:26',NULL),(397,1,'SketchUp','2015-12-09 00:47:26','2015-12-09 00:47:26',NULL),(398,1,'Energy','2015-12-09 00:47:26','2015-12-09 00:47:26',NULL),(399,1,'Network Engineering','2015-12-09 00:47:26','2015-12-09 00:47:26',NULL),(400,1,'Web Development','2015-12-09 00:47:26','2015-12-09 00:47:26',NULL),(401,1,'Lighting Simulations','2015-12-09 00:47:26','2015-12-09 00:47:26',NULL),(402,1,'Lighting Design','2015-12-09 00:47:26','2015-12-09 00:47:26',NULL),(403,1,'3D Visualisation','2015-12-09 00:47:26','2015-12-09 00:47:26',NULL),(404,2,'Ambitious','2015-12-09 00:47:26','2015-12-09 00:47:26',NULL),(405,2,'Easy learner','2015-12-09 00:47:26','2015-12-09 00:47:26',NULL),(406,2,'Energetic','2015-12-09 00:47:26','2015-12-09 00:47:26',NULL),(407,1,'Energy Optimisation','2015-12-09 00:47:26','2015-12-09 00:47:26',NULL),(408,1,'Project Management','2015-12-09 00:47:26','2015-12-09 00:47:26',NULL),(409,2,'Intellectual','2015-12-09 00:47:26','2015-12-09 00:47:26',NULL),(410,2,'Open-minded','2015-12-09 00:47:26','2015-12-09 00:47:26',NULL),(411,1,'Efectiveness','2015-12-09 00:47:26','2015-12-09 00:47:26',NULL),(412,1,'Web Design','2015-12-09 00:47:26','2015-12-09 00:47:26',NULL),(413,1,'Fire Safety','2015-12-09 00:47:26','2015-12-09 00:47:26',NULL),(414,2,'Optimistic','2015-12-09 00:47:26','2015-12-09 00:47:26',NULL),(415,2,'Hard-working','2015-12-09 00:47:26','2015-12-09 00:47:26',NULL),(416,2,'Honest','2015-12-09 00:47:26','2015-12-09 00:47:26',NULL),(417,2,'Team Player','2015-12-09 00:47:26','2015-12-09 00:47:26',NULL),(418,2,'Curious','2015-12-09 00:47:26','2015-12-09 00:47:26',NULL),(419,1,'Business Analysis','2015-12-09 00:47:26','2015-12-09 00:47:26',NULL),(420,1,'Marketing Management','2015-12-09 00:47:26','2015-12-09 00:47:26',NULL),(421,2,'Diligent','2015-12-09 00:47:26','2015-12-09 00:47:26',NULL),(422,1,'Sales','2015-12-09 00:47:26','2015-12-09 00:47:26',NULL),(423,1,'Data Management','2015-12-09 00:47:26','2015-12-09 00:47:26',NULL),(424,1,'Consulting','2015-12-09 00:47:26','2015-12-09 00:47:26',NULL),(425,2,'Analytic','2015-12-09 00:47:26','2015-12-09 00:47:26',NULL),(426,1,'Field work','2015-12-09 00:47:26','2015-12-09 00:47:26',NULL),(427,1,'Marginalised groups','2015-12-09 00:47:26','2015-12-09 00:47:26',NULL),(428,1,'Globalisation','2015-12-09 00:47:26','2015-12-09 00:47:26',NULL),(429,1,'Social work','2015-12-09 00:47:26','2015-12-09 00:47:26',NULL),(430,2,'Portraits ','2015-12-09 00:47:26','2015-12-09 00:47:26',NULL),(431,2,'PR','2015-12-09 00:47:26','2015-12-09 00:47:26',NULL),(432,2,'WebFilm','2015-12-09 00:47:26','2015-12-09 00:47:26',NULL),(433,2,'positive ','2015-12-09 00:47:27','2015-12-09 00:47:27',NULL),(434,2,'critical thinking','2015-12-09 00:47:27','2015-12-09 00:47:27',NULL),(435,2,'cross-cultural cooperation','2015-12-09 00:47:27','2015-12-09 00:47:27',NULL),(436,2,'persistence','2015-12-09 00:47:27','2015-12-09 00:47:27',NULL),(437,2,'Communicative','2015-12-09 00:47:27','2015-12-09 00:47:27',NULL),(438,1,'GMP','2015-12-09 00:47:27','2015-12-09 00:47:27',NULL),(439,1,'Molecular Biology','2015-12-09 00:47:27','2015-12-09 00:47:27',NULL),(440,1,'QC','2015-12-09 00:47:27','2015-12-09 00:47:27',NULL),(441,1,'Organic Chemistry','2015-12-09 00:47:27','2015-12-09 00:47:27',NULL),(442,1,'Plant innate immunity','2015-12-09 00:47:27','2015-12-09 00:47:27',NULL),(443,1,'service','2015-12-09 00:47:27','2015-12-09 00:47:27',NULL),(444,1,'events','2015-12-09 00:47:27','2015-12-09 00:47:27',NULL),(445,1,'Programming','2015-12-09 00:47:27','2015-12-09 00:47:27',NULL),(446,1,'Software Development','2015-12-09 00:47:27','2015-12-09 00:47:27',NULL),(447,1,'Sound design','2015-12-09 00:47:27','2015-12-09 00:47:27',NULL),(448,2,'Intuitive','2015-12-09 00:47:27','2015-12-09 00:47:27',NULL),(449,2,'Empathy','2015-12-09 00:47:27','2015-12-09 00:47:27',NULL),(450,2,'Logical','2015-12-09 00:47:27','2015-12-09 00:47:27',NULL),(451,2,'Intelligent','2015-12-09 00:47:27','2015-12-09 00:47:27',NULL),(452,1,'social skills','2015-12-09 00:47:27','2015-12-09 00:47:27',NULL),(453,1,'Administration','2015-12-09 00:47:27','2015-12-09 00:47:27',NULL),(454,1,'Shipping','2015-12-09 00:47:27','2015-12-09 00:47:27',NULL),(455,1,'International relations','2015-12-09 00:47:27','2015-12-09 00:47:27',NULL),(456,1,'kkkk','2015-12-09 00:47:27','2015-12-09 00:47:27',NULL),(457,1,'Product Development','2015-12-09 00:47:27','2015-12-09 00:47:27',NULL),(458,1,'Environmental Impact Assesment','2015-12-09 00:47:27','2015-12-09 00:47:27',NULL),(459,1,'Environmental Standards','2015-12-09 00:47:27','2015-12-09 00:47:27',NULL),(460,1,'Energy Designer. Sustainable A','2015-12-09 00:47:27','2015-12-09 00:47:27',NULL),(461,1,'Happy, Positive, Hard working,','2015-12-09 00:47:27','2015-12-09 00:47:27',NULL),(462,1,'edition','2015-12-09 00:47:27','2015-12-09 00:47:27',NULL),(463,1,'graphic','2015-12-09 00:47:27','2015-12-09 00:47:27',NULL),(464,1,'design','2015-12-09 00:47:27','2015-12-09 00:47:27',NULL),(465,1,'photography','2015-12-09 00:47:27','2015-12-09 00:47:27',NULL),(466,1,'magazine','2015-12-09 00:47:27','2015-12-09 00:47:27',NULL),(467,1,'teamworker','2015-12-09 00:47:27','2015-12-09 00:47:27',NULL),(468,1,'digital publishing','2015-12-09 00:47:27','2015-12-09 00:47:27',NULL),(469,1,'magazines','2015-12-09 00:47:27','2015-12-09 00:47:27',NULL),(470,1,'new technologies','2015-12-09 00:47:27','2015-12-09 00:47:27',NULL),(471,1,'businees management','2015-12-09 00:47:27','2015-12-09 00:47:27',NULL),(472,1,'basketball','2015-12-09 00:47:27','2015-12-09 00:47:27',NULL),(473,1,'coach','2015-12-09 00:47:27','2015-12-09 00:47:27',NULL),(474,1,'sport','2015-12-09 00:47:27','2015-12-09 00:47:27',NULL),(475,1,'gym','2015-12-09 00:47:27','2015-12-09 00:47:27',NULL),(476,1,'Architecture','2015-12-09 00:47:27','2015-12-09 00:47:27',NULL),(477,1,'Indoor climate','2015-12-09 00:47:27','2015-12-09 00:47:27',NULL),(478,1,'SAP ERP','2015-12-09 00:47:27','2015-12-09 00:47:27',NULL),(479,1,'3G','2015-12-09 00:47:27','2015-12-09 00:47:27',NULL),(480,1,'IT testing ','2015-12-09 00:47:27','2015-12-09 00:47:27',NULL),(481,1,'Telecom','2015-12-09 00:47:27','2015-12-09 00:47:27',NULL),(482,1,'BSS/BTS','2015-12-09 00:47:27','2015-12-09 00:47:27',NULL),(483,1,'Dedication','2015-12-09 00:47:27','2015-12-09 00:47:27',NULL),(484,2,'Relaxed','2015-12-09 00:47:27','2015-12-09 00:47:27',NULL),(485,2,'Funny','2015-12-09 00:47:27','2015-12-09 00:47:27',NULL),(486,2,'Friendly','2015-12-09 00:47:27','2015-12-09 00:47:27',NULL),(487,1,'music','2015-12-09 00:47:27','2015-12-09 00:47:27',NULL),(488,1,'bassoon','2015-12-09 00:47:27','2015-12-09 00:47:27',NULL),(489,1,'orchestra','2015-12-09 00:47:27','2015-12-09 00:47:27',NULL),(490,1,'brass band','2015-12-09 00:47:27','2015-12-09 00:47:27',NULL),(491,1,'art','2015-12-09 00:47:27','2015-12-09 00:47:27',NULL),(492,1,'Qualitative Analysis','2015-12-09 00:47:27','2015-12-09 00:47:27',NULL),(493,1,'Colaborative','2015-12-09 00:47:27','2015-12-09 00:47:27',NULL),(494,2,'Cheerful','2015-12-09 00:47:27','2015-12-09 00:47:27',NULL),(495,2,'Sensible','2015-12-09 00:47:27','2015-12-09 00:47:27',NULL),(496,2,'Loyal','2015-12-09 00:47:27','2015-12-09 00:47:27',NULL),(497,1,'English','2015-12-09 00:47:27','2015-12-09 00:47:27',NULL),(498,1,'Languages','2015-12-09 00:47:27','2015-12-09 00:47:27',NULL),(499,1,'Translator','2015-12-09 00:47:27','2015-12-09 00:47:27',NULL),(500,1,'Interpreter','2015-12-09 00:47:27','2015-12-09 00:47:27',NULL),(501,1,'Spanish','2015-12-09 00:47:27','2015-12-09 00:47:27',NULL),(502,2,'Sincero y humilde','2015-12-09 00:47:27','2015-12-09 00:47:27',NULL),(503,1,'Trabajador','2015-12-09 00:47:27','2015-12-09 00:47:27',NULL),(504,2,'RomÃ¡ntico y soÃ±ador','2015-12-09 00:47:27','2015-12-09 00:47:27',NULL),(505,2,'FeiÃ­z y alegre','2015-12-09 00:47:27','2015-12-09 00:47:27',NULL),(506,2,'EmpÃ¡tico','2015-12-09 00:47:27','2015-12-09 00:47:27',NULL),(507,2,'teamwork','2015-12-09 00:47:27','2015-12-09 00:47:27',NULL),(508,1,'IT systems','2015-12-09 00:47:27','2015-12-09 00:47:27',NULL),(509,1,'wireless ','2015-12-09 00:47:27','2015-12-09 00:47:27',NULL),(510,1,'networking','2015-12-09 00:47:27','2015-12-09 00:47:27',NULL),(511,2,'social','2015-12-09 00:47:27','2015-12-09 00:47:27',NULL),(512,2,'adaptability','2015-12-09 00:47:28','2015-12-09 00:47:28',NULL),(513,2,' perfectionist','2015-12-09 00:47:28','2015-12-09 00:47:28',NULL),(514,2,'extroverted','2015-12-09 00:47:28','2015-12-09 00:47:28',NULL),(515,2,'Charismatic','2015-12-09 00:47:28','2015-12-09 00:47:28',NULL),(516,1,'Civil Engineer','2015-12-09 00:47:28','2015-12-09 00:47:28',NULL),(517,1,'Transport Engineering','2015-12-09 00:47:28','2015-12-09 00:47:28',NULL),(518,1,'Construction Management','2015-12-09 00:47:28','2015-12-09 00:47:28',NULL),(519,1,'Hydraulic Engineering','2015-12-09 00:47:28','2015-12-09 00:47:28',NULL),(520,1,'Business Development','2015-12-09 00:47:28','2015-12-09 00:47:28',NULL),(521,2,'Pro-active','2015-12-09 00:47:28','2015-12-09 00:47:28',NULL),(522,2,'Committed','2015-12-09 00:47:28','2015-12-09 00:47:28',NULL),(523,2,'Persevering','2015-12-09 00:47:28','2015-12-09 00:47:28',NULL),(524,1,'HR','2015-12-09 00:47:28','2015-12-09 00:47:28',NULL),(525,1,'Recruitment','2015-12-09 00:47:28','2015-12-09 00:47:28',NULL),(526,2,'big picture thinking','2015-12-09 00:47:28','2015-12-09 00:47:28',NULL),(527,1,'Multimedia Designer','2015-12-09 00:47:28','2015-12-09 00:47:28',NULL),(528,1,'Web Designer','2015-12-09 00:47:28','2015-12-09 00:47:28',NULL),(529,1,'Media','2015-12-09 00:47:28','2015-12-09 00:47:28',NULL),(530,1,'Internship','2015-12-09 00:47:28','2015-12-09 00:47:28',NULL),(531,2,'Musical','2015-12-09 00:47:28','2015-12-09 00:47:28',NULL),(532,1,'Stress resistant','2015-12-09 00:47:28','2015-12-09 00:47:28',NULL),(533,1,'Quick learner','2015-12-09 00:47:28','2015-12-09 00:47:28',NULL),(534,1,'Trustworthy','2015-12-09 00:47:28','2015-12-09 00:47:28',NULL),(535,2,'Wide-awake','2015-12-09 00:47:28','2015-12-09 00:47:28',NULL),(536,2,'Realistic','2015-12-09 00:47:28','2015-12-09 00:47:28',NULL),(537,1,'Chinese','2015-12-09 00:47:28','2015-12-09 00:47:28',NULL),(538,1,'Japanese','2015-12-09 00:47:28','2015-12-09 00:47:28',NULL),(539,1,'Teacher','2015-12-09 00:47:28','2015-12-09 00:47:28',NULL),(540,1,'Health','2015-12-09 00:47:28','2015-12-09 00:47:28',NULL),(541,1,'Medicine','2015-12-09 00:47:28','2015-12-09 00:47:28',NULL),(542,1,'psychology','2015-12-09 00:47:28','2015-12-09 00:47:28',NULL),(543,1,'Human Resource','2015-12-09 00:47:28','2015-12-09 00:47:28',NULL),(544,1,'human','2015-12-09 00:47:28','2015-12-09 00:47:28',NULL),(545,1,'enterprise','2015-12-09 00:47:28','2015-12-09 00:47:28',NULL),(546,1,'Competitive Analysis','2015-12-09 00:47:28','2015-12-09 00:47:28',NULL),(547,2,'Sports','2015-12-09 00:47:28','2015-12-09 00:47:28',NULL),(548,2,'Boy','2015-12-09 00:47:28','2015-12-09 00:47:28',NULL),(549,2,'Spain','2015-12-09 00:47:28','2015-12-09 00:47:28',NULL),(550,1,'Community Manager','2015-12-09 00:47:28','2015-12-09 00:47:28',NULL),(551,1,'bank','2015-12-09 00:47:28','2015-12-09 00:47:28',NULL),(552,1,'interna','2015-12-09 00:47:28','2015-12-09 00:47:28',NULL),(553,1,'economy','2015-12-09 00:47:28','2015-12-09 00:47:28',NULL),(554,1,'Mechanical','2015-12-09 00:47:28','2015-12-09 00:47:28',NULL),(555,1,'Engineering','2015-12-09 00:47:28','2015-12-09 00:47:28',NULL),(556,1,'Materials','2015-12-09 00:47:28','2015-12-09 00:47:28',NULL),(557,1,'Polymers','2015-12-09 00:47:28','2015-12-09 00:47:28',NULL),(558,1,'Composites','2015-12-09 00:47:28','2015-12-09 00:47:28',NULL),(559,2,'Outgoing','2015-12-09 00:47:28','2015-12-09 00:47:28',NULL),(560,2,'Confident','2015-12-09 00:47:28','2015-12-09 00:47:28',NULL),(561,2,'Perseverant','2015-12-09 00:47:28','2015-12-09 00:47:28',NULL),(562,1,'System engineering','2015-12-09 00:47:28','2015-12-09 00:47:28',NULL),(563,1,'R & D','2015-12-09 00:47:28','2015-12-09 00:47:28',NULL),(564,1,'Modular product design','2015-12-09 00:47:28','2015-12-09 00:47:28',NULL),(565,1,'Concept Development','2015-12-09 00:47:28','2015-12-09 00:47:28',NULL),(566,2,'Emotional intelligence','2015-12-09 00:47:28','2015-12-09 00:47:28',NULL),(567,2,'Initiative','2015-12-09 00:47:28','2015-12-09 00:47:28',NULL),(568,1,'Google analytics','2015-12-09 00:47:28','2015-12-09 00:47:28',NULL),(569,1,'Online Marketing','2015-12-09 00:47:28','2015-12-09 00:47:28',NULL),(570,2,'detail minded','2015-12-09 00:47:28','2015-12-09 00:47:28',NULL),(571,1,'Customer Service','2015-12-09 00:47:28','2015-12-09 00:47:28',NULL),(572,2,'analytical','2015-12-09 00:47:28','2015-12-09 00:47:28',NULL),(573,2,'persistent','2015-12-09 00:47:28','2015-12-09 00:47:28',NULL),(574,1,' project management','2015-12-09 00:47:28','2015-12-09 00:47:28',NULL),(575,1,'Process Control','2015-12-09 00:47:28','2015-12-09 00:47:28',NULL),(576,1,'Live Music Performer','2015-12-09 00:47:28','2015-12-09 00:47:28',NULL),(577,1,'Musical Entertainer','2015-12-09 00:47:28','2015-12-09 00:47:28',NULL),(578,1,'Singer','2015-12-09 00:47:28','2015-12-09 00:47:28',NULL),(579,1,'Musician','2015-12-09 00:47:28','2015-12-09 00:47:28',NULL),(580,1,'Music Designer','2015-12-09 00:47:29','2015-12-09 00:47:29',NULL),(581,1,'Passion','2015-12-09 00:47:29','2015-12-09 00:47:29',NULL),(582,1,'Affiliate marketing','2015-12-09 00:47:29','2015-12-09 00:47:29',NULL),(583,2,'Can-do attitude','2015-12-09 00:47:29','2015-12-09 00:47:29',NULL),(584,1,'Graphics','2015-12-09 00:47:29','2015-12-09 00:47:29',NULL),(585,1,'Water resources','2015-12-09 00:47:29','2015-12-09 00:47:29',NULL),(586,1,'Environment','2015-12-09 00:47:29','2015-12-09 00:47:29',NULL),(587,1,'Developing countries','2015-12-09 00:47:29','2015-12-09 00:47:29',NULL),(588,1,'Bioinformatics and Systems Bio','2015-12-09 00:47:29','2015-12-09 00:47:29',NULL),(589,1,'Working under pressure','2015-12-09 00:47:29','2015-12-09 00:47:29',NULL),(590,1,'Innovative','2015-12-09 00:47:29','2015-12-09 00:47:29',NULL),(591,2,'Gentle','2015-12-09 00:47:29','2015-12-09 00:47:29',NULL),(592,2,'Zealous','2015-12-09 00:47:29','2015-12-09 00:47:29',NULL),(593,1,'Retail Project Manager','2015-12-09 00:47:29','2015-12-09 00:47:29',NULL),(594,2,'marketing specialist, digital marketing consultant, content management, social medial consultant, e-learning consultant','2015-12-09 07:15:52','2015-12-09 07:15:52',NULL),(595,1,'self-motivated, well organized, social, responsible, result oriented','2015-12-09 07:16:52','2015-12-09 07:16:52',NULL),(596,2,'AngularJs','2015-12-09 10:13:43','2015-12-09 10:13:43',NULL),(597,2,'Laravel','2015-12-09 10:13:50','2015-12-09 10:13:50',NULL),(598,2,'AngularJs','2015-12-09 10:14:29','2015-12-09 10:14:29',NULL),(599,2,'Laravel','2015-12-09 10:14:36','2015-12-09 10:14:36',NULL),(600,2,'Computer science','2015-12-09 14:19:11','2015-12-09 14:19:11',NULL),(601,2,'Computer science','2015-12-09 14:19:21','2015-12-09 14:19:21',NULL),(602,2,'Computer science','2015-12-09 14:21:02','2015-12-09 14:21:02',NULL),(603,2,'Computer science','2015-12-09 16:38:44','2015-12-09 16:38:44',NULL),(604,2,'Computer science','2015-12-09 16:38:55','2015-12-09 16:38:55',NULL),(605,2,'Computer science','2015-12-09 16:39:12','2015-12-09 16:39:12',NULL),(606,1,'Structured','2015-12-09 23:23:32','2015-12-09 23:23:32',NULL),(607,2,'zio zio zio','2015-12-10 13:03:12','2015-12-10 13:03:12',NULL),(608,2,'zio zio zio','2015-12-10 13:03:20','2015-12-10 13:03:20',NULL),(609,2,'zio zio zio','2015-12-10 13:03:30','2015-12-10 13:03:30',NULL),(610,1,'Happy','2015-12-11 14:07:59','2015-12-11 14:07:59',NULL),(611,1,'Positive','2015-12-11 14:08:04','2015-12-11 14:08:04',NULL),(612,2,'Edition','2015-12-11 14:14:26','2015-12-11 14:14:26',NULL),(613,2,'Design','2015-12-11 14:14:38','2015-12-11 14:14:38',NULL),(614,2,'Photography','2015-12-11 14:14:46','2015-12-11 14:14:46',NULL),(615,2,'Magazine','2015-12-11 14:14:57','2015-12-11 14:14:57',NULL),(616,2,'Teamworker','2015-12-11 14:17:58','2015-12-11 14:17:58',NULL),(617,2,'Team Worker','2015-12-11 14:18:18','2015-12-11 14:18:18',NULL),(618,2,'Flexible','2015-12-11 14:18:42','2015-12-11 14:18:42',NULL),(619,2,'Digital Publishing','2015-12-11 14:22:09','2015-12-11 14:22:09',NULL),(620,2,'Magazine','2015-12-11 14:22:18','2015-12-11 14:22:18',NULL),(621,2,'New Technologies','2015-12-11 14:22:29','2015-12-11 14:22:29',NULL),(622,2,'Business Management','2015-12-11 14:22:42','2015-12-11 14:22:42',NULL),(623,2,'Basketball','2015-12-11 14:34:18','2015-12-11 14:34:18',NULL),(624,2,'Coach','2015-12-11 14:34:29','2015-12-11 14:34:29',NULL),(625,2,'Gym','2015-12-11 14:34:37','2015-12-11 14:34:37',NULL),(626,2,'Indoor Climate','2015-12-11 14:39:19','2015-12-11 14:39:19',NULL),(627,2,'Music','2015-12-11 15:14:03','2015-12-11 15:14:03',NULL),(628,2,'Bassoon','2015-12-11 15:17:00','2015-12-11 15:17:00',NULL),(629,2,'Orchestra','2015-12-11 15:17:08','2015-12-11 15:17:08',NULL),(630,2,'Brass Band','2015-12-11 15:17:22','2015-12-11 15:17:22',NULL),(631,2,'Art','2015-12-11 15:17:30','2015-12-11 15:17:30',NULL),(632,2,'Psychology','2015-12-11 15:27:10','2015-12-11 15:27:10',NULL),(633,2,'Human Resources','2015-12-11 15:27:25','2015-12-11 15:27:25',NULL),(634,2,'Entreprise','2015-12-11 15:27:40','2015-12-11 15:27:40',NULL),(635,1,'Sensitive','2015-12-11 16:19:00','2015-12-11 16:19:00',NULL),(636,2,'Helpful','2015-12-11 16:19:52','2015-12-11 16:19:52',NULL),(637,2,'Bank','2015-12-11 16:45:25','2015-12-11 16:45:25',NULL),(638,2,'Intern','2015-12-11 16:45:33','2015-12-11 16:45:33',NULL),(639,2,'Economy','2015-12-11 16:45:42','2015-12-11 16:45:42',NULL),(640,2,'PHP','2015-12-11 20:11:17','2015-12-11 20:11:17',NULL),(641,2,'Lighting Design','2015-12-15 13:15:08','2015-12-15 13:15:08',NULL),(642,2,'Lighting Design','2015-12-15 13:15:21','2015-12-15 13:15:21',NULL),(643,2,'','2015-12-15 13:15:24','2015-12-15 13:15:24',NULL),(644,2,'','2015-12-15 13:15:35','2015-12-15 13:15:35',NULL),(645,2,'','2015-12-15 13:15:37','2015-12-15 13:15:37',NULL),(646,2,'','2015-12-15 13:15:51','2015-12-15 13:15:51',NULL),(647,2,'','2015-12-15 13:16:03','2015-12-15 13:16:03',NULL),(648,2,'Entrepreneurship','2015-12-15 13:16:22','2015-12-15 13:16:22',NULL),(649,2,'Entrepreneurship','2015-12-15 13:16:47','2015-12-15 13:16:47',NULL),(650,2,'Entrepreneurship','2015-12-15 13:16:55','2015-12-15 13:16:55',NULL),(651,2,'Entrepreneurship','2015-12-15 13:17:17','2015-12-15 13:17:17',NULL),(652,2,'Entrepreneurship','2015-12-15 13:17:19','2015-12-15 13:17:19',NULL),(653,2,'Entrepreneurship','2015-12-15 13:17:26','2015-12-15 13:17:26',NULL),(654,2,'Entrepreneurship','2015-12-15 13:17:41','2015-12-15 13:17:41',NULL),(655,2,'Entrepreneurship','2015-12-15 13:18:00','2015-12-15 13:18:00',NULL),(656,1,'','2015-12-15 13:18:02','2015-12-15 13:18:02',NULL),(657,1,'','2015-12-15 13:18:07','2015-12-15 13:18:07',NULL),(658,1,'','2015-12-15 13:18:13','2015-12-15 13:18:13',NULL),(659,2,'Entrepreneurship','2015-12-15 13:21:46','2015-12-15 13:21:46',NULL),(660,2,'Entrepreneurship','2015-12-15 13:21:58','2015-12-15 13:21:58',NULL),(661,2,'','2015-12-15 13:22:02','2015-12-15 13:22:02',NULL),(662,2,'','2015-12-15 13:22:20','2015-12-15 13:22:20',NULL),(663,2,'Networking','2015-12-15 13:38:56','2015-12-15 13:38:56',NULL),(664,2,'Wireless','2015-12-15 13:39:03','2015-12-15 13:39:03',NULL),(665,2,'Wireless','2015-12-15 13:39:07','2015-12-15 13:39:07',NULL),(666,1,'Teamwork','2015-12-15 13:40:28','2015-12-15 13:40:28',NULL),(667,1,'Social','2015-12-15 13:40:39','2015-12-15 13:40:39',NULL),(668,1,'Adaptable','2015-12-15 13:40:59','2015-12-15 13:40:59',NULL),(669,1,'Adaptable','2015-12-15 13:41:10','2015-12-15 13:41:10',NULL),(670,1,'Extrovert','2015-12-15 13:41:39','2015-12-15 13:41:39',NULL),(671,1,'Happy','2015-12-15 14:04:05','2015-12-15 14:04:05',NULL),(672,1,'Happy','2015-12-15 14:04:10','2015-12-15 14:04:10',NULL),(673,1,'Romántico y soñador','2015-12-15 14:24:57','2015-12-15 14:24:57',NULL),(674,1,'Romántico y soñador','2015-12-15 14:25:06','2015-12-15 14:25:06',NULL),(675,2,'Responsible','2015-12-15 14:25:44','2015-12-15 14:25:44',NULL),(676,2,'Responsible','2015-12-15 14:25:51','2015-12-15 14:25:51',NULL),(677,1,'Humble','2015-12-15 14:26:26','2015-12-15 14:26:26',NULL),(678,1,'Happy','2015-12-15 14:26:55','2015-12-15 14:26:55',NULL),(679,1,'Dreamer','2015-12-15 14:27:43','2015-12-15 14:27:43',NULL),(680,1,'Empatic','2015-12-15 14:28:00','2015-12-15 14:28:00',NULL),(681,1,'Happy','2015-12-15 14:37:21','2015-12-15 14:37:21',NULL),(682,2,'Business Management','2015-12-15 14:52:46','2015-12-15 14:52:46',NULL),(683,2,'International Relations','2015-12-15 14:53:08','2015-12-15 14:53:08',NULL),(684,2,'International Relations','2015-12-15 14:53:15','2015-12-15 14:53:15',NULL),(685,1,'Social','2015-12-15 14:53:21','2015-12-15 14:53:21',NULL),(686,1,'Proactive','2015-12-15 14:53:52','2015-12-15 14:53:52',NULL),(687,2,'Media','2015-12-15 15:11:13','2015-12-15 15:11:13',NULL),(688,2,'Design','2015-12-15 15:11:17','2015-12-15 15:11:17',NULL),(689,2,'Design','2015-12-15 15:11:24','2015-12-15 15:11:24',NULL),(690,2,'Design','2015-12-15 15:11:31','2015-12-15 15:11:31',NULL),(691,2,'Responsible','2015-12-15 15:17:23','2015-12-15 15:17:23',NULL),(692,1,'Social','2015-12-15 15:18:37','2015-12-15 15:18:37',NULL),(693,2,'JavaScript','2015-12-15 15:59:50','2015-12-15 15:59:50',NULL),(694,2,'AngularJS','2015-12-15 15:59:59','2015-12-15 15:59:59',NULL),(695,2,'Bootstrap','2015-12-15 16:00:19','2015-12-15 16:00:19',NULL),(696,2,'jQuery','2015-12-15 16:00:29','2015-12-15 16:00:29',NULL),(697,2,'jQuery','2015-12-15 16:00:50','2015-12-15 16:00:50',NULL),(698,2,'jQuery','2015-12-15 16:01:57','2015-12-15 16:01:57',NULL),(699,1,'Self-motivated','2015-12-15 16:02:10','2015-12-15 16:02:10',NULL),(700,1,'Self-motivated','2015-12-15 16:02:21','2015-12-15 16:02:21',NULL),(701,1,'Self-motivated','2015-12-15 16:02:36','2015-12-15 16:02:36',NULL),(702,1,'Self-motivated','2015-12-15 16:02:59','2015-12-15 16:02:59',NULL),(703,1,'Self-motivated','2015-12-15 16:03:20','2015-12-15 16:03:20',NULL),(704,1,'Self-motivated','2015-12-15 16:03:38','2015-12-15 16:03:38',NULL),(705,1,'Self-motivated','2015-12-15 16:03:57','2015-12-15 16:03:57',NULL),(706,1,'Self-motivated','2015-12-15 16:08:08','2015-12-15 16:08:08',NULL),(707,1,'Self-motivated','2015-12-15 16:09:43','2015-12-15 16:09:43',NULL),(708,1,'Self-motivated','2015-12-15 16:11:02','2015-12-15 16:11:02',NULL),(709,1,'Self-motivated','2015-12-15 16:12:16','2015-12-15 16:12:16',NULL),(710,1,'Self-motivated','2015-12-15 16:13:24','2015-12-15 16:13:24',NULL),(711,1,'Self-motivated','2015-12-15 16:14:12','2015-12-15 16:14:12',NULL),(712,1,'Self-motivated','2015-12-15 16:15:02','2015-12-15 16:15:02',NULL),(713,1,'Self-motivated','2015-12-15 16:16:54','2015-12-15 16:16:54',NULL),(714,1,'Self-motivated','2015-12-15 16:17:59','2015-12-15 16:17:59',NULL),(715,2,'Modular Product Design','2015-12-16 10:51:43','2015-12-16 10:51:43',NULL),(716,2,'Modular Product Design','2015-12-16 10:51:52','2015-12-16 10:51:52',NULL),(717,1,'Teamworker','2015-12-16 10:52:51','2015-12-16 10:52:51',NULL),(718,2,'Google Analytics','2015-12-16 12:27:34','2015-12-16 12:27:34',NULL),(719,2,'Google Analytics','2015-12-16 12:29:58','2015-12-16 12:29:58',NULL),(720,2,'Affiliate Marketing','2015-12-16 12:30:18','2015-12-16 12:30:18',NULL),(721,2,'Affiliate Marketing','2015-12-16 12:30:29','2015-12-16 12:30:29',NULL),(722,2,'Admini','2015-12-16 12:31:15','2015-12-16 12:31:15',NULL),(723,2,'Admini','2015-12-16 12:31:20','2015-12-16 12:31:20',NULL),(724,1,'Detail Minded','2015-12-16 12:32:10','2015-12-16 12:32:10',NULL),(725,1,'Analytical','2015-12-16 12:32:25','2015-12-16 12:32:25',NULL),(726,1,'Persistent','2015-12-16 12:32:32','2015-12-16 12:32:32',NULL),(727,1,'Persistent','2015-12-16 12:32:39','2015-12-16 12:32:39',NULL),(728,1,'Can-Do Attitude','2015-12-16 12:32:59','2015-12-16 12:32:59',NULL),(729,2,'Water Resources','2015-12-16 12:47:26','2015-12-16 12:47:26',NULL),(730,2,'Environment','2015-12-16 12:47:33','2015-12-16 12:47:33',NULL),(731,2,'Developing Countries','2015-12-16 12:47:42','2015-12-16 12:47:42',NULL),(732,2,'Field Work','2015-12-16 12:47:50','2015-12-16 12:47:50',NULL),(733,2,'Bioinformatics','2015-12-16 12:56:22','2015-12-16 12:56:22',NULL),(734,2,'Biosystems','2015-12-16 12:56:30','2015-12-16 12:56:30',NULL),(735,2,'Responsible','2015-12-16 13:09:17','2015-12-16 13:09:17',NULL),(736,2,'webtralala','2015-12-25 14:09:13','2015-12-25 14:09:13',NULL),(737,1,'problem solver','2015-12-27 21:22:57','2015-12-27 21:22:57',NULL),(738,1,'result oriented','2015-12-27 21:23:43','2015-12-27 21:23:43',NULL),(739,1,'open to learn','2015-12-27 21:24:06','2015-12-27 21:24:06',NULL),(740,1,'zio','2016-01-04 09:22:45','2016-01-04 09:22:45',NULL),(741,1,'','2016-01-05 09:43:02','2016-01-05 09:43:02',NULL),(742,2,'Structural Analysis','2016-01-05 12:29:29','2016-01-05 12:29:29',NULL),(743,2,'Statics','2016-01-05 12:29:34','2016-01-05 12:29:34',NULL),(744,2,'Dynamics','2016-01-05 12:29:38','2016-01-05 12:29:38',NULL),(745,2,'BIM','2016-01-05 12:30:06','2016-01-05 12:30:06',NULL),(746,2,'CAD','2016-01-05 12:31:02','2016-01-05 12:31:02',NULL),(747,1,'Goal-oriented','2016-01-05 12:31:16','2016-01-05 12:31:16',NULL),(748,1,'Volunteer','2016-01-05 12:33:29','2016-01-05 12:33:29',NULL),(749,1,'cool','2016-01-05 22:49:50','2016-01-05 22:49:50',NULL),(750,4,'User Experience Design','2016-01-11 13:33:20','2016-01-11 13:33:20',NULL),(751,4,'User Interface Design','2016-01-11 13:46:55','2016-01-11 13:46:55',NULL),(752,4,'Energy optimization','2016-01-14 09:49:29','2016-01-14 09:49:29',NULL),(753,4,'Energy consultancy','2016-01-14 09:49:35','2016-01-14 09:49:35',NULL),(754,4,'Energy certification','2016-01-14 09:49:42','2016-01-14 09:49:42',NULL),(755,4,'Daylight design','2016-01-14 09:49:55','2016-01-14 09:49:55',NULL),(756,4,'Lighting design','2016-01-14 09:50:00','2016-01-14 09:50:00',NULL),(757,5,'Create a CVideo','2016-01-20 14:50:07','2016-01-20 14:50:07',NULL),(758,5,'Create a video CV','2016-01-20 14:50:07','2016-01-20 14:50:07',NULL),(759,4,'Energy frame','2016-02-05 12:15:59','2016-02-05 12:15:59',NULL),(760,4,'Daylight design','2016-02-05 12:16:04','2016-02-05 12:16:04',NULL),(761,4,'Lighting design','2016-02-05 12:16:11','2016-02-05 12:16:11',NULL),(762,4,'Energy optimization','2016-02-05 12:16:16','2016-02-05 12:16:16',NULL),(763,4,'Energy consultancy','2016-02-05 12:16:34','2016-02-05 12:16:34',NULL),(764,2,'Orgnisational Culture','2016-02-06 12:11:08','2016-02-06 12:11:08',NULL),(765,2,'Sustainable Development','2016-02-06 12:11:19','2016-02-06 12:11:19',NULL),(766,2,'Marketing','2016-02-06 12:11:26','2016-02-06 12:11:26',NULL),(767,2,'Sales Culture','2016-02-06 12:11:33','2016-02-06 12:11:33',NULL),(768,2,'Sustainable Development','2016-02-06 12:11:46','2016-02-06 12:11:46',NULL),(769,2,'Social Enterepreneurship and Management','2016-02-06 12:11:58','2016-02-06 12:11:58',NULL),(770,2,'Accounting','2016-02-06 12:12:04','2016-02-06 12:12:04',NULL),(771,2,'Cash Flow Management','2016-02-06 12:12:14','2016-02-06 12:12:14',NULL),(772,2,'Quality Management','2016-02-06 12:12:37','2016-02-06 12:12:37',NULL),(773,2,'Process Development','2016-02-06 12:13:07','2016-02-06 12:13:07',NULL),(774,2,'Marketing','2016-02-06 12:13:17','2016-02-06 12:13:17',NULL),(775,1,'Personal Development','2016-02-06 12:13:31','2016-02-06 12:13:31',NULL),(776,1,'Critcal thinking','2016-02-06 12:17:00','2016-02-06 12:17:00',NULL),(777,2,'Service minded','2016-02-08 11:00:10','2016-02-08 11:00:10',NULL),(778,2,'process and goal oriented','2016-02-08 11:00:31','2016-02-08 11:00:31',NULL),(779,1,'thorough','2016-02-08 11:03:40','2016-02-08 11:03:40',NULL),(780,4,'Video CV','2016-02-11 13:46:45','2016-02-11 13:46:45',NULL),(781,4,'Video resume','2016-02-11 13:46:49','2016-02-11 13:46:49',NULL),(782,4,'Online database','2016-02-11 13:46:56','2016-02-11 13:46:56',NULL),(783,4,'Company database','2016-02-11 13:47:01','2016-02-11 13:47:01',NULL),(784,4,'CV database','2016-02-11 13:47:10','2016-02-11 13:47:10',NULL),(785,2,'test','2016-02-11 13:57:01','2016-02-11 13:57:01',NULL),(786,4,'Jobseeker database','2016-02-12 16:57:40','2016-02-12 16:57:40',NULL),(787,4,'UI & UX Design','2016-02-15 14:18:47','2016-02-15 14:18:47',NULL),(788,4,'Web Design','2016-02-15 14:18:56','2016-02-15 14:18:56',NULL),(789,4,'Web Development','2016-02-15 14:19:02','2016-02-15 14:19:02',NULL),(790,4,'Project Management','2016-02-15 14:19:13','2016-02-15 14:19:13',NULL),(791,2,'','2016-02-16 14:39:40','2016-02-16 14:39:40',NULL);
/*!40000 ALTER TABLE `tags` ENABLE KEYS */;
UNLOCK TABLES;

--
-- Table structure for table `users`
--

DROP TABLE IF EXISTS `users`;
/*!40101 SET @saved_cs_client     = @@character_set_client */;
/*!40101 SET character_set_client = utf8 */;
CREATE TABLE `users` (
  `id` int(10) unsigned NOT NULL AUTO_INCREMENT,
  `country_id` int(10) unsigned NOT NULL,
  `category_id` int(10) unsigned NOT NULL,
  `userable_id` int(10) unsigned NOT NULL,
  `userable_type` varchar(255) COLLATE utf8_unicode_ci NOT NULL,
  `name` varchar(255) COLLATE utf8_unicode_ci NOT NULL,
  `email` varchar(255) COLLATE utf8_unicode_ci NOT NULL,
  `password` varchar(60) COLLATE utf8_unicode_ci NOT NULL,
  `lat` double(8,2) NOT NULL,
  `lng` double(8,2) NOT NULL,
  `address` varchar(255) COLLATE utf8_unicode_ci NOT NULL,
  `zip_code` varchar(255) COLLATE utf8_unicode_ci NOT NULL,
  `city` varchar(255) COLLATE utf8_unicode_ci NOT NULL,
  `profile_picture` varchar(255) COLLATE utf8_unicode_ci NOT NULL,
  `cover_picture` varchar(255) COLLATE utf8_unicode_ci NOT NULL,
  `remember_token` varchar(100) COLLATE utf8_unicode_ci DEFAULT NULL,
  `created_at` timestamp NOT NULL DEFAULT '0000-00-00 00:00:00',
  `updated_at` timestamp NOT NULL DEFAULT '0000-00-00 00:00:00',
  `deleted_at` timestamp NULL DEFAULT NULL,
  `confirmed` tinyint(1) DEFAULT '0',
  `confirmation_code` varchar(30) COLLATE utf8_unicode_ci DEFAULT NULL,
  PRIMARY KEY (`id`),
  UNIQUE KEY `users_email_unique` (`email`),
  KEY `users_userable_id_userable_type_index` (`userable_id`,`userable_type`),
  KEY `users_country_id_foreign` (`country_id`),
  KEY `users_category_id_foreign` (`category_id`),
  CONSTRAINT `users_category_id_foreign` FOREIGN KEY (`category_id`) REFERENCES `categories` (`id`),
  CONSTRAINT `users_country_id_foreign` FOREIGN KEY (`country_id`) REFERENCES `countries` (`id`)
) ENGINE=InnoDB AUTO_INCREMENT=256 DEFAULT CHARSET=utf8 COLLATE=utf8_unicode_ci;
/*!40101 SET character_set_client = @saved_cs_client */;

--
-- Dumping data for table `users`
--

LOCK TABLES `users` WRITE;
/*!40000 ALTER TABLE `users` DISABLE KEYS */;
INSERT INTO `users` VALUES (1,61,1,1,'App\\Seeker','David Hoiness','david.hoiness1986@gmail.com','$2y$10$HsS2gBz3seycv5sAdwWGoeRodKUSiJ1lnOJUhccCfHkIOWv9ASe4.',0.00,0.00,'','','','54_55ec6638c77aa.png','54_55ec66ff6808d.png',NULL,'2015-12-09 00:46:53','2015-12-09 00:46:53',NULL,0,NULL),(2,61,11,2,'App\\Seeker','Andrei Cristian','cristian.andrei@live.com','$2y$10$bhHdN5VpJiHcKU9BIKubJe.iwzYNsPutt2rYTmfW9JhoFpA5hH7Zy',0.00,0.00,'','','','ViViqlCX4xKiaDiz_11122015_231253.png','hOANcRT05uyazecv_11122015_231210.png','3kCyfUsIcdFS9PX9b8ZjLmj8RG5tvucFHyH5JcKk3jzAAoJNeBuBySU4NDgB','2015-12-09 00:46:53','2016-02-14 16:05:59',NULL,0,NULL),(3,61,2,3,'App\\Seeker','Cinta Gomez Martinez','cintagom@gmail.com','$2y$10$nRjG6brh17KGVl9f/MMsF.TG3jbEfoiVlhd8kwFqWHADZYxAvQheq',0.00,0.00,'','','','defaultpic.png','','iKY6CKSxLG9DjvxAQ8ew42z9QC3m63PZiZhfYE1GGi0Eb0ciz1sbljoXvI4Z','2015-09-01 18:14:47','2015-12-09 13:00:24',NULL,0,NULL),(4,61,2,4,'App\\Seeker','Alfonso Segarra Balao','alfonsosegarra@gmail.com','$2y$10$YMXLucbgQdLA5LN5VCBWM.53oDhQ.G8C4DNI9m6nWb6md0ncZ4hyq',0.00,0.00,'','','','QmFLHxsfCrTUmdR1_09122015_131229.png','91k8UnO1cetstP3C_09122015_131248.png','1brQ1fNeNW4Q7PlKOEj3SyjUqym4XH9E2htCbb74C5lgVmWLiPaHSGGXt9FS','2015-12-09 00:46:53','2015-12-11 07:47:58',NULL,0,NULL),(5,61,1,5,'App\\Seeker','Antonio Bustos Merlo','abm_273@hotmail.com','$2y$10$VsPZBv9oifELeq4HLUbPuej9OHkcXK5UwbKkKkq25XYyzFgTp5gvK',0.00,0.00,'','','','defaultpic.png','',NULL,'2015-11-24 17:36:09','2015-12-09 00:46:54',NULL,0,NULL),(6,61,2,6,'App\\Seeker','Stefan Pavic','stefan.pavic@hotmail.com','$2y$10$SFzV9He.sf87hAQwjZXGMedZFatFIAWCIW2tL6i7XT4gbCEMvQOw2',0.00,0.00,'','','','sDNOpO9qIQc9fMJh_09122015_221211.png','L9Nxsx4b09gmtv6R_09122015_221208.png','vjkTW8qXnfWXFmSKya9PiyZxNPSEc8JcJ8MjmDwOKIvDEK0qnhgKbmFiSMOX','2015-12-09 00:46:54','2016-02-16 16:21:52',NULL,0,NULL),(7,61,7,7,'App\\Seeker','Cesar Hernaez Ojeda','cesar_rioja@hotmail.es','$2y$10$MpWc0OiAecmYlkOwt2S76eNUIXt1JG2VI0uownscwgj5/1.kRDi.G',0.00,0.00,'','','','defaultpic.png','','fPTfb8G1qkuygwcDq3TWtNn4aamyK7mGYQNG9aBnq4hHbBQfCZmKTdFVb2aB','2015-12-09 00:46:54','2015-12-09 12:23:40',NULL,0,NULL),(8,61,1,8,'App\\Seeker','Raju Gurung','greet2raju@gmail.com','$2y$10$Fb3HJv10si7B5barmlxS8OjPHk1TD98b0Oy4KflK6DxsQXgoNhemm',0.00,0.00,'','','','defaultpic.png','',NULL,'2015-12-09 00:46:54','2015-12-09 00:46:54',NULL,0,NULL),(9,61,1,9,'App\\Seeker','Ulrich Fricke-Pedersen','ulrichfp@gmail.com','$2y$10$rO6Firyrzl1qUJXOsv.nHOZRwJYQPf4il2KmlXyHR2vBQT00O94Y6',0.00,0.00,'','','','defaultpic.png','',NULL,'2015-08-30 08:12:26','2015-12-09 00:46:54',NULL,0,NULL),(10,61,2,10,'App\\Seeker','Jonathan Madsen','ae.joma@gmail.com','$2y$10$gh.f3CpV/ULKcwXdOOJNW.iIs008keWTWmPMFa72xPp93zbsVCxWO',0.00,0.00,'','','','FKplEoWFF6SWqjNc_09122015_131211.png','eKffagJNtW0Ftdmu_09122015_131225.png','IjFYQvKfeHJrMgxLlCTWjvlJwsmAwKhPLO5s6K6ELGkY3AFZKVwe4EabZu77','2015-12-09 00:46:54','2015-12-09 12:27:05',NULL,0,NULL),(11,61,19,11,'App\\Seeker','FRANCOIS SCHUMER','fschumer@yahoo.com','$2y$10$PkoSEvOfuLbAjfWrtZydpuoV8uPrf2b3ZxTE3j1JLIvhXqtrobSnm',0.00,0.00,'','','','defaultpic.png','','v1KgDSxU3fRXRryLm4DuSPpCAfoI6H4RiWfCG671FNcR6BmmQqMFLtxmWFw3','2015-08-27 15:20:48','2015-12-09 12:31:51',NULL,0,NULL),(12,61,1,12,'App\\Seeker','Enrique Navarro GonzÃ¡lez','kara_mj23@hotmail.com','$2y$10$/r99Z8CSE90dRL65RFHFlOjOSOc4GaaFQahrWLBZZiNgXc32VSbIq',0.00,0.00,'','','','defaultpic.png','',NULL,'2015-08-27 14:40:58','2015-12-09 00:46:55',NULL,0,NULL),(13,61,1,13,'App\\Seeker','Guillermo Grande gil','guillermograndegil@gmail.com','$2y$10$Dlc0Siq5fffiksYZdKtMku0qBQQogJ/G8FLKH1flk6RxazaHZ5pJO',0.00,0.00,'','','','defaultpic.png','',NULL,'2015-08-27 14:38:39','2015-12-09 00:46:55',NULL,0,NULL),(14,61,10,14,'App\\Seeker','Rodrigo Loureiro De Rada','loureiro.rom@gmail.com','$2y$10$uzo7AFfoXaP/pWHqexCokOGqiGowOmxP3VEXYTmjYsE3gOmmdejoW',0.00,0.00,'','','','defaultpic.png','','SmwlsmckYQrr5osbhiOFIevWqstf0maopwE6BFAjPaodHI1IRGZLyuDI6DhX','2015-08-27 11:36:14','2015-12-09 12:30:00',NULL,0,NULL),(15,210,9,15,'App\\Seeker','Jaime Ruiz de Castañeda Adrados','jr260793@gmail.com','$2y$10$hFWrF2R/kU.8.zpT.o0qMOn.QyekmoAvW9MA.7J5FGdWntA/Tn5JO',0.00,0.00,'','','','0mpozpYBOa9o0nMV_18122015_011242.png','','e4rCQz2zRvJZRrHFRrnpPGgFy5mLRbXxxg0koquVkVf4btDrTuV0KZRjtiQ8','2015-08-27 16:13:08','2015-12-18 00:16:35',NULL,0,NULL),(16,61,7,16,'App\\Seeker','Thibault Péan','thib_pean@hotmail.com','$2y$10$BZJuIetpUuqHimsmV2J/fOfoIrZVmPkyIDfiQghq7KtxdNHCI9/eq',0.00,0.00,'','','','LIF0CM14aKZWzWMW_09122015_131259.png','','LWqExYSRjSEOzSGtwvoDPGHjgMypUEvXJKJttKCrRSmXUxblYyopgzMInbfd','2015-08-27 16:58:54','2015-12-19 12:31:41',NULL,0,NULL),(17,210,14,17,'App\\Seeker','Antonio Cabrera del Moral','antoniocabrera32@hotmail.com','$2y$10$GItCkuOh2KI6cnnweaWO0Ofe7iRmG66AiTNSJKYzbDFXAvbhLbk9q',0.00,0.00,'','','','WYLf6YNR4mdSmATK_09122015_131219.png','','Zjpk2XCzw0NlzxZu7DSny2jF17RNljjnOanK2pBZOx1Wa4BwdmZ3SUz1Audr','2015-08-27 17:56:05','2015-12-09 12:41:28',NULL,0,NULL),(18,61,18,18,'App\\Seeker','Justas B.','justas002@gmail.com','$2y$10$COvOkVBXQn8TGjjYkOxhsuIEg1/C/vuINEUms1tUTGTKI8Y22Q./K',0.00,0.00,'','','','defaultpic.png','','ZY4U1gUICuf4que7x5HwW2hmQsOC2t92XpqnzJ7GyYXyov0PDKyPsAS8wd2b','2015-08-27 18:21:42','2015-12-09 12:44:06',NULL,0,NULL),(19,13,20,19,'App\\Seeker','Matthew Boogaard','matthew.boogaard@gmail.com','$2y$10$nkpL0ht6B1QiChLirJIDAuQ.MZKvQ16nOGrTESZ7R7a5PTR3YdM4K',0.00,0.00,'','','','defaultpic.png','',NULL,'2015-08-27 20:13:28','2015-12-09 00:46:56',NULL,0,NULL),(20,61,11,20,'App\\Seeker','Antonio Fernandez','oldscroll@gmail.com','$2y$10$ad43e9r5W/TywJL8Og0yc.EJzzJYm5KamNwHqDBu1VZtgfWyH8MYe',0.00,0.00,'','','','defaultpic.png','',NULL,'2015-09-02 08:36:30','2015-12-09 00:46:56',NULL,0,NULL),(21,210,20,21,'App\\Seeker','Cristina Medina','crismedinaprado@gmail.com','$2y$10$ZZVGALb2eP92RXcWkYz2eezjNYMXTleYH8n8IzjYJVhrCMuOisOZ6',0.00,0.00,'','','','defaultpic.png','','pgSsNzybIIg4qvdaFzg9fjlYjEwzjSuAoNatX3uUEam8T7rb2AEuniTEWPjG','2015-09-02 12:24:40','2015-12-09 13:02:03',NULL,0,NULL),(22,61,1,22,'App\\Seeker','Stefan Pavic','sp@sparch.dk','$2y$10$aXrVvpah/CQ7BcHnkB1kvehJUb9XGTDAJw7GXDZB2Q3Tu6Jyhnnf6',0.00,0.00,'','','','defaultpic.png','',NULL,'2015-09-03 10:47:50','2015-12-09 00:46:57',NULL,0,NULL),(23,61,13,23,'App\\Seeker','Elias DEBS','elias.debs03@gmail.com','$2y$10$p9t7Bb0yOQjBGKaRsycjpe8g8VGZ7IAIENAN/7kFh6/UaxCGBRcnm',0.00,0.00,'','','','defaultpic.png','','13ijma7OgOqxyiUN09Iwd3jcDaDk6fu4wyNzC5TljIZhyW5Qf0ZWj5GdfFzK','2015-09-03 20:16:06','2015-12-09 13:10:48',NULL,0,NULL),(24,61,19,24,'App\\Seeker','Allan Tofte-Jensen','allantoftejensen@gmail.com','$2y$10$KxEUqeJ2eBmj9bakOEvWtuk.bGbGVfB2nvkIQMqNyPUqjVFWdGkM.',0.00,0.00,'','','','UWBOBoGWZXS1uZeN_09122015_131227.png','','bF0OSmalx5UJJQ8v2bQnITkGyX8UcoA22Bncdi6TpBYGNZY7MrInpvRYZ28e','2015-08-30 15:11:27','2015-12-09 12:50:06',NULL,0,NULL),(25,61,1,25,'App\\Seeker','Rodrigo Monreal Rocamora','rodrigo.monreal.rocamora@gmail.com','$2y$10$FA8WGRjE/PQS2NWB/IQBjub1IBNsAj6la0Q6whV9gHl8d3yYw3kEW',0.00,0.00,'','','','defaultpic.png','',NULL,'2015-08-30 19:14:29','2015-12-09 00:46:57',NULL,0,NULL),(26,236,4,26,'App\\Seeker','Colin Garcia','colin_gar@yahoo.com','$2y$10$AdgKt.nNG7ybiwEo2uRhW.R0dJ19lPcxoZ5iuYz2fmjGKXT7KnKCi',0.00,0.00,'','','','jaRkFAeI3Kz1CS9c_09122015_131229.png','2o6y5DJrCeGFH5s8_09122015_131240.png','hl7uDpdloIVCo058y9AHCG1UjiZdRAm7QbmLMHuXxbFvoxsXSLtomRbL3sR9','2015-08-31 11:14:58','2016-02-15 15:09:36',NULL,0,NULL),(27,177,10,27,'App\\Seeker','Cristina Castro','ccriera@hotmail.com','$2y$10$eqjdevgrlUWyTEe5E8yEBeHsfsRpl.cF.dkqTgFDVxyLdqrl6gxIK',0.00,0.00,'','','','defaultpic.png','','uiuB8dO4od2MSVTVNiGl9ecVnVNd6MWT1buhPIJhboaX0UMipKMGBnf9NcHd','2015-08-31 12:02:44','2015-12-09 12:57:52',NULL,0,NULL),(28,61,4,28,'App\\Seeker','Vitalijus V','vitalijus_v@yahoo.com','$2y$10$cUjMpgA0Pd4sZabZcQLvAuyhf72aqw/qFgcgHklJKrv66W9DspaiG',0.00,0.00,'','','','defaultpic.png','','TfwfgTssBs6RxxXqc86kyrZXQifG4au9QloHe5XaA0Aio4VLf1pUL0lik4iU','2015-08-31 18:01:28','2015-12-09 12:59:48',NULL,0,NULL),(29,61,7,29,'App\\Seeker','Bankole Falowo','bankolefalowo@gmail.com','$2y$10$4opAjevdusY6y2Fp5n9/BufGG0l/nvsM3jW0YzUmguC3JkYqqIYme',0.00,0.00,'','','','defaultpic.png','','2XIhDOQFs2aCzoUFsH32CVPPlMH998CqafXpd0QT4CLnsyCINxl5oTLnsBUN','2015-09-04 08:12:56','2015-12-09 13:14:19',NULL,0,NULL),(30,61,4,30,'App\\Seeker','Silvana Teofilova','silvana.teofilova@gmail.com','$2y$10$/OBIObmD5PGCGifdzN/ziet986pkDOoRotDzqWlwyiAnIxklUoPOW',0.00,0.00,'','','','pVbObo9kQ0lTyOiR_09122015_141259.png','','zCv3sYLVlOwQRF4c2PBuyLzx5h9HpVGmqYCxixNn7Y48XP4zl75IykfOYfF8','2015-09-04 08:17:32','2015-12-09 13:17:53',NULL,0,NULL),(31,61,1,31,'App\\Seeker','Rafael Rodriguez Granados','rafaelrodriguezgrandos@gmail.com','$2y$10$TICc50WF1LSIRORC8LTJpe19TiUYrmcE3Sd35hch5PCQ21SQysAzK',0.00,0.00,'','','','defaultpic.png','',NULL,'2015-09-07 10:33:34','2015-12-09 00:46:58',NULL,0,NULL),(32,61,17,32,'App\\Seeker','Søren Rossen','rossens@gmail.com','$2y$10$RDjalidF6oPgbC99cbG.uuxWp7JP9nddZfAW0QbfIISigP4r6nZYC',0.00,0.00,'','','','defaultpic.png','','T7haA0K5zDGAfhSdKWd2nSloZTK3SexAWXBmM7EMOCK0WhvIzPmvLkd1SVoh','2015-09-08 08:40:16','2015-12-09 13:23:47',NULL,0,NULL),(33,61,1,33,'App\\Seeker','Gitte Fabech','gfabech@gmail.com','$2y$10$TrjWJT9vN2V0r1pDjePMUOpKNw0esmZhudCY3FTKeCELopWlLMPgy',0.00,0.00,'','','','defaultpic.png','',NULL,'2015-09-09 04:58:52','2015-12-09 00:46:58',NULL,0,NULL),(34,61,1,34,'App\\Seeker','Flemming Rasch','flemmingrasch@hotmail.com','$2y$10$nbpuPKDM5.CkArLdlGoIUOrbvW9/KCP7CM/jAtShcuCgWcPZgrooS',0.00,0.00,'','','','defaultpic.png','',NULL,'2015-09-09 06:12:38','2015-12-09 00:46:58',NULL,0,NULL),(35,61,9,35,'App\\Seeker','Laura  Lindstrøm Nielsen','lauralindstroem@hotmail.com','$2y$10$w4Qt8iFr.BuxtqGdbWVwCetHTmwt1sDJfkaF06vtaISClku8eyr6u',0.00,0.00,'','','','2g9n7WbGo1knJEpB_09122015_141232.png','','2giPmpwWaEHvPU01clJb3YQc3Qw1xO8ctfiCPCD7Zp0ASMWs2i2Gzi4gF0e0','2015-09-09 07:48:15','2015-12-09 13:33:03',NULL,0,NULL),(36,61,13,36,'App\\Seeker','Mads Black Ifversen','madsblackif@gmail.com','$2y$10$c3LXVZuFI.bmIsObB6wqDuNmvcOEWDhJVvhRf9NsSHgwFqotfY2Ri',0.00,0.00,'','','','defaultpic.png','','b98HItdkWNlYXZM6CoevtqG1YnfmfjZVdGfojOxBwuyqG1mHWG7f2JG3d6AR','2015-09-10 17:01:18','2015-12-09 13:35:01',NULL,0,NULL),(37,61,7,37,'App\\Seeker','Casper Andersen','c.q.andersen@gmail.com','$2y$10$IR.o50322oajr9MObMkAtO3dpsP1WXFgA/2ltqGvFZ79/dr.Q09RK',0.00,0.00,'','','','UArcPkSOWcFHNkW1_09122015_141238.png','','MNCVtq34ho72YeWMQAn37pDpsZQmZqByEr13ugJI3TvjReO0qzR9pFQuBjBe','2015-09-14 15:45:16','2015-12-09 13:38:02',NULL,0,NULL),(38,61,20,38,'App\\Seeker','Michael Greeff','ChristiaanGreeff@gmail.com','$2y$10$pREpPGSMPXeUQWH5elsvoOs1C8bg4HifNd75q17AeNxwq3c6ztQbu',0.00,0.00,'','','','defaultpic.png','','6uEmfCbEsyKA4Ojv5L4zaZJndadsf0YQbncWYiF3PlzzYR2iLNwruzdfCbNE','2015-09-18 08:27:49','2015-12-09 23:11:12',NULL,0,NULL),(39,61,4,39,'App\\Seeker','Otilia Nagy','otilia.nagy@workmail.com','$2y$10$6PUHcVqBAyWpCqlKcd.H.OTAMZpVKvNSNiZ8yofV3egPJBlfHwBEW',0.00,0.00,'','','','2mgW5F2uz4KvyuaG_10122015_001203.png','','wldhQHclcykJ3FXeJvxaAG1h0E6ovTBuv6lw3uLgXvldySbPFV4oBHm8OrG7','2015-09-24 06:06:27','2015-12-09 23:19:15',NULL,0,NULL),(40,61,11,40,'App\\Seeker','Simon Kristensen','simon@simplelink.dk','$2y$10$iG41apJleRFlk5cKoM4QHurns6F2j1cJIR5kleh/dBwzVECKw5OV.',0.00,0.00,'','','','defaultpic.png','','di1t3olD4j6G5eVg9Z2K3BO38RzL2AFRYt9gXTrQEq5DC6wg1FeSDrt96tpK','2015-09-24 06:07:12','2015-12-10 10:24:44',NULL,0,NULL),(41,61,1,1,'App\\CompanyUser','sasdad asdasdas','just.axu@gmail.com','$2y$10$dM2Hj8kqStPMYYOAthuLD.mgt9Ln6L5tbBxO0tW7xEa9Icm7e4Uua',0.00,0.00,'','','','defaultpic.png','',NULL,'2015-10-05 10:08:11','2015-12-09 00:47:24','2015-12-09 02:09:59',0,NULL),(42,61,1,42,'App\\Seeker','Rares Bagyo','rares.bagyo@yahoo.com','$2y$10$J4JNAFGtKu9agLBfKS/PWOaPAxcQWtRXl61n0bKtm5KuUjk.dC5VS',0.00,0.00,'','','','defaultpic.png','','yrNL1Nw8DeCoD6fUz2wkcHD8J6JBYmHWocvA5GV4irCY6D2hP0UsznSVD219','2015-09-24 06:38:12','2015-12-10 10:26:03',NULL,0,NULL),(43,61,10,43,'App\\Seeker','Renata Nikoli','renata.nikoli@gmail.com','$2y$10$LSDPZXZwKUjM4sSF3ATBzOPhe04yB5zE.I10oe9wHAqXovWHBobG6',0.00,0.00,'','','','FJGt9VAtkQowO8OI_10122015_111245.png','','f5fxIGWBl7EW11uEo974tqrDWvCgxyMi0CG03G147TOWaQuBb5eo5Y4j3DEe','2015-09-24 06:58:55','2015-12-10 10:37:12',NULL,0,NULL),(44,61,1,44,'App\\Seeker','Ioana Banut','banutioana@gmail.com','$2y$10$ydDChIXD8dVWo.k5NwSjXecMuRg4d8LoukgA3iFrNNQUXes9u0z56',0.00,0.00,'','','','defaultpic.png','','KVhYyg88D0qMexYIQn6MaglT3cWBZh0zcxS2Bq06orzRqNUteDOUqQRm6qft','2015-09-24 07:00:16','2015-12-10 10:38:50',NULL,0,NULL),(45,61,4,45,'App\\Seeker','Giulia Carmicino','giuliacarmicino@gmail.com','$2y$10$FLuo2iy9MF93oIZL76aqv.WDG2Ri0nJFU56Yr4XECYrM/HlO.pTB.',0.00,0.00,'','','','defaultpic.png','','D2pEwFjXxVGEcFJVYgCZZTAg3F9qpyQpYLZdAGT5op3LR8nnT5NQimYaPIj2','2015-09-24 07:19:24','2015-12-10 10:49:21',NULL,0,NULL),(46,61,1,46,'App\\Seeker','Nathalie Zheng','nathaliezheng@hotmail.com','$2y$10$pGqDsHw4L5VBfGYCt1B2buN8xmuRl.89k42q2ZPXntW7OVMUOK836',0.00,0.00,'','','','defaultpic.png','','TQEe21LWpdHPlfOuakRCXIlJqQtty6I8IiVJDKrZtgPdhBFW8Ihr9I9l7uGU','2015-09-24 07:48:49','2015-12-10 10:53:22',NULL,0,NULL),(47,61,1,47,'App\\Seeker','Alice Jennings','alicebryonyjennings@gmail.com','$2y$10$dla9pWR5kmcCaaXnCuOfKOT6Cms5C3zJGsNzgUQ5OjhWUZG6R/LaO',0.00,0.00,'','','','defaultpic.png','',NULL,'2015-09-24 07:52:56','2015-12-09 00:47:00',NULL,0,NULL),(48,61,1,48,'App\\Seeker','Elizabeth Gawel','gawelelizabeth@gmail.com','$2y$10$3VVtCTESXo64YLlUeocIWuuD6WTXp/O/2/NbWGQAaFDJPYybxb1Hi',0.00,0.00,'','','','defaultpic.png','','abFi67IE4qKQci54xZySuOmlNzxCVBRbPB9YYwIO14NM1n79y4UiUifIETbt','2015-09-24 07:55:00','2015-12-10 10:55:25',NULL,0,NULL),(49,61,4,49,'App\\Seeker','Mikael Thorup','mhthorup@gmail.com','$2y$10$B0PzLo1HE72PHuxrv7rBHuowHd7CSmZ/LIDbzfY8la2rfrpYRbke.',0.00,0.00,'','','','defaultpic.png','','6Eb2ug3c22XQLDsibF86y5ZdHp3lZQHbEfuuswKXqBmLy9UQbZ4qt4rYwPan','2015-09-24 08:05:58','2015-12-10 11:00:20',NULL,0,NULL),(50,61,1,50,'App\\Seeker','Jan Jakes','jakybro@hotmail.cz','$2y$10$oKrdIgdfSP3atpzwyk1wRuXRByGRKD9xWcQTFJOHhnJIvo/jKbvTu',0.00,0.00,'','','','defaultpic.png','',NULL,'2015-09-24 08:21:03','2015-12-09 00:47:00',NULL,0,NULL),(51,61,1,51,'App\\Seeker','Silva Kulisheva','sisi.kulisheva@gmail.com','$2y$10$i349pRAbXAV2Rx74ANNYa.afE.j0B5JVPx4Sa19j..Ch3lc2hpg6y',0.00,0.00,'','','','defaultpic.png','','zNLTTVNnFaLZ4tfAQ16sUlR0fLrv2Dimh0RFynvZYl2MbZZCzYYNFWJm1nLC','2015-09-24 08:25:36','2015-12-10 11:00:48',NULL,0,NULL),(52,61,1,52,'App\\Seeker','Jovana Milic','jovana05@gmail.com','$2y$10$XOaKiXrqY5alZVwg3N.ZcORFfq1kAfDt4iGxxpVDkPYFDt7WSOFIW',0.00,0.00,'','','','defaultpic.png','','50Qh7hNVx9xluAGSJFWRKRp3BKjs1urxV2Slk5yL8OYxnoD9EhsqkcpdyNa0','2015-09-24 08:39:39','2015-12-10 11:01:24',NULL,0,NULL),(53,61,1,53,'App\\Seeker','Ulrik Noringriis','ulriknoringriis@gmail.com','$2y$10$tGsid0EUsLwXG6UFA58cPuAI2WtsuDdQadeq3/MMgprELor8kN7cO',0.00,0.00,'','','','defaultpic.png','','sneylnoXcTRcVjZleYZahxGAOWcx5nURqd7QldlSKjsWEFW21Ds1kYHACBil','2015-09-24 08:47:21','2015-12-10 11:03:27',NULL,0,NULL),(54,61,1,54,'App\\Seeker','Hassan  Ali','Link_elleden@hotmail.com','$2y$10$qo8wFzzvu8fN5Uu0goHiZecHKJ2DSb.Y.EbN1eCaUpUDrbPwEUZci',0.00,0.00,'','','','defaultpic.png','',NULL,'2015-09-24 09:21:18','2015-12-09 00:47:01',NULL,0,NULL),(55,61,15,55,'App\\Seeker','Jordan Hesslein','jhesslein17@gmail.com','$2y$10$9oRVdp9XkQ35qV8urP44yuJWcotkw/oQvJvesS1QiHnr53hFxM.nC',0.00,0.00,'','','','dkSgB0YJp4GucgFZ_10122015_131227.png','','qyYlYtHh7m2VkOXRsCDENOgEtlfxULRtZjDvVy8vPBfY8MRr08E0iWcXJSSx','2015-09-24 09:42:51','2015-12-11 09:36:07',NULL,0,NULL),(56,61,1,56,'App\\Seeker','henrik  mortensen','hemortens3n@gmail.com','$2y$10$35ROh.J7j04jn.JE11qQ5.lY6aUEF7bieLsRrncjjTnKjLplKNY9G',0.00,0.00,'','','','defaultpic.png','',NULL,'2015-09-24 10:09:03','2015-12-09 00:47:01',NULL,0,NULL),(57,61,1,57,'App\\Seeker','Aleksander Jokic','jokicaleksander@gmail.com','$2y$10$QGP52zvtLW3jgX2gSO0pzeUoFemv2EX84sQCbDgpHFOe0MSw6nmkK',0.00,0.00,'','','','defaultpic.png','',NULL,'2015-09-24 10:17:21','2015-12-09 00:47:01',NULL,0,NULL),(58,61,4,58,'App\\Seeker','Dorin Heid','dorin.heid@gmail.com','$2y$10$SOExPSrJCMh7qJ7R.lZ2ouDcWiaWoQZHYXMyNqvMIqh/hbJMMuDeS',0.00,0.00,'','','','wYX7RQOoCtSgjkgn_11122015_141212.png','','zl7YTZFG8rHLcspPmS1MoUUS4n5xwCGTggipX60mnqIouIEdvzKmbO6cCLhM','2015-09-24 10:23:30','2015-12-11 13:46:08',NULL,0,NULL),(59,61,1,59,'App\\Seeker','Susanne Fischer','susanne_fischer@gmx.at','$2y$10$gkw24ubABnRzFpwf2MvkXe9hKh0rw0C0QWGnWk/DdErmWM.7JnNWC',0.00,0.00,'','','','defaultpic.png','',NULL,'2015-09-24 10:25:33','2015-12-09 00:47:02',NULL,0,NULL),(60,61,1,60,'App\\Seeker','Benjamin Moshfegh','bemo15ab@student.cbs.dk','$2y$10$T7U5q1L.1LDZO/o3gOavNu.HOA4Bd56zFryNLMX6iINwD4fFErFci',0.00,0.00,'','','','defaultpic.png','',NULL,'2015-09-24 10:30:27','2015-12-09 00:47:02',NULL,0,NULL),(61,61,1,61,'App\\Seeker','Sara Yang','saya15ac@student.cbs.dk','$2y$10$QRBxGXfl9gnSf5TVyHjr3.qwNmvKG5Ev//PEfmEcB5tFnt/RolFUm',0.00,0.00,'','','','defaultpic.png','',NULL,'2015-09-24 10:49:27','2015-12-09 00:47:02',NULL,0,NULL),(62,61,17,62,'App\\Seeker','Hendrik Mahling','hwmahling@gmail.com','$2y$10$HTi2Y0swmuaiUU8qm5eb9OTy6217A.Uum/XpsXQsi5tY5IakeEMwq',0.00,0.00,'','','','O7ULi36G4EnYbKU7_11122015_141235.png','','L4ewGLyC0BD9KrEiU5kjo0VwOY8i3R8S76cVUf2HEUgiv000Aw4VMHZj2LUy','2015-09-24 10:51:53','2015-12-11 13:50:35',NULL,0,NULL),(63,61,7,63,'App\\Seeker','Stephen Cram','scram11@gmail.com','$2y$10$hOXIkg04mag.dDkAhSUV8.EKrdEtuZGEzHyES982nBMXh5hbVrvzC',0.00,0.00,'','','','defaultpic.png','','Ty3e9H43UONHdQ7iCSTNZLEIq2xiPdvXPlDx6Jt1CGhQR6ADagOJ7aEVH54o','2015-09-24 10:54:58','2015-12-11 13:51:46',NULL,0,NULL),(64,61,1,64,'App\\Seeker','Haydar Mahmoud','dday129@gmail.com','$2y$10$PQDgRAgIWoUdtfIRT/6Gge1bN2QvsKQdFOBNRN.xDhGk5.G8tq4iW',0.00,0.00,'','','','defaultpic.png','',NULL,'2015-09-24 11:02:18','2015-12-09 00:47:03',NULL,0,NULL),(65,61,1,65,'App\\Seeker','Adam Mohamad Ali','mohanad10@hotmail.com','$2y$10$PWgoRl5FNJfep7LP/asPNOpV2ZOkrw9H.33web530il845ywf0zIK',0.00,0.00,'','','','defaultpic.png','',NULL,'2015-09-24 11:05:21','2015-12-09 00:47:03',NULL,0,NULL),(66,61,1,66,'App\\Seeker','Tizzita Tefera','mitmita13@gmail.com','$2y$10$KzaryYvYW8apBdkEcR9nM.4CIMlo.kUilghD3vbuyNyKVGAez04Pi',0.00,0.00,'','','','defaultpic.png','',NULL,'2015-09-24 11:18:55','2015-12-09 00:47:03',NULL,0,NULL),(67,61,1,67,'App\\Seeker','Viktor Beregszaszi','beregszaszi.viktor@gmail.com','$2y$10$NuGViubyYpy7QV4t2Z7/dO3qbNC6T02CBzCnQs9OehK4T/jAVwvxG',0.00,0.00,'','','','defaultpic.png','',NULL,'2015-09-24 12:30:43','2015-12-09 00:47:03',NULL,0,NULL),(68,61,1,68,'App\\Seeker','Giovanni Binetti','Giovanni.binetti9@gmail.com','$2y$10$9mI5lmNCcEzi.3YfQyGd0.zUECQ600EA0/NtOXwTTmseaqbR6S3Wa',0.00,0.00,'','','','defaultpic.png','',NULL,'2015-09-24 12:34:56','2015-12-09 00:47:03',NULL,0,NULL),(69,61,1,69,'App\\Seeker','francesca ratti','francescart@hotmail.it','$2y$10$QTcWxkOYpfO2PxDJODOQk.0XcIkI0iNhx91vWfz3.UKUuoqG6sSfC',0.00,0.00,'','','','defaultpic.png','',NULL,'2015-09-24 12:46:51','2015-12-09 00:47:04',NULL,0,NULL),(70,61,15,70,'App\\Seeker','Ajay Prasad Indukuri','ajju.indu1@gmail.com','$2y$10$.xRV7jhJNyE9qKqxBFzfyu4uGP5sJiJW1JA31UtxJ.W/fPd7R/f/2',0.00,0.00,'','','','defaultpic.png','','3tIRspU2ZtNR1fK1tOeQPPBWPPejHi2EG65O5EDPBiC12ebHmm6pfBEBXZ6u','2015-09-25 07:02:38','2015-12-11 13:57:58',NULL,0,NULL),(71,61,1,71,'App\\Seeker','Jan Christian','g11228517@trbvm.com','$2y$10$MPPyfL9laXxptrq9w83p6.BcgX456jXjW4wpOHJcZ0Xxw1W6UTuqq',0.00,0.00,'','','','defaultpic.png','',NULL,'2015-09-25 07:42:06','2015-12-09 00:47:04',NULL,0,NULL),(72,61,1,72,'App\\Seeker','Javier Gomez Leon','javiergomezleon@gmail.com','$2y$10$ASLDjJ2zAmxVlwjZi3.mRuwV/Ulmux20FzuAEAtUZ.NEYfSdeT9fa',0.00,0.00,'','','','defaultpic.png','',NULL,'2015-09-25 09:16:46','2015-12-09 00:47:04',NULL,0,NULL),(73,61,15,73,'App\\Seeker','Sajita Nair','sajita@sajita.com','$2y$10$s/rL2pBe288OgkGX.Q7EB.S9Wq1mkim2b99VfvO.cXpDLemDagHie',0.00,0.00,'','','','lhdRw0SIiVv3PK7y_11122015_141235.png','gZjaXBYRt4iM6js5_11122015_141212.png','iTxmidPdb9NwLtN3evyUBWApIaWAnodu2SLzMPrfmAl2szktKCUZXJW8ADVx','2015-10-02 06:11:14','2015-12-11 14:00:55',NULL,0,NULL),(74,61,1,74,'App\\Seeker','SURAJ  BUDHATHOKI','srj_budhathoki@yahoo.com','$2y$10$kYQ3n2z45GSbRYQNn.z8Ne0ALQ3W3GEcT0XKystKBKnC6WWEgjchG',0.00,0.00,'','','','defaultpic.png','',NULL,'2015-10-02 11:00:02','2015-12-09 00:47:05',NULL,0,NULL),(75,61,16,75,'App\\Seeker','Alexandra Siticov','alexandra.siticov@gmail.com','$2y$10$zH2vCX8RBtmHVl2.4GdFF.zmdsopSx2XRvZkaoze66IqqfnoQBLRa',0.00,0.00,'','','','defaultpic.png','','EtNsF2odVhcxxvLgMuIoXivwp0U217fPa7TUFbbXKvkHXb8I752ePybK4CZX','2015-10-02 11:57:38','2015-12-11 14:01:37',NULL,0,NULL),(76,61,1,76,'App\\Seeker','Dimitar Jovanov','dimitar20jovanov@gmail.com','$2y$10$BCSzB6le4lFmVchviMa4LubH7aaGRUnJrqkguM03mTArXPmi/PjNS',0.00,0.00,'','','','defaultpic.png','',NULL,'2015-10-02 12:15:13','2015-12-09 00:47:05',NULL,0,NULL),(77,61,1,77,'App\\Seeker','Julia Rask','julia_zrazh@hotmail.com','$2y$10$tnR82AFf/1eWsRRfPVBGG.lPxpiV6/3pDD6rKEr9vDCffQWzAqkxC',0.00,0.00,'','','','defaultpic.png','',NULL,'2015-10-02 12:15:34','2015-12-09 00:47:05',NULL,0,NULL),(78,61,1,78,'App\\Seeker','Erik Blom','ehblom@gmail.com','$2y$10$4F7kNwAPyY5jIMwvTFRP6OVMRtHcm4kk5TdGmI4NmMCSf6IiP7Pea',0.00,0.00,'','','','defaultpic.png','',NULL,'2015-10-02 12:16:45','2015-12-09 00:47:05',NULL,0,NULL),(79,61,8,79,'App\\Seeker','Oana Maries','mariesoana@yahoo.com','$2y$10$iDWzT7/pmoFw0YEsOFlo5.uu0/YLHJEJQfrSTOH.YEsVR8g2Nq.em',0.00,0.00,'','','','defaultpic.png','','cbVgVvJYFCIQFktZSUiCi82G5SpTib8IjDZKoGC91HWBma8o8pruyrNnuymw','2015-10-02 15:10:14','2015-12-11 14:03:49',NULL,0,NULL),(80,61,1,80,'App\\Seeker','Ashish Chamlagain','ashishchamlagain001@gmail.com','$2y$10$Sc5L8WO2mdO4Z89qvx8eUOj6ucRwoWYw5lYv1WOGQrbvx3H4F2hsy',0.00,0.00,'','','','defaultpic.png','',NULL,'2015-10-02 20:07:30','2015-12-09 00:47:06',NULL,0,NULL),(81,61,1,81,'App\\Seeker','mohammed noor noor mohammed','noorm.6144@gmail.com','$2y$10$JgDJDEQovWxvYjOta2q/Pe3uGcDrgdY7B2nLZ9DuTpG6oNZEmg82i',0.00,0.00,'','','','defaultpic.png','',NULL,'2015-10-02 22:50:18','2015-12-09 00:47:06',NULL,0,NULL),(82,182,15,82,'App\\Seeker','Andra Ionescu','andra_ionescu7@yahoo.com','$2y$10$EJLMsvL39/Wmg8MjSN5uUeKnudpo6ds67TM2puigcb8OyyQxCAoHq',0.00,0.00,'','','','defaultpic.png','','JWsdeSlyKsTJuX8AS4lGlu9C7tARF1dQdbcEJlhBMEabiuCYokqQ9ItQrvLb','2015-10-05 10:00:28','2015-12-11 14:05:41',NULL,0,NULL),(83,61,6,83,'App\\Seeker','Miriam Sanchez-Mayoral Gutierrez','samagu82@hotmail.com','$2y$10$DG6WWZnWdy5Xxk8YbHmA1eceg3HbfVg8NQJqcrafBYCgbN.A.ITg.',0.00,0.00,'','','','hGYOWtEfu6kkEFTD_11122015_151222.png','150_561440f956ab4.png','8nqt1DaXStYDGOFhwEZn15lE6XOGs8KF4VW213LUFEDl0cj8jbeZ3XUtCRFe','2015-10-06 19:05:09','2015-12-11 14:11:54',NULL,0,NULL),(84,210,5,84,'App\\Seeker','Javier Rodrí­guez Machí­o','javiroma9@icloud.com','$2y$10$4aIedbcuooG68MTVL3nYUO/7xVkett35a91Q2iNfgVB2.UP/ZvR/u',0.00,0.00,'','','','151_5614f0320f4b8.png','','Z74xAY7wtf72xn4neiNuUY2HbUe6JKD0XCZU2RVYP1BoDTe3fK2goxpwSTsT','2015-10-07 08:07:41','2015-12-11 14:15:01',NULL,0,NULL),(85,61,10,85,'App\\Seeker','Irena Peneva','ira.peneva@gmail.com','$2y$10$6o5jH/TxW14.KrfmDtGZw.VC3GT8S6NYMraCEv8aO7sLrn0pxxqYi',0.00,0.00,'','','','46edXJBoDICDH7ov_11122015_151252.png','fWWhkQ2I2df5upa7_11122015_151206.png','m6Zx0byPYhZ80Mo1P51WlYdCFOxXysNVHd4n8TjYWmxllnjbd4Dht4YsDzdg','2015-10-07 10:45:20','2015-12-11 14:18:46',NULL,0,NULL),(86,61,1,86,'App\\Seeker','Subas limbu','subaslimbu9999@yahoo.com','$2y$10$Z5cOHl.VOsDWeTxWtj0gpOJNuE9h/3ocnHfhYXoWgqs8yRRyRd91O',0.00,0.00,'','','','defaultpic.png','',NULL,'2015-10-07 14:28:38','2015-12-09 00:47:06',NULL,0,NULL),(87,210,4,87,'App\\Seeker','Álvaro Rodrí­guez Machí­o','alvaroroma10@gmail.com','$2y$10$TQcql0EzLBVC3C25fHDaL.OGmnrMW6qY1o3wqYdXQRrdPshb4y6Au',0.00,0.00,'','','','M5WZWIVBZ9fzQb1o_11122015_151258.png','','HLf6kfPmYm5RBUFPCNqERQz7MN1GX72BOCd40Fuyl7MO93ihtq0is2wNIBaQ','2015-10-07 16:04:22','2015-12-11 14:32:32',NULL,0,NULL),(88,210,22,88,'App\\Seeker','Antonio Quintero','quinterazo12@gmail.com','$2y$10$pmmBcO4a.9ksK6RVxr6i1ej9v1oy7sed3vkMqsqAknWSOvbBBvgZ2',0.00,0.00,'','','','155_56165f87ee229.png','155_56165ff207911.png','PeoPkpSAXG87wNt6iLsrxb5ZLNT4AY3CCBJZzXbQctVI61RFrt1wyp5wsSL3','2015-10-08 10:09:55','2015-12-11 14:37:25',NULL,0,NULL),(89,61,2,89,'App\\Seeker','Beatriz Revilla Casares','beatrizrevillac@gmail.com','$2y$10$GpKRl02HgQMaynILHQk9Te60KaDZqfgu71RqKkTRdtzrPv/lEn./y',0.00,0.00,'','','','CyqC0DwbEuLnvD8M_11122015_151250.png','','l3YfNqFIwUmahbNXAfiuq70qCnRloJthFryCKvHnlyYsvifDL7zVOsNAKQb3','2015-10-08 18:59:04','2015-12-11 14:43:04',NULL,0,NULL),(90,61,11,90,'App\\Seeker','Asad Khan','asad7904@hotmail.com','$2y$10$WYZo5PylaujZiRnvyhgWEOu14z.3aXiSliEllM2YLyibjdcoxxhJK',0.00,0.00,'','','','qk0HsjzQPf7ObFBp_11122015_151215.png','','Fsn3FG5jOE6OtQ95xTr6gFEwJyubSqWS1dnOYjrnU4mZBvxdio5iPeH7lPmq','2015-10-09 13:30:16','2015-12-11 14:48:11',NULL,0,NULL),(91,210,20,91,'App\\Seeker','Bibiana Casado Jimenez','bibiana.7.1992@gmail.com','$2y$10$mUXrrYlI3.HsnUPg5aJjBedRmEh.7iSEPZpWR2g6EAFA6tYIGRPDe',0.00,0.00,'','','','defaultpic.png','','SEAS308P3QUuq15mGtVTfczkOFwZKXcv9s7rMko22kmDU3odTXtTQFawcVM8','2015-10-14 07:38:47','2015-12-11 14:52:16',NULL,0,NULL),(92,210,3,92,'App\\Seeker','Marí­a Lourdes Pomares de la Peña','lourdespomares25@gmail.com','$2y$10$DjdgDlyDeq/sqkSOEVD4reyNaG8CY4e7./KxSpCTBTeop/M0.A7iG',0.00,0.00,'','','','defaultpic.png','','dWq8JyDuCvHU4FX8x9BqMxKc81HebLKhJ88S4FEhfFhmACPS5Z01Yq6wwrv9','2015-10-14 07:53:42','2015-12-11 14:54:23',NULL,0,NULL),(93,210,20,93,'App\\Seeker','Cristina Martí­n Romera','slayersnext_77@hotmail.com','$2y$10$TelMuQrUmHb2cx62bK85LOfSjF8cq9dQRbanaJmluPG80o6ILKkZ6',0.00,0.00,'','','','defaultpic.png','','GpYR30DtJ1glr6q45hNGSlDX7T34UtGSBZ8pxegKq7Zo8XH7X3a2jco4haXs','2015-10-14 08:40:28','2015-12-11 14:56:01',NULL,0,NULL),(94,210,9,94,'App\\Seeker','Miriam Lopez Estevez','Myriam_91@hotmail.com','$2y$10$pmo5OdU3Guf2/No7RhJXbeaR5hhMTjNguGfH/cZy5NI2WqxElrf3u',0.00,0.00,'','','','defaultpic.png','','KN49qU3bt8OzXGSwaBw6wAvbSEbP9DicsJufUgAQESZk640dnzLZxO8wsuzS','2015-10-14 08:47:25','2015-12-11 15:07:46',NULL,0,NULL),(95,210,2,95,'App\\Seeker','Francisco Javier López Rosales','javierlopez@delegacionetsie.es','$2y$10$8DYs2OaFVpKh3/1JiY3Rmuf6VtsoU8HfBowej9N4.pZy2dA1Ne/Wa',0.00,0.00,'','','','defaultpic.png','','tb5qBszwzjKHPCHP4INq09i9DsR8TxFaxScesXT80bPV3268rABRUgmeZzhD','2015-10-14 08:56:49','2015-12-11 15:09:52',NULL,0,NULL),(96,210,9,96,'App\\Seeker','Isabel Leal González','isabellealglez@gmail.com','$2y$10$ZHjxVnL4QqfyOQ5Gxy5wxeC0EIIvf/NCrzJRRyfjB/9vV0lki5p4G',0.00,0.00,'','','','defaultpic.png','','6gcBIOhCeMfGEHz7bCRa8AwCzhIOx72z3ew1TYTgXrrKtYi4qwqGR8bE6Uc7','2015-10-14 09:09:41','2015-12-11 15:11:51',NULL,0,NULL),(97,210,3,97,'App\\Seeker','Irene Duque Serrano','irenefagot13@gmail.com','$2y$10$RCMfFgFmYUsU3gfr3bX8Fu17AiXc0l8ASiDW4BDRACXY/4xHQUXMS',0.00,0.00,'','','','defaultpic.png','','nSPekWIh0Pv6gaK1rFfHAGRqa7yx7FN2g1rqLsO1WPBFgCwEoY9RWEuDgPie','2015-10-14 09:16:31','2015-12-11 15:25:23',NULL,0,NULL),(98,61,17,98,'App\\Seeker','Lilia Esther Soto Barroso','lia.sb9@gmail.com','$2y$10$X3GJ0PMKqOCVLJjmFr/um.SBT./6IqSrFiBv0nLGVqhdeu7FTZQFu',0.00,0.00,'','','','defaultpic.png','','7T8n2BD6cnvqZqFFyrcUGJHAiwWR2AHvXgIsyK0L3eZsmUJ31ERj142Uln9J','2015-10-14 09:20:56','2015-12-11 15:29:06',NULL,0,NULL),(99,210,9,99,'App\\Seeker','Marí­a Romero Torné','m_rt_95@hotmail.com','$2y$10$aSOi.twcf5QBIit6Dyb73./Rud34gzfcuk.lsjKa6bGIHxHnfOhYO',0.00,0.00,'','','','bwGLtp7t2S1L1f57_11122015_161205.png','','3ukM2NDqeSMcffnsuj05pODlkKRo1oZx3EXbKa0PxwO3KDvxVyIY2RCXVQtt','2015-10-14 09:36:21','2015-12-11 15:32:14',NULL,0,NULL),(100,61,2,100,'App\\Seeker','David González Jándula','dagoja@correo.ugr.es','$2y$10$Jv6V1izeY5LbhpzhbrYG6eUN14ZDMoDOW86nezOz9ldJ8VhTJwXze',0.00,0.00,'','','','NviQxq6V5sKtdJOW_11122015_161224.png','','F1QFnyyuVmEklfKsOv5Bbbw0K1Qib057fVrpsIai5DrQ3tS2ogWm91OmWXWl','2015-10-14 09:51:15','2015-12-11 15:34:32',NULL,0,NULL),(101,210,2,101,'App\\Seeker','Ana Belén Machado Medialdea','bbelen593@gmail.com','$2y$10$Jsp3O6Xtp8yAX4yGpxopvuavrchHgS7dZBsENy6BPZMvtL.Abx/tW',0.00,0.00,'','','','defaultpic.png','','FXGki1OCzUWlehgizWscIzhuF5qkbrsbwsXAkqa9RWUQTYFYDGwdGMIV6Erz','2015-10-14 10:02:49','2015-12-11 15:36:27',NULL,0,NULL),(102,210,20,102,'App\\Seeker','Alicia Muñoz Pino','alipinonopi@hotmail.com','$2y$10$tGEz8/JFOTzHKZ7I9tKgeutm8hkEsPdtyWnsk7RFFUYP5zOt4qTP6',0.00,0.00,'','','','defaultpic.png','','zjrbXnG4DyuaQcbd2spDAMSGKjofdrLHCokTdYT8EzRNCDwVWR9x0mFEBj3F','2015-10-14 13:49:43','2015-12-11 15:38:25',NULL,0,NULL),(103,210,7,103,'App\\Seeker','Andres Gomez','andresgg1994@gmail.com','$2y$10$303/H5Gn.iJpGiQ1/8qowOrI4FSG6UHkiLD4msi2VGtBlTbD1B8Ii',0.00,0.00,'','','','defaultpic.png','','bcnfu4qKVvJYfTN5y2R34GQidhzpNqgEYP92jc5FHKDXVNYXTLEyyA7LEnID','2015-10-14 14:01:53','2015-12-11 15:39:47',NULL,0,NULL),(104,210,22,104,'App\\Seeker','Bárbara Nuño','barbaranunoperez@gmail.com','$2y$10$isqIyG62cERhS0mr0iH1ouwqTigd18tQA/iJViP4bwJqMPPbzWAJW',0.00,0.00,'','','','defaultpic.png','','LKg0pZAf7nf3WfcYI0WzrDuC4UgqR5h3Snz0bpCmnC0dCqcyPypz85Q5GpYA','2015-10-14 14:15:24','2015-12-11 15:42:10',NULL,0,NULL),(105,210,22,105,'App\\Seeker','Ana Isabel Garcia Luzon','garcialuzon@gmail.com','$2y$10$cG5Jjv7ccBBnKhWsg/wRke/29VabtXykqEallQXYAKKRdsEErNCZW',0.00,0.00,'','','','yxsA3UjnqTwHdlrV_11122015_161218.png','sfF8v8x7ly5O82FB_11122015_161240.png','7ceAH28knEAlvdfGJQBkXjRVBxa1MahobEKZNNEvTu8GEajE1rv9ZI2T1qTY','2015-10-14 14:29:18','2015-12-11 15:46:02',NULL,0,NULL),(106,210,2,106,'App\\Seeker','Cintia Muelas Delgado','cintia_m.d@hotmail.com','$2y$10$DsNdW0mjnpe1N0v4zrLvhurup/GAFYBOjjfKxfU4HNSESe5kmmWQy',0.00,0.00,'','','','defaultpic.png','','r4y2d5fM2NJQANKog8FaUpOtJQTn9vlXtsN6VoxK7wZrUDNCvUIQydVFMuuJ','2015-10-14 14:56:03','2015-12-11 15:48:27',NULL,0,NULL),(107,210,20,107,'App\\Seeker','Fina Perez','finitadelfin@hotmail.com','$2y$10$8Qx0gDzQtU04xifK4zZ9Uu9CnV4R/9VtMQ8YHFdN.jXma/hh9UjVS',0.00,0.00,'','','','defaultpic.png','','3LFPXujxIuBqfkgSI4XMICFVdjlqKWoelvDzJr7lvXA0BhWT0ybVD5fSkj8L','2015-10-14 15:07:46','2015-12-11 15:49:44',NULL,0,NULL),(108,61,1,108,'App\\Seeker','Saraswati Khanal','saraswatijoshi1@gmail.com','$2y$10$VLo3DDgWXziNu15R0Ko6V.FcyEx/SSP/j.Aw/v5q5Slip8k82A5Zi',0.00,0.00,'','','','defaultpic.png','',NULL,'2015-10-14 15:16:36','2015-12-09 00:47:09',NULL,0,NULL),(109,210,15,109,'App\\Seeker','Rafael Ortiz Rabadán','rafaortrab@gmail.com','$2y$10$8MOI1TOIL2Xm5GAqwOWbBeu2LakaLjZ36Mbc9Tn.xyPgIX9EGUBWa',0.00,0.00,'','','','defaultpic.png','','EeAaOxqutynWLWdlbaSwlfs1yWER8RpsEfJF1RaGncOS1phctXxY3FwIf54P','2015-10-14 15:16:46','2015-12-11 15:52:18',NULL,0,NULL),(110,210,7,110,'App\\Seeker','Rafael Sequeira Luna','rcuc18html@gmail.com','$2y$10$Et5OLEpgO.PLTvDzYoc8WeSPFIBGPx73CFDjU1iiVgVKvNEXYIiEq',0.00,0.00,'','','','CThwGJq8iUB6c4IH_11122015_161201.png','HEALtHEyqmkdUVfe_11122015_161218.png','cTsxJSQGnzzIRvgR9oNJKZAr9ziYWsokM1eGCRHUTLiUskRR0sj39wQauwVt','2015-10-14 15:22:20','2015-12-11 15:56:25',NULL,0,NULL),(111,61,9,111,'App\\Seeker','CAROLINA CANTERO GONZÃLEZ','carolinacantero.93@gmail.com','$2y$10$h33ARQ3PFhjJxY6bJGTxvuG.9KyECtH4k.ftGn3Ab/8M.2PlOjqZi',0.00,0.00,'','','','defaultpic.png','','QmslY3Acae1b8NV7A29CiI79XEZfr4mkzcH9xMuSx0dPYGXxZMZbQBRgIX4y','2015-10-14 15:33:53','2015-12-11 15:59:43',NULL,0,NULL),(112,61,1,112,'App\\Seeker','Irene Ramos Franco','irene21_6@hotmail.com','$2y$10$02Fz3GFiuXzcNuO3rxWSzuPzdFUoZ.p.qoW7novt9FIs6LhRcI5Ha',0.00,0.00,'','','','defaultpic.png','',NULL,'2015-10-14 15:36:52','2015-12-09 00:47:10',NULL,0,NULL),(113,210,9,113,'App\\Seeker','Esperanza Macarena Aroca Aguilar','maca_1494@hotmail.com','$2y$10$fZ2BXEKOJwGjzFDhH6Ud7epUphCH6JaQ3yFY5diPHkfrbJc58Bdxe',0.00,0.00,'','','','defaultpic.png','','iE3TjPiZFM0mYFsHsOGm0c5fr0mc0NXTmhYKAWZ3mIrKYjZgsOboPo5NcJpP','2015-10-14 15:45:04','2015-12-11 16:03:04',NULL,0,NULL),(114,61,1,114,'App\\Seeker','imanol larrea saiz','imanolonami1@gmail.com','$2y$10$AU.CHMwNMMgJuvzyz80pSeU8JXDRG8nPfoQGcA8DnhGOYfYvsJi.i',0.00,0.00,'','','','defaultpic.png','',NULL,'2015-10-14 16:00:09','2015-12-09 00:47:10',NULL,0,NULL),(115,210,9,115,'App\\Seeker','Juan Carlos Medina','medinak20@hotmail.com','$2y$10$3X4VE3DJxohfp2BNf4hsQexAZqHUWOvhzJZ8rZhYZiDZd2SaA99N.',0.00,0.00,'','','','defaultpic.png','','y2kUZPiJr7JCCYVEyGmqQHcKFMQBj1W8KG6Zt4sMkKMq9eOdbkMdstkjmPOB','2015-10-14 16:06:12','2015-12-11 16:09:37',NULL,0,NULL),(116,210,1,116,'App\\Seeker','Sara Domene RodrÃ­guez','saradomenerodriguez@gmail.com','$2y$10$udwBL1GYDSyztM9eqX/f.eu8XiCUi4TxTvKXJ10SPGV3izWdCNwU2',0.00,0.00,'','','','defaultpic.png','',NULL,'2015-10-14 16:16:31','2015-12-09 00:47:10',NULL,0,NULL),(117,61,11,117,'App\\Seeker','Prajna Varun Meppayil','prajnavarun79@gmail.com','$2y$10$eDQ3LQouyp8AfC1R2NL09.FmdNmwv8BE1l/N9OB9z2UP2izBnF.XK',0.00,0.00,'','','','z7BCse7S2MGq8STj_11122015_171220.png','','yUSlPI0MNMwaczprDodorG1HI7CteLcUJmOXKXNH3epmrMhJJxolkjD3V3YY','2015-10-15 04:04:51','2015-12-11 16:13:58',NULL,0,NULL),(118,210,9,118,'App\\Seeker','Mariana Ortiz','marianaorpi@gmail.com','$2y$10$iwNPTSZJeBnRyJR8x3rXZOR9rluCwP6hnKWFnOCaH9uBu8/wHfDsO',0.00,0.00,'','','','defaultpic.png','','ysYojQbIbmRNfRonu1mo4O5WfuVdu7yY30XuHKcGvusa5nshsfHJwHTlrggn','2015-10-15 06:52:43','2015-12-11 16:15:52',NULL,0,NULL),(119,210,22,119,'App\\Seeker','Marta Bascón Alarcón','martabascon_5@hotmail.com','$2y$10$QavEYIkAAjiaGEwzoEkCIeiH2/03kNtmtMkw0yXexPrjApXgGaRYy',0.00,0.00,'','','','9XYxlJmGJ6Viy0OI_11122015_171255.png','A9NDIpwv7agmfVnP_11122015_171254.png','4oRwgAYYgnpfsVRGv1lokyUCHFgupgBzrOWwYSofWy6vUeWXkfDsQHi46qZs','2015-10-15 07:05:17','2015-12-11 16:25:37',NULL,0,NULL),(120,210,22,120,'App\\Seeker','Juan Ignacio Pozo','nachopozonavarro@gmail.com','$2y$10$Tgk3z1hE6RnytNj8Cf/iB.GAGJ5Dgv55bIsWp/1sgjBDlZ9U4TV9a',0.00,0.00,'','','','defaultpic.png','','kkF59JoBpJMEB3fBoOvj11JER4gdJTgOC6umjiIQM6BtpCioQ2yhl2RDuXhw','2015-10-15 07:08:10','2015-12-11 16:27:14',NULL,0,NULL),(121,210,9,121,'App\\Seeker','Ana Garcia','ana_gc92@hotmail.com','$2y$10$v2TfUD4jMTgTaV551q0kWeBlv9GCgPEW1GUi/beXyfVeFP0jFRyJS',0.00,0.00,'','','','defaultpic.png','','OXU3AIWBuMeqLJsuG7Uf1QWxxSch0N3SOXT7EkYH6GBNfFOSt4aY5kGeuW0J','2015-10-15 07:12:01','2015-12-11 16:28:34',NULL,0,NULL),(122,61,22,122,'App\\Seeker','Alvaro BolÃ­var Moreno','alvarobolivarm@hotmail.com','$2y$10$y4BHB8zMCaAPyqoyuV9dYu7DnZdmFD7HE5Lu039bdzQV5LRZNcehG',0.00,0.00,'','','','hOB5XNvHDbR0SXKD_11122015_171219.png','MvFk4j87rEINQ6ba_11122015_171237.png','6OSFNsTkWeRNdeRnkhSSQL7mOEefIqhTPJAAlVQGGvtRhJwtnhLCM4UHWph2','2015-10-15 07:23:20','2015-12-11 16:32:31',NULL,0,NULL),(123,61,22,123,'App\\Seeker','Marí­a Lucena','marialucenasanchez97@gmail.com','$2y$10$wO2jw5GMSZdeGcnW4YZfj.rBEJ/u5yQMLl3lIwSfoilQOfvQcSbli',0.00,0.00,'','','','opbsVJlcTfI8TW8n_11122015_171240.png','190_56333850ee8cc.png','nxXGxYhY2ESO0bDhScMiDPLXWu5cjibIx2XeTWEhjnWR7SuaHIQ9JOye8bsm','2015-10-15 07:28:24','2015-12-11 16:36:05',NULL,0,NULL),(124,210,22,124,'App\\Seeker','Rocí­o Sánchez Infante','rociosaninf97@hotmail.com','$2y$10$AOi367ptH0VD34KFtsg.F.eYmvqXJXr4a7O9fGY8cyqGxtAzTVxgu',0.00,0.00,'','','','defaultpic.png','','2IvuqHDEdwfpCA1GNTF7PISUAR3AeAZEcAu1tD8K8puXPawv5p8Wz6ViqQhR','2015-10-15 07:34:18','2015-12-11 16:38:01',NULL,0,NULL),(125,210,20,125,'App\\Seeker','Natalia Martin Charneco','nataliamartincharneco@hotmail.com','$2y$10$A69FZ96elk8/rvWJ0Trw0ucd9Ka138ir527IBOxMM/C09Qww0sJTO',0.00,0.00,'','','','defaultpic.png','','Ox5OnMaBOiWzHAE4KCCrKC4QxLjpDzIBsiZAbfDUtDMQY1zp8u1aIWL2WtaP','2015-10-15 07:54:21','2015-12-11 16:41:08',NULL,0,NULL),(126,210,20,126,'App\\Seeker','Paula Pintos Diaz','paupindi@hotmail.com','$2y$10$HWCIMAUizHPmDIyP88kr7.kzc7xG225Uw2JchHgbNgsbtYFpjsUZm',0.00,0.00,'','','','defaultpic.png','','qWKrTnHfWNasJvpxyuryBYa7fs5BSaelEycx5KZPKyJdaSZfKwIEPFvGrbUj','2015-10-15 07:58:37','2015-12-11 16:42:22',NULL,0,NULL),(127,210,4,127,'App\\Seeker','Natalia  Vázquez Zafra','natalia-peal@hotmail.com','$2y$10$EbhmMfumSQ07x0rcAf8wmOGaMFwkbq2Sm31J2jUo/My.s.y3NlP0y',0.00,0.00,'','','','iIfEIFGGtaypUWZA_11122015_171234.png','','2gKAKyN3SL5S7R1B9QurrOYjORf7Q1NAdXIxw0csChUZixu2Duvn3xBH6bmk','2015-10-15 08:13:14','2015-12-11 16:48:24',NULL,0,NULL),(128,210,1,128,'App\\Seeker','Inmaculada Escribano Lázaro','inmaescribano97@gmail.com','$2y$10$nQA5qAPtYqU8ebS6E6prY.8d5n4nFfdOlPRL6GsIC5EPvjPOkJTAi',0.00,0.00,'','','','195_564ba41b71ee0.png','','ZwrfUIs30vv7zZVCaYiadhI3R4UVIroutMKjB8WW9vqYu132ozl5xWMKBC67','2015-10-15 08:15:27','2015-12-11 16:53:44',NULL,0,NULL),(129,210,2,129,'App\\Seeker','Maria de las Mercedes Naranjo Aguilar','merchenaranjoagu@hotmail.com','$2y$10$sw1PRVXKt1jipAJFXbOIVe8ngMfwWcgbwSjfnmBQfhfvMlcKoy9gi',0.00,0.00,'','','','defaultpic.png','','uakVckzVCItMooalTWujYcQTyFBLAZ05KaCo6s0YFKmdIrMd7aFex9CB1T0v','2015-10-15 08:45:17','2015-12-11 16:59:04',NULL,0,NULL),(130,210,2,130,'App\\Seeker','Paula Luque Zuñiga','paulaluquezuniga@gmail.com','$2y$10$CmZJ2Xuh1cpYtGRdr.cetO0xtaKhklAcnaEkmmLsanZUb9Hk9NXOG',0.00,0.00,'','','','defaultpic.png','','8cR0wveAjUGoWHk72vnjr1qYGUZBZfCnEvJJ3zyHkX4yXyM7jfmlq3Odwnr9','2015-10-15 08:52:12','2015-12-11 17:03:00',NULL,0,NULL),(131,210,2,131,'App\\Seeker','PAOLA MORALES DELGADO','paolamd@correo.ugr.es','$2y$10$Yhm8JsG2/IS39FzhDikrT.hwSjjux.ntQUdXpzmKyYQOxREHs5z/u',0.00,0.00,'','','','defaultpic.png','','lzu4RhfaTMRf52ruyj8XtqxFDu5nLPRMzm30PhzaIG0EBt3JdnolcqD5PCdr','2015-10-15 08:58:45','2015-12-11 17:05:02',NULL,0,NULL),(132,210,2,132,'App\\Seeker','JONATHAN MORENO COLLADO','j.moreno93@hotmail.es','$2y$10$vTGdHgkVzy90DZi5H.FcCOidZezp3biwxwEXt1njmi5HpQYe9Ihmm',0.00,0.00,'','','','yPvcPCtvUvd3JAP6_11122015_181213.png','','olpRDTRB8ksfIWNsaa4RfM4Y5vjJmqeiD3wJAQVfC9vhwjRswEPOYFzxj4uf','2015-10-15 09:07:23','2015-12-11 17:07:43',NULL,0,NULL),(133,210,15,133,'App\\Seeker','Lourdes Garcia Rodriguez','lourdes_lgr26@hotmail.com','$2y$10$p4IO4rESB7sjm4Q28gyHheAQxjTnpcRVeGeBlJqh5xhEZFd7ag0Mm',0.00,0.00,'','','','defaultpic.png','','5gwsPMReEXkxRHTrk2fYRCKRQNCYSIDWX7RbWUs8l74Smigyuap8XN2kjtXI','2015-10-15 09:12:35','2015-12-11 17:09:53',NULL,0,NULL),(134,210,2,134,'App\\Seeker','Elena Sánchez Muñoz','elesancmu@gmail.com','$2y$10$4pKP0gjGEvfKZynbX9Rguu4olAkNkYp2NMuaaFA4k160cIaY8vjZS',0.00,0.00,'','','','8rlyDtvwvcUGujv2_11122015_181252.png','TTwa2SBMT4KPS1X0_11122015_181212.png','lo0qtBenXtwJTjSCYm0eRQi7Wa8DHP52CdFixm4kYuYZmeDDmsCPiShO1AoF','2015-10-15 09:49:19','2015-12-11 17:22:48',NULL,0,NULL),(135,210,20,135,'App\\Seeker','Francisco Javier Puerma Aranda','javierpuerma@hotmail.com','$2y$10$2yBaqSaWrVjqLAPKr6y4ceQCmnNNKz8UuAlUL/sYeviaswmkiHDw.',0.00,0.00,'','','','defaultpic.png','','obglaqLc6jLWkja2X9edWJ3TxAXBQXd91cuEL3NWG2rLzsG0KO6KlPT8YE92','2015-10-15 09:55:48','2015-12-15 10:48:23',NULL,0,NULL),(136,210,2,136,'App\\Seeker','Mohamed Annahari','simo5z@hotmail.com','$2y$10$Z35w8Xy2R47rHasXbmHvguKuoukVZPBnBY34943fIl5Ev.e0LoNHi',0.00,0.00,'','','','18Yc0c66aWyxCrUh_15122015_111227.png','','0k2ZiVnenysG7MUzz9DD9LrnDjWwRJ3MrZVYrKg6bAWh2XC4lzhnHWKb60HS','2015-10-15 10:02:58','2015-12-15 10:50:34',NULL,0,NULL),(137,210,2,137,'App\\Seeker','Mario Rí­os Zamora','rioszamoramario@gmail.com','$2y$10$6LPbz/y9KB85dSmlK.MphOpO0BrMaDQh0bUuRoFmMikl4lQgABOm.',0.00,0.00,'','','','defaultpic.png','','TBTI1CBq3l5bSOs626MCYLGFD2WFGYBZlbWsiFyJ42DCA4ses5lROdGo1SXt','2015-10-15 13:24:36','2015-12-15 10:53:50',NULL,0,NULL),(138,210,4,138,'App\\Seeker','Natxo Alvarez Martinez','natxo_ig@hotmail.com','$2y$10$ND9Vb.PVdCsUObTAkqXS.eFfV88csbNvwDr5..X9tT3ZbLGWCroRq',0.00,0.00,'','','','defaultpic.png','','UTU1uOJkwrNo6k953h6H4oPfbapHqGn6TeJmZ3XZpzbE55hiBeiGETE3ni2s','2015-10-15 13:41:15','2015-12-15 12:13:56',NULL,0,NULL),(139,210,9,139,'App\\Seeker','Cristina Montalvo Rodrí­guez','cristinamon23@hotmail.com','$2y$10$Scz.nBVpbiBBvppk2OPSLuv6rBYWUFnfxDB6K9qVyOLugXXRu4uBC',0.00,0.00,'','','','defaultpic.png','','IugQA0WRNWz7uQAJuNTLUuPP6SI3TSnkdHqalaomufi9SovPHPwZ7QHh1dxP','2015-10-15 14:13:03','2015-12-15 12:16:43',NULL,0,NULL),(140,210,9,140,'App\\Seeker','Laura Lopez Atienza','laura_atienza95@hotmail.com','$2y$10$5lfKgm0sKAtvzmyRi12i8ugeLLu/AFlJJBtH.W6wMY4cY8OvjCAMK',0.00,0.00,'','','','defaultpic.png','','N9V9tJUx21cIwcwcMFA3G43IWnRS3aJcR5EJrCgXuHajBUrQEnwj5IllFX95','2015-10-15 14:15:44','2015-12-15 12:18:13',NULL,0,NULL),(141,210,20,141,'App\\Seeker','Ani Alonso','ani.alonso23@gmail.com','$2y$10$7NXV5beFVKQ4eoSQucsj3uE9v5D7fhWlZ.cPfPMyLgZuqZpuv3Ai.',0.00,0.00,'','','','defaultpic.png','','SLJ1R6kiOjk6113vW5tslekrIqATuk2g4qrErmf6mYBaaaKCwVliSAZrm26e','2015-10-15 14:25:06','2015-12-15 12:19:52',NULL,0,NULL),(142,210,9,142,'App\\Seeker','Marí­a Garrido Salcedo','mgarridosalcedo@gmail.com','$2y$10$QTZGOR6/BzH5lALrxVPlYuaVOcQVrPKvUEzW2E9aZu0auJozZu.Ku',0.00,0.00,'','','','defaultpic.png','','GildoZi3pPSstr4r3eJMhQm7IZVovWlAic22Si1967R1jrs0cosYmCcGTHuE','2015-10-15 14:36:58','2015-12-15 12:23:32',NULL,0,NULL),(143,210,9,143,'App\\Seeker','Celia Alcaide Prieto','celia_128@hotmail.es','$2y$10$ELx8OtRvGH7KaZs3JF7I5erMiNn6kuh6jrOonS81cdu/qYQbj9VbW',0.00,0.00,'','','','defaultpic.png','','opVpOQ2izC72kH3YbPRZWV72ycwKXsTGCkFxprDcYfk9yXt7pTw1m6iXqL2e','2015-10-15 14:42:45','2015-12-15 12:24:31',NULL,0,NULL),(144,210,22,144,'App\\Seeker','Zhiping Ji','zhipingji_27@hotmail.com','$2y$10$EPkuLL4tJ98we/RyLzOf2OffyQIccqrjHqF/M5AT91hoHE.Oh73HC',0.00,0.00,'','','','EeQrrVpPVUJ56vOW_15122015_131234.png','','pBkpDUkp8HVydcXJcWARhQuwuOiYTvVYHtk89CiOSCAZWnKpcaGqwOowVBzz','2015-10-15 14:55:04','2015-12-15 12:28:30',NULL,0,NULL),(145,210,22,145,'App\\Seeker','Sonia Castiblanque Galera','castiblanque_sonia9@hotmail.com','$2y$10$GoSLJW9O3HifQix4Vl6k8un7fJ1eq25wJS49PugT6bncEi0vZvA3i',0.00,0.00,'','','','defaultpic.png','','iM0UqVB2uDbGk7OddktrAKHyVvb0BAZvzR2obQ6Euy9BouM7cbWyhOAOKiq0','2015-10-15 15:00:02','2015-12-15 12:31:24',NULL,0,NULL),(146,210,11,146,'App\\Seeker','Liana Allocca','liallocca89@gmail.com','$2y$10$R/CRTxpEQoTK8cMOaOWqwOdrF9BrabeHkynxGB/X/Hr4jvIjvZPqu',0.00,0.00,'','','','defaultpic.png','','nv7W4P0cfXbEDxVW0Vfth67rFSTdi9I8X8o6dEZ9nDpMvutJFuzZSAswNDoH','2015-10-15 15:06:14','2015-12-15 12:34:28',NULL,0,NULL),(147,61,2,147,'App\\Seeker','Javier Fuentes Ramí­rez','javi.ipsilon@gmail.com','$2y$10$aD9SWQaYQGOeBX4ejkScZeI1lkTvqbsaOn6uLIJ63iEYPaN6dz4hG',0.00,0.00,'','','','defaultpic.png','','OpBdaG9TGgByD9kV67OaKiHWpeNKZFAyK9PTJdRhAzsj8GDUmS7K4tATwLir','2015-10-15 15:12:14','2015-12-15 13:26:04',NULL,0,NULL),(148,210,4,148,'App\\Seeker','Sandra Mudarra Garcia','sandramudarragarcia@hotmail.com','$2y$10$dQWYScF.zM0jFmArlu9DU.CZiNWYmhrXczfEEhbd84YQOzgkQaD9G',0.00,0.00,'','','','defaultpic.png','','tgqth7d9enS0Yod8ceDfl3Ktj1LNbo234gEEM4DX3DWqK3K7K9SYpEssqCWR','2015-10-15 15:16:18','2015-12-15 13:27:09',NULL,0,NULL),(149,210,1,149,'App\\Seeker','Marí­a Teresa  Martinez Vazquez','mayte.mv.11@gmail.com','$2y$10$F6drZeRGdKJUj7SzODIJV.q127lwniE.czR9CUOJ/EZs4Y.mVN0na',0.00,0.00,'','','','defaultpic.png','','f4rqp9jbMrHx4oiq4EyK2TRBmGzZwXnxuYvggQRE4p6WIlc1AwZedIVLayjg','2015-10-15 15:22:13','2015-12-15 13:34:26',NULL,0,NULL),(150,210,22,150,'App\\Seeker','Andrea Carrera Hurtado','andrea.carrerahurtado1@gmail.com','$2y$10$D3sviXwBmR7OzuAas1OYSOYbUtBWLBycGywqYYzJfwIPUyUjCUJqe',0.00,0.00,'','','','defaultpic.png','','NrVaOMx01cXbCCa0EvvxtgxBVQ2riVoH9r8pKaSsKnpqTETKAL9Lw9ixBgGt','2015-10-15 15:42:42','2015-12-15 13:36:18',NULL,0,NULL),(151,210,7,151,'App\\Seeker','Pablo López Mazuela','ao.pablo.lopez@gmail.com','$2y$10$6ZNErRzmXNlxb3xO1YHPa.qlbWCIk03DDUXU6NraEkf.Klx.1IwT2',0.00,0.00,'','','','218_5622b694db80c.png','','WaqiylEbXZQ8wnNO2q1iehL07Ag4OiwmRg6LSOjeBizOB6z7wEWqdkJL7wwm','2015-10-15 15:48:29','2015-12-15 13:44:14',NULL,0,NULL),(152,61,2,152,'App\\Seeker','Alejandro Sanchez Fuentes','alexsf.gr@gmail.com','$2y$10$z2NNn0fCmSwBT1wALoJ2q.Qpx2INuHFLT0lc2AV7K.Y9fVB5hmD6e',0.00,0.00,'','','','defaultpic.png','','RRr4lV7f4twaXsqKtJEgTdPArcDPCYrmC2wOyl3AxBkGneFJrJ8GlxkkRRAy','2015-10-15 18:45:09','2015-12-15 13:46:37',NULL,0,NULL),(153,210,9,153,'App\\Seeker','Elena Roldán Tormo','ert141093@gmail.com','$2y$10$QUcW/oM0z3MGmTq1UJVTw.MfKYLmWSGs5DPoK0VE6AY7lTa3i.OU6',0.00,0.00,'','','','defaultpic.png','','3jGlpfCGG11O10x0O3TQYQzp4E7Um0l0kEATN9KzlyulTnLqsPGxuVTsK0cM','2015-10-16 07:54:15','2015-12-15 14:04:58',NULL,0,NULL),(154,210,1,154,'App\\Seeker','Marta Guerra Sánchez','stillwithheartsbeating1@gmail.com','$2y$10$jtHIYUzVIzGzPZEmXU8PqODI.TNY4n45H1CxikVfTkYnTE2KFYtra',0.00,0.00,'','','','defaultpic.png','','wM1kHrAtXNoUxREIfnlwWryNWZe5nMD10t4CvRnGyEEBAHStl1SDNz3v4rIe','2015-10-16 08:37:47','2015-12-15 14:11:11',NULL,0,NULL),(155,210,16,155,'App\\Seeker','Marí­a Santacruz Asensio','maria.santacruz95@hotmail.com','$2y$10$ghH3XnIJiVpmd3XygzIZnekrl0dyFo7AzHd0rLpvudZrKuawXpVDO',0.00,0.00,'','','','FyGNNspsvp4KA6xu_15122015_151258.png','','XOl6ApD0nX7qiuIDpag8Gt1du5kJzjNgsaz3LZDpvdapgA6ce2IUhpxiGcdZ','2015-10-16 08:38:44','2015-12-15 14:14:58',NULL,0,NULL),(156,210,16,156,'App\\Seeker','TESSA POUELS GONZÁLEZ','tessita1997@hotmail.com','$2y$10$F5ZsNn5/7OuirhSA.LWeeuTlj2fitJWDZB5WVFC/Hd5jv2RrHZsB.',0.00,0.00,'','','','hjc38VhF9DzOgaDy_15122015_151224.png','1x98ocJbnwSYSUPA_15122015_151208.png','QDovQqYL0JDWq8yi1R2GLwtnDBBppQ5O3ldxJ25b0zkawcTInutZ97J5DGuL','2015-10-16 09:02:57','2015-12-15 14:17:13',NULL,0,NULL),(157,210,9,157,'App\\Seeker','Marcos Cruz Montijano','mmontijano1993@gmail.com','$2y$10$46sLlkba7oH6CCaLatBoEuWLRlKwVSWqp6FqW9eLrraiLYlaVuRXi',0.00,0.00,'','','','defaultpic.png','','z2QmF77rL5hxAyf5hV2r8ANwKmL5FH5ktZ4M2dKPkP41v9mZxFwx9FSzHSp0','2015-10-16 09:20:17','2015-12-15 14:21:40',NULL,0,NULL),(158,210,16,158,'App\\Seeker','Rubén Martínez Osorio','rubenmaos_1106@hotmail.com','$2y$10$0l9yHQ.J3BOp9EbAGVfusOs/DgZOvnp2bI3ns3x5H7ky.DZz6KjWq',0.00,0.00,'','','','gECNtvi2tRgXPeo2_15122015_151243.png','','hdMhrrkQl894qqds688ZY3AxAlyC0kwQUGd7t4CZ2zlpTxwpk5iOmkrPZwjn','2015-10-16 09:48:31','2015-12-15 14:28:50',NULL,0,NULL),(159,210,9,159,'App\\Seeker','Ana Segarra Balao','anasb1993@gmail.com','$2y$10$5IB/REG.Y/HYpjOh5btQZeK4cpxG8xEIfnS6ks9Bda552w.U1hf6S',0.00,0.00,'','','','defaultpic.png','','fF3sUTP30wWqNrhGhmgIpZihklgCVSa2oUtPxDgc1NLLTxpSUpRDmpWQiYCy','2015-10-16 09:57:03','2015-12-15 14:39:31',NULL,0,NULL),(160,210,16,160,'App\\Seeker','Mari Carmen Martinez Mateo','mary.c96@hotmail.com','$2y$10$1WW/wBmoIY4LrczVA/z2mexwrZ3jThsF4SyzJe1H.VuGziMlx991K',0.00,0.00,'','','','54grPMuaqYO3wfMB_15122015_151205.png','','brNHsvj3CUImtKzsQkhzy7AIVnGrpXnmMSKeJftVaQb5jDQ7Su3X4cXUoCp5','2015-10-16 10:12:36','2015-12-15 14:42:20',NULL,0,NULL),(161,210,16,161,'App\\Seeker','Elena Ruano Cusac','elenaruanocusac@gmail.com','$2y$10$RnY.Kk79zBAFt6UZukKE6OC3IXI2.qsfhQxBoYsjbVmakIDp8wpgi',0.00,0.00,'','','','defaultpic.png','','kMj9AZTdnCOf48JmyXqirutKl97mhx9Rha58IlMOEBZtT08OrOCsXWZkBpX3','2015-10-16 10:13:23','2015-12-15 14:44:32',NULL,0,NULL),(162,210,9,162,'App\\Seeker','Manolo Cano Conde','manolo_c_c_@hotmail.com','$2y$10$GCfkwnpt6spvKHnxegxuAequg1ymO8hq.Ge5NLqxOaShZcLkWp2/6',0.00,0.00,'','','','defaultpic.png','','1ysiCepBdGMJncxGtcMzUEvOfFwVcVIK5e5PSVH74IuqRTAC6NMr17EZkTJp','2015-10-16 14:26:46','2015-12-15 14:45:28',NULL,0,NULL),(163,210,9,163,'App\\Seeker','Irene Pacheco Carrillo','irenepac@hotmail.com','$2y$10$l/VKjjB91t3c1qxBNxg.Mu4cd5fVMRwwPoYZrvOOp/wbalN/wg4si',0.00,0.00,'','','','defaultpic.png','','Fqs6pEnBfB0VLigAJLjK0uiuLNGJhJzPiY1v8nrLcoH5IsKMxGKAX9W62VeY','2015-10-16 14:32:54','2015-12-15 14:46:33',NULL,0,NULL),(164,210,9,164,'App\\Seeker','Elena Giménez López','elenitagl37@hotmail.com','$2y$10$EdLKTW4hEIBmNA0GPB7.reGEHKSDGP3MuY4ZbITJOUE1DWQ7bepL2',0.00,0.00,'','','','jYsECjxv2ZJlT83e_15122015_151209.png','','WGJQG9e9XYf26yKaQSwHfabDFXUUTxDOE5XwQe2ccJXKE53Y8nLKu6xTcjgw','2015-10-16 14:49:42','2015-12-15 14:48:15',NULL,0,NULL),(165,210,9,165,'App\\Seeker','María  Garcí­a Lorente','marikilla_mgl@hotmail.com','$2y$10$R4PUq5gNqA1X/8FonssWY.CLDOZo5weBrBspu0XY7nzJ0O0T7RFZG',0.00,0.00,'','','','defaultpic.png','','YF8m1eZ0I3FN51kqG4qCdRkonloTq86zEQqMnhfHTDHDrcWRBtPJ9FnKEm16','2015-10-16 15:07:01','2015-12-15 14:50:31',NULL,0,NULL),(166,61,1,166,'App\\Seeker','samanta saden','sami_93_13@hotmail.com','$2y$10$s9d5UzDy9v25teQcReWw1OCW5NIl7mBNosOzJs0k8tenMpEPYsZLW',0.00,0.00,'','','','defaultpic.png','',NULL,'2015-10-18 20:20:08','2015-12-09 00:47:17',NULL,0,NULL),(167,210,15,167,'App\\Seeker','Cristina Pomares Grávalos','cristinapomg93@gmail.com','$2y$10$roWDEjH5XOCzYDlFkqS1.OHk7AqZ8EbnWFVB5ojonBK9r4ftUKCSm',0.00,0.00,'','','','234_5626485f5a907.png','234_56264b9fbc019.png','WzIBLF9WnzkOXOBzxBOPAnJ3Ca8MFFiOLkDTeeG8KIRALQqw3scY4NkwmD5C','2015-10-20 11:36:00','2015-12-15 14:54:07',NULL,0,NULL),(168,61,1,168,'App\\Seeker','Waseem Shehada','waseemf17@hotmail.com','$2y$10$phcNQ1m42k9EpQFfmcGxxuKwx5o7e4ECMgr1.UbJf1OBeaLGacBku',0.00,0.00,'','','','defaultpic.png','',NULL,'2015-10-20 12:23:30','2015-12-09 00:47:17',NULL,0,NULL),(169,61,1,169,'App\\Seeker','Harsh Parikh','hrp030722@gmail.com','$2y$10$RXcnYcn3F2PSRDZZydQDSO/SN6HDFkawmvsraQKe7n9YQmuijz.zC',0.00,0.00,'','','','defaultpic.png','',NULL,'2015-10-21 10:00:02','2015-12-09 00:47:17',NULL,0,NULL),(170,210,4,170,'App\\Seeker','Javier Antonaya','javi_antonaya@hotmail.es','$2y$10$XtLFgwnuaSKQzd4QQ/zZbOiv/5kNUkV96JSfGPvNUS4w3VnlmH992',0.00,0.00,'','','','P5BaUxMCa4aVj8o0_15122015_161218.png','','TI9uZO8eOmP9A9hP9yesazxJyHjw8GwAFG6YTmahmFvONbh3nuegIPdyHgfU','2015-10-22 10:30:01','2015-12-15 15:05:26',NULL,0,NULL),(171,61,1,171,'App\\Seeker','Margaret Kamuyu','margaret.kamuyu@yahoo.com','$2y$10$JBTfpveXhdqjaT8fjYjB7uPqrxwT7WIcdwd3U6MEDdFCbGWOH6QdK',0.00,0.00,'','','','defaultpic.png','',NULL,'2015-10-23 10:09:08','2015-12-09 00:47:18',NULL,0,NULL),(172,61,1,172,'App\\Seeker','Trine Nikander','Trine06@gmail.com','$2y$10$pT4nmuFDmw09oliR3Z1V0u1KR4mLCkhww8dsQk0DW5FraEvBWOco2',0.00,0.00,'','','','defaultpic.png','',NULL,'2015-10-23 10:40:07','2015-12-09 00:47:18',NULL,0,NULL),(173,61,1,173,'App\\Seeker','Milos Lacko','miloslacko1@gmail.com','$2y$10$gnfZbGeNQCxX4z3YsnBpl.00Y.fDzgH9S8hanfgoWkMfse4H326S2',0.00,0.00,'','','','defaultpic.png','',NULL,'2015-10-23 10:41:22','2015-12-09 00:47:18',NULL,0,NULL),(174,61,1,174,'App\\Seeker','attif almusharaf','attif.almusharaf@yahoo.com','$2y$10$2vMDTLigDMzGl2pzuzC9vO3OQ.sYYeFmeFrlAayTPjoibjqYmnuuq',0.00,0.00,'','','','defaultpic.png','',NULL,'2015-10-23 10:45:25','2015-12-09 00:47:18',NULL,0,NULL),(175,61,1,175,'App\\Seeker','Michael Houmann','michael@michael-h.dk','$2y$10$4iLY8vYZ7wwHtcUO2kmlk.SJyXE.HOojGKFHTsaamy/LTTEfejRbO',0.00,0.00,'','','','defaultpic.png','',NULL,'2015-10-23 10:47:02','2015-12-09 00:47:18',NULL,0,NULL),(176,61,5,176,'App\\Seeker','Christeen Yacob','christeen.yacob2@gmail.com','$2y$10$kalOrW5OShQEs9SiU231QO/Ev4yYFibgKGjY18SsTWG12Lclug31K',0.00,0.00,'','','','defaultpic.png','','E1YIvqbNMMkn5UFnypgl8iwbLqZOya5Tb4YjPKZBnNsAtBtVLWmqUL0J6Ihk','2015-10-23 11:27:53','2015-12-15 15:08:59',NULL,0,NULL),(177,61,5,177,'App\\Seeker','Alvaro Miralles','alvaro-miralles@hotmail.com','$2y$10$IsuA5rmViqmkgNq.cDZGXucVFoJ.Cn.j4AvYY84hCkf1vHV8hh68e',0.00,0.00,'','','','X2L1mSdr3JgPOTLJ_15122015_161213.png','','wgrL0X7md0P14m7YTWllq12xka3YJdI63csDNPTEWUF7xYDQdIefmcsP84pz','2015-10-23 11:32:26','2015-12-15 15:13:38',NULL,0,NULL),(178,61,10,178,'App\\Seeker','Klara Bambasova','klarabambasova@gmail.com','$2y$10$Q4J52A9NTZm.vMHOuxLdZe4pcjtm72il8jeImDuJBggrL39UUOXT.',0.00,0.00,'','','','XVX6YHl4lM34WnaI_15122015_161224.png','4Db0i17UoUhGA3dv_15122015_161224.png','mH7BgsiZlq6t0vbVfvHw2bpjzxZMYVNjJeYQRHxvNL8tyuUAul6utPW1ySm8','2015-10-23 11:57:33','2015-12-15 15:22:18',NULL,0,NULL),(180,61,1,180,'App\\Seeker','Birger Møllevang','moellevang@privat.dk','$2y$10$lVmdDxB5i6n7EwTidQ/uEOyzNX2VQlkdFipbV/u9.aWl/7QAbSP5S',0.00,0.00,'','','','defaultpic.png','','mLsHgOnMYjAhRaNveN8hFL4XgDrPyo7Esww0Lw5ELI9mommMn1N0v2lEegX8','2015-10-26 14:12:27','2015-12-16 10:34:47',NULL,0,NULL),(181,61,1,181,'App\\Seeker','Inmaculada Escribano Lázaro','inmaescibano97@gmail.com','$2y$10$FQ.bscjiW.61fXPaTBnR2ubdeaEXLplXr.GzZbPTfb5NG1PEJ8502',0.00,0.00,'','','','defaultpic.png','','WWYpreACuLRhpA2Yo7Pna28VdzAE5ymIAfu5aRiOIY2PBPJe6Izgy2jfbgzZ','2015-10-29 16:15:14','2015-12-16 10:35:54',NULL,0,NULL),(182,110,3,182,'App\\Seeker','Lello  De Tullio','lellogarelli@libero.it','$2y$10$maU1oRBhMHlmieuqpu0mNeSxr8AqucbsE6iHybiHDo.LXK7v6AEpy',0.00,0.00,'','','','CQY8LZU1cmsv8MV7_16122015_111225.png','','YDOKhW0jnSb5ri3fPOEtCREmHhBenysl78mSQBVYiKaSZhM0vxl9JDFeuXTc','2015-10-29 16:30:38','2015-12-16 10:39:55',NULL,0,NULL),(183,61,1,183,'App\\Seeker','Javier Méndez Saucedo','javi_mendez_sevilla@hotmail.com','$2y$10$DW05K79rZ6pmTzhXrWUaaepoctKTn2AHZ7T2n9UCS0uQl6Qd6cbmq',0.00,0.00,'','','','defaultpic.png','','loVBJpcx0eKqgHHBg2uZLBIlE5sgrYhkORBwp5BT1aMxSrsPF7f2GA1CWI0w','2015-11-01 21:33:54','2015-12-16 10:40:55',NULL,0,NULL),(184,61,20,184,'App\\Seeker','Boris Lebedev','bolebedev@gmail.com','$2y$10$GQ9qYfl5qfghPAfqWYD3veeaLUsuGNlu1Yml3ugaZ7SwGYLHyA8LG',0.00,0.00,'','','','defaultpic.png','','3p3HLPbuJmI3fikAqR0JUuXpEqvEqGENs74dTY4CnYZoFYYnjbqdBbOCVjM2','2015-11-03 14:43:19','2015-12-16 10:44:11',NULL,0,NULL),(185,61,7,185,'App\\Seeker','Alvaro  Soler Verdu','alvasover@gmail.com','$2y$10$k2VPzhPQQoJUOiXHnSSp4OxE43A5lF2mirg0baaG5g.3FHa702P06',0.00,0.00,'','','','defaultpic.png','','X9Lha4t6LN4EbQ7LbaPaxO9A3HJ9Rf1VmBfMgFSIVMpzpFtthHHgJCdt69zR','2015-11-03 14:48:06','2015-12-16 10:48:20',NULL,0,NULL),(186,61,7,186,'App\\Seeker','Tufail Habib','tufailh@yahoo.com','$2y$10$YyvdQM7/4XIG4SJ2H4/8u.mUfUHjH4feAeaj/Ls9cvDWp4tRRod92',0.00,0.00,'','','','mWGmTT54eb4APdt5_16122015_111210.png','5gVKvkyy81Krt24n_16122015_111248.png','WkXwLcjiFswMRBWiqn0nrcBdjeRXSyUVBvx2iCqHhnM051xry8O8imxqPyfB','2015-11-03 14:56:46','2015-12-16 10:54:42',NULL,0,NULL),(187,61,15,187,'App\\Seeker','Lubomira Zavodnikova','lzavodnikova@gmail.com','$2y$10$HMuxD5jaQoTi8tAjlqg88uvzXxIN19WRX/OvF8wAp0BniT1dHeNRC',0.00,0.00,'','','','F2zy7mZmjL8XfI8F_16122015_131235.png','','pSfqyLUYkAlEWlgSNMNbbguJxa7x4cqRyVjBQvKhxR1zhgCLlRz4hf1A8d8j','2015-11-03 15:08:58','2016-01-16 15:03:37',NULL,0,NULL),(188,61,1,188,'App\\Seeker','Ivan Dimitrov','Ivanmd.wv@gmail.com','$2y$10$we1nuO7gqD3Xs4kl/lAkxuhHdItJSW46UhyukMZnJyWNSd2MI3oEO',0.00,0.00,'','','','defaultpic.png','',NULL,'2015-11-03 15:42:41','2015-12-09 00:47:20',NULL,0,NULL),(189,61,10,189,'App\\Seeker','Farhan Mnazoor','farhanmanzoor689@yahoo.com','$2y$10$XF9wh2T47xaS5yShLmpFLOLuOkUJiI8faaXzmUZjVFBHK5xHolk7O',0.00,0.00,'','','','defaultpic.png','','CQz9NXtV9fx1YmIgp8y7rNLGMRx41fqXOaHeCUVAMu4DOTONTuGmhrNxNVqk','2015-11-04 11:51:14','2015-12-16 12:40:26',NULL,0,NULL),(190,61,1,190,'App\\Seeker','Nader Qassem','flum.lum@hotmail.com','$2y$10$dc9M7oiKlX66Z4U0YYCz6OiFywDTu0FA9gR4yJ2ROYMuXgjbT1JBm',0.00,0.00,'','','','defaultpic.png','',NULL,'2015-11-04 12:58:21','2015-12-09 00:47:20',NULL,0,NULL),(191,61,7,191,'App\\Seeker','Helena Perez Martinez','helena.pmartinez@gmail.com','$2y$10$5s.YLMeqWORM5e/RsQBwDuxnNm41YcJQIof8YtN3VpoIRqaBrESJa',0.00,0.00,'','','','defaultpic.png','','5YLoDpLOjJ0RZW1qkCaBI2usq5pFx1vpdRoqETjn1pTWdUUwCq02UdGzWQKo','2015-11-05 10:16:11','2015-12-16 12:42:57',NULL,0,NULL),(192,61,1,192,'App\\Seeker','Mihaela Hozmache','Mihaela.hozmache@gmail.com','$2y$10$Zv1uWyOP5BtegG7R2w1FouS0VtZJHGgXL1k20mCejNEpsF5LBcpfi',0.00,0.00,'','','','defaultpic.png','','gmq8JqJ8Hw9G3wFSm6tQe4AqJvmSLPqBv7eadIBH1E30k80zk5WxTAFoBIAJ','2015-11-05 11:31:35','2015-12-16 12:43:44',NULL,0,NULL),(193,61,7,193,'App\\Seeker','Andy Upton','andyupton1980@gmail.com','$2y$10$tyTVgTzCTcs/vv/TWZXBVeormUfu80PRZr0sYFNGLph/2Ib1SqeIe',0.00,0.00,'','','','defaultpic.png','','JOaE5pSLkNwcOEpJewNmzLvi90lNOAOtLDeP0q9wMYfJPIpEPdacqTA9K8pY','2015-11-06 12:50:21','2015-12-16 12:44:11',NULL,0,NULL),(194,61,1,194,'App\\Seeker','Ying Gao','athena0312@163.com','$2y$10$ibZUTdjnhAXyGNexyz54i.6rNbS2LcvPleScwbrJcI8hYsO/e1srW',0.00,0.00,'','','','defaultpic.png','','FYp0L4qzoCleGwa5WT9wCG99IJhnGg7o8fdq8auriIxjvDMUCFKlkZYuDsiM','2015-11-11 10:32:05','2015-12-16 12:46:02',NULL,0,NULL),(195,61,8,195,'App\\Seeker','Pau Revilla Besora','pau.revilla.besora@gmail.com','$2y$10$OnWr0lsKs5WRoEtE.pDxu.4.b8DaM5JTwHa41AEhucGwgfuFBOmJO',0.00,0.00,'','','','defaultpic.png','','raxW6fxq8JFzoDfpVFWFfmQ6qwM5kOwLmKC6UsShPVxzULNsVs05pFMbQqHj','2015-11-11 11:10:50','2015-12-16 12:49:16',NULL,0,NULL),(196,61,1,196,'App\\Seeker','Federico Tasso','tassofede@hotmail.com','$2y$10$or2YdBH/yEUuE3g2C6snkuYQ0SkmP7xrUJDDhxtzGDHb3HRO76FAW',0.00,0.00,'','','','defaultpic.png','','FkKNrivPLWpy1jo0veqfDGcBJDR08yJ7tsEyA92mlZyc305p3uuLRTkOuX2I','2015-11-11 11:45:23','2015-12-16 12:50:51',NULL,0,NULL),(197,210,4,197,'App\\Seeker','Marí­a Espinosa Jiménez-Carlés','maesjica@gmail.com','$2y$10$ezUH1bAbwigPGbobgRnwRO2BgflzVv9ainPvxqYt5pnGWduYKjje2',0.00,0.00,'','','','0hMeNEXdY8PZCKYy_16122015_131203.png','','FhET32oUbXaXZFBt6g10Rg0D1l62tB1RYM5WiiuVeUlPKQE8XJ258tbpQO2S','2015-11-11 17:07:16','2015-12-16 12:54:46',NULL,0,NULL),(198,61,7,198,'App\\Seeker','Vasileios Rantos','vrantos@hotmail.gr','$2y$10$rUY.19sj4y.62F4NV58PzOJbf8bzClJBO9r7QQB5GcAYvrJAR62ES',0.00,0.00,'','','','defaultpic.png','','29O2PgeJoV5E37gNTDxgWPPp6iXCO13v7UWublhmxuwtjNBTBnVskEeV4g71','2015-11-12 10:32:35','2015-12-16 12:58:12',NULL,0,NULL),(199,61,7,199,'App\\Seeker','DIONYSIA VALKANI','dionvalk@gmail.com','$2y$10$GOSNU5kMMw7jf9fCo/z/qemyKe5810PnVj7zXPWwpaYI8c6qE5EJe',0.00,0.00,'','','','defaultpic.png','',NULL,'2015-11-12 10:34:37','2015-12-09 00:47:21',NULL,0,NULL),(200,61,1,200,'App\\Seeker','Aitor Lekuona','aitor_lekuona@hotmail.com','$2y$10$Bwp62eRQHY9cg9w2Exx.6OnsB7qU8uKNaPvcfKaXngP52jGU1lb2C',0.00,0.00,'','','','defaultpic.png','','ZePmDBVfQMlqAVKpKCFpTtoe1NiiS8jbL3u0YoJJ9ejT9MWRO7LlcQxAPtl4','2015-11-12 10:46:20','2015-12-16 12:59:57',NULL,0,NULL),(201,61,7,201,'App\\Seeker','AITOR ARROSPIDE','arrospide.aitor@gmail.com','$2y$10$ZoaAHad13JZp.H.alFTaYe1JsGEIETRKOJhPW6ajGiNj9ejMTCcpG',0.00,0.00,'','','','defaultpic.png','','HIvNE4NeUQJkPWPN29Qgr7sEOirvtOb9xsHU7q1K6wnylzxJWYoDyPcABZlm','2015-11-12 11:56:54','2015-12-16 13:00:50',NULL,0,NULL),(202,210,4,202,'App\\Seeker','Moisés Rueda Rueda','ruedaruedamoises@gmail.com','$2y$10$zpuubuFHHUgxY./9KMBHVO/hTxHnk4cY3tIs8gkU4TohpC2GGdQKi',0.00,0.00,'','','','L9E6w3eT519WDlOv_16122015_141255.png','ydDx01mM72T2i81X_16122015_141216.png','p3TjVRTxoEiVnwsqbfThYIxqEn9ceSBgvUrpchXYxRgafxa8uUuR5QYqJzgT','2015-11-14 13:44:19','2015-12-16 13:03:42',NULL,0,NULL),(203,61,1,203,'App\\Seeker','Hans Søndberg','hs@detailfolk.dk','$2y$10$xbmYkteM7yZaad6re.H59eKEXaNuBSSgMzmfczPDazoikNKgJonua',0.00,0.00,'','','','defaultpic.png','','02maJc1oALOANoq51xjSlUNwr9H00G6HSmyGiXzUuvAoGf6dG547Rr51xAb2','2015-11-17 07:51:42','2015-12-16 13:07:54',NULL,0,NULL),(204,61,1,204,'App\\Seeker','Henrik Tobiassen','hrtobiassen@hotmail.com','$2y$10$zdOXhbDRpiRCPtdGOxVcsekfzWoc1fTLyJanwfzhFPF7tMgXUGiNm',0.00,0.00,'','','','defaultpic.png','',NULL,'2015-11-18 09:03:48','2015-12-09 00:47:22',NULL,0,NULL),(205,61,1,205,'App\\Seeker','Marshall Arokia','aalmarshall@yahoo.com','$2y$10$78fNchOApgFugrmAnbSxk.kzWYfSCdOq0P5/pV7F/8FLcrVto3JOu',0.00,0.00,'','','','defaultpic.png','',NULL,'2015-11-19 15:55:30','2015-12-09 00:47:22',NULL,0,NULL),(206,61,7,206,'App\\Seeker','Artur Chabrowski','artur.adam.chabrowski@gmail.com','$2y$10$3qd0CIkYLOMQdYvXE6rKEudjnRNYf7fkwghmBqqU8DBUMye/EPMLq',0.00,0.00,'','','','defaultpic.png','','RF54Wy8t2OzXU6NBAmDG9QL03HRFlSd6tmX291NX35lHPw2BzCZbiIzeei1o','2015-11-25 19:50:59','2015-12-16 13:13:50',NULL,0,NULL),(208,61,11,208,'App\\Seeker','Ronald Meszaros','meszaros.ronald@gmail.com','$2y$10$aA3ANu1C.k5.jeiecV4sweY9MVHCaSDBoP7ueRQRQcdCJxDhfp.wu',0.00,0.00,'','','','defaultpic.png','','zDsshpcwv8i951d8vtgmD8xDhjgVc8Ju7RjcmgPrD723vpIvHPKYZuJN9RGB','2015-12-03 19:11:02','2015-12-16 13:18:26',NULL,0,NULL),(209,83,17,209,'App\\Seeker','Marie  Mauer','marie.mauer@cbs-mail.de','$2y$10$X7IEPsrtI0KzwZ7OodZ7R.0vfZiAb2Q65PqCxszNwZFnCfu5wjfyq',0.00,0.00,'','','','defaultpic.png','','OtbxX9Zs5n7sviCSedMLFwNDancurGkYkgIu1zQClVrTs46RMJGGY1r3ODaZ','2015-12-03 20:34:33','2015-12-16 13:23:03',NULL,0,NULL),(210,61,1,210,'App\\Seeker','kaka bouncer','s_bouncer@hotmail.com','$2y$10$fy4Xxt6jxhpQJWPc16akJ.pvOuuQ2.Vq7OM9yHj/APmPg1a.P0XoG',0.00,0.00,'','','','defaultpic.png','',NULL,'2015-12-05 09:41:09','2015-12-09 00:47:22',NULL,0,NULL),(211,61,17,1,'App\\CompanyUser','','andrei@cvideon.com','$2y$10$FRHC0OFy4N3eDISl1iRUoegwbVFnwWg6tbf8PsWzQbF0a70GiRt76',0.00,0.00,'','','','5_55e590e90481a.png','5_55e5749fb27b0.png','wTKPr3JHXg7loqtYdMUY9dGpQOTnm3PykR44gBc4qW97F8GvQjsBfG9N9VrT','2015-12-09 00:47:24','2015-12-17 12:49:11',NULL,0,NULL),(212,61,2,2,'App\\CompanyUser','','','$2y$10$5HaMf2IzmpvGeEf.k2RzTejueQc7gHuePsR.5Gv08qqFop8vdqM8m',0.00,0.00,'','','','55_5644b1055f228.png','55_5644b0f5af1b5.png',NULL,'2015-11-12 14:23:48','2015-12-09 00:47:25','2015-12-09 02:10:24',0,NULL),(213,61,15,211,'App\\Seeker','Muhammad Imtiaz','muhammadimtiaz577@gmail.com','$2y$10$xyB7EFFDJ6XB9n5a3Jna.Oa5z6TXrlJR2.ieLb9U1sd0oGe4/lwtG',0.00,0.00,'','','','','',NULL,'2015-12-09 07:12:34','2015-12-09 07:12:34',NULL,0,NULL),(214,61,11,212,'App\\Seeker','Jan Ruzicka','jenda.ruzicka@seznam.cz','$2y$10$pvbHhwJdsO7NLhC972JFfevfl.6FPu1GAOTJbq2wDrEVSue4S8oRO',0.00,0.00,'','','','','',NULL,'2015-12-09 09:43:24','2015-12-09 09:43:24',NULL,0,NULL),(215,55,11,213,'App\\Seeker','Sebastian Paaske Tørholm','eckankar@gmail.com','$2y$10$plz4Q0jIod3Hql7eIXyt2u1t2dEfCOmKyPA/r0LbNEP.R/9/JzCGK',0.00,0.00,'','','','','',NULL,'2015-12-09 14:16:37','2015-12-09 14:25:54',NULL,0,NULL),(216,110,11,214,'App\\Seeker','Andrea Fabris','afabris86@gmail.com','$2y$10$DyYK7HeKuOHtKBFot.mzCOSkuJonLn4e.mptGIrIhnd2ujx7.2JuO',0.00,0.00,'','','','P89h6AeIuPFiS4EX_11122015_101238.png','','f1EwI3X8ZvT8QFm6KcfZg8Mm7sXg1RZ7lhNHuvyNmwGfMG5EE2pU1AMbw9BQ','2015-12-09 14:52:11','2016-02-11 17:16:26',NULL,0,NULL),(217,12,11,215,'App\\Seeker','Foobar Baz Qux','foobar@coq.dk','$2y$10$gRV4wJGqda.oOBeSwzOz3u.9EqU8203FV8Z8KcCrNN5z5quMAfkdO',0.00,0.00,'','','','','','klqM9ZbJtfRp5MeTxDLWWw4vf8urdqYcIeTlYWhvgAXlpoJiqRQQMUV6ZYJH','2015-12-09 16:37:48','2015-12-09 16:46:01',NULL,0,NULL),(218,11,17,3,'App\\CompanyUser','Foobar Bazzy','bMXekkjM9EAo@meltmail.com','$2y$10$xsrG2Yc3eUziBhytp2pLcu69i8A6eWRxJjZ5VziYGyniXUGmwZuZm',0.00,0.00,'','','','','',NULL,'2015-12-09 16:47:12','2015-12-09 16:47:12',NULL,0,NULL),(219,10,14,216,'App\\Seeker','miozio','miozio@ziomio.it','$2y$10$sgfkQPhv6NCW3HtzYEUnF.HCSVC4qhwrSPX78SMZRJbXgsghLhmhe',0.00,0.00,'','','','','',NULL,'2015-12-10 13:01:36','2015-12-10 13:01:36',NULL,0,NULL),(220,61,11,217,'App\\Seeker','Ouria Kazemzadeh Moridani','o.kazemzadeh@gmail.com','$2y$10$iQLDitfL3npX7GNlbetPFuidyuR5pQREBesUiO/5qqYutSMJtnAVC',0.00,0.00,'','','','lCP60Uw8lP6iFtOI_15122015_171236.png','pRsj9nnzHunC1nsF_15122015_171240.png','exSNzjM7CrHYt692tkFDeemYLqH3biWsLzaIdUrqGgWnJYYlgDCbISHDgjC1','2015-12-15 15:54:31','2015-12-15 16:47:25',NULL,0,NULL),(221,61,2,4,'App\\CompanyUser','Stefan Pavic','sp@anan.dk','$2y$10$TaxS8sp6zf0oM/NykOGvCOkPsPRaBkY9szbOZ5sUgVdFFbPENec52',0.00,0.00,'','','','wnMcfCHD888FEGX8_21122015_131204.png','sIjFMuLxd5BB4qrK_21122015_131215.png','ZdkAjrNO3SKt5IMNRcLeGLbd5A5mIYyPAEoNIAlFfExnIQEE7CRgUnTuEtPe','2015-12-21 12:16:46','2016-02-17 13:06:40',NULL,0,NULL),(222,61,7,218,'App\\Seeker','Orest Andersen','orest.andersen@yahoo.com','$2y$10$BQfqPaEHXhjJtPS4vyFgRuCWi/P0X05DpjrWmC2VTR7eB9an6ATla',0.00,0.00,'','','','z7RKG1D0OOtLsQv6_27122015_221239.png','9syjQaMhrZECxjAF_27122015_221248.png',NULL,'2015-12-27 21:11:52','2015-12-27 21:35:48',NULL,0,NULL),(223,210,19,5,'App\\CompanyUser','Maya','may@infonordic.com','$2y$10$kH/IMYikaUfQr6i9HgZI0eDCM4ALX6MIBzRiwf8yvG2xjBJuLOgae',0.00,0.00,'','','','','B5L5s4rLbGiLRrVS_30122015_091245.png','hXzDUatog4D2DZVEGU52RPgOy2JW7zdJWfF2qJFqmTETYHQnHrNYJZ5foVdi','2015-12-30 07:57:44','2015-12-30 08:13:12',NULL,0,NULL),(224,210,16,6,'App\\CompanyUser','Maya','maya.liebana@runwaybpo.com','$2y$10$dzUus4tmBaVIzeEPybO.2eoAbUolEHZdp2l2aeAFaoSEAeDvJpSPC',0.00,0.00,'','','','','NvuG5qWWXTJE4ASQ_30122015_091254.png',NULL,'2015-12-30 08:14:35','2015-12-30 08:19:54',NULL,0,NULL),(225,61,2,219,'App\\Seeker','Sarunas Leliuga','sarunasleliuga@gmail.com','$2y$10$dAzlEQNBMm6uevuH7YLUuuPmNwHpZyxGckCzDkyhqxd1npbkmUIp6',0.00,0.00,'','','','RevUu4Jf91ZqM6zH_22012016_140147.png','',NULL,'2016-01-05 12:21:01','2016-01-22 13:28:48',NULL,0,NULL),(230,61,11,9,'App\\CompanyUser','Andrei Cristian','adm@acesolutions.co','$2y$10$It32K6VchInXhukzItkeIu308w/NL6lPOkGPK5N65xXNDXcz1Tf4u',0.00,0.00,'','','','','','iFkcl85qsu9nLx3KadRFs5fXe5pqQwPxOmHwXWZ0x6slvqWGdKD8JvuZycLX','2016-01-11 13:45:39','2016-02-16 14:27:19',NULL,0,'Ib3wmiCBdF0OsavEYGjBX4oEjTGstA'),(231,237,19,222,'App\\Seeker','mike','mayer.ros@gmail.com','$2y$10$09zfQKOb32gnzzRXV7FTfu5liQ77IL.dgQ75hVUtziitLStt6pE0u',0.00,0.00,'','','','r0kwkXyS9rTc8KI8_14012016_110155.png','Vxgf7KRpabCZIq6H_14012016_110126.png','wlafNF2hOKp5wqSk5aLIkYzOtCFRelB15uVqDmlfNv1K2UskkKhDyWmt0kb0','2016-01-11 16:10:37','2016-01-14 10:50:21',NULL,0,'wre9jN1yUglpxYKtVacQKEu6tqv8mP'),(232,61,2,10,'App\\CompanyUser','Jonathan Madsen','jm@anan.dk','$2y$10$9xRhEva/xnHKaAh.164fn.ElTPfrmBLLJwyfXDM8C5dRdnQwkR73a',0.00,0.00,'','','','','','DDVdI53afbQe9wxe87CCUrpuYTCgNDB7jyl9IEBhLkdoYS2Od9Z6ZRsaLgaU','2016-01-14 09:48:18','2016-01-14 12:33:19',NULL,1,NULL),(241,61,11,231,'App\\Seeker','Andrei Cristian','e.andreww3@gmail.com','$2y$10$7s7GAdB1p5BS48gYjt2/oez5iBIBzujWwpit6WqHnliOp7.6oShu2',0.00,0.00,'','','','','','sbcYqWqIRsa9oEATbE1Vovuk4jHqWJGey31lbaJsTbt0PfK8tSV0JOMDKzwQ','2016-01-15 16:12:20','2016-01-15 16:17:46',NULL,1,NULL),(242,61,15,232,'App\\Seeker','Christian R. Jørgensen','christianrosenlund@hotmail.com','$2y$10$dmyc7SdOmFC4mwnigtI.Q.sA.7FKrVRlJLbkz5WoH0UgCx9s3aqC2',0.00,0.00,'','','','OzbZ8ceYmVy8noLW_22012016_140134.png','',NULL,'2016-01-20 13:53:35','2016-01-22 13:18:34',NULL,1,NULL),(243,61,4,233,'App\\Seeker','Widad Makhukhi','makhukhi@gmail.com','$2y$10$/JwW5NlS0JRgYQKxuGH2ROY6vUAmbQnR.f/0gDsXZ3shkPup21SxC',0.00,0.00,'','','','','','XdgpGprU8vzu72sJEZazoSp4JI01wcO8DUjiGZ59O1H4qOKX2wlIcEymazA0','2016-02-03 14:42:12','2016-02-03 15:04:07',NULL,1,NULL),(244,16,18,234,'App\\Seeker','pepito sbazzeguti','pepito@sbazzeguti.com','$2y$10$kn/gh8tvP1tkix77BQHL1.iJ5w4OvXxgbR6vf6rfv1QQkXVCuff9S',0.00,0.00,'','','','','',NULL,'2016-02-03 14:49:39','2016-02-03 14:49:39',NULL,0,'zjEdzs65ulGZgQ6rkpQNwkf6o2Hebv'),(245,11,3,235,'App\\Seeker','Testing Man','testingman@testing.dk','$2y$10$hLZf/18ddf6I2IEci0552eHDvERCTI4qinxY0WnzOxbehDGzwfxse',0.00,0.00,'','','','','','lChbAZgJCrJNqkQ7YwlVozx8eEY5C5wfFuKR6IhP94n3bMLqu8QdJhQsfDe6','2016-02-03 15:29:31','2016-02-03 15:32:13',NULL,0,'dnVvBDAmUtmGTUSxqDEsZNPLCbytt1'),(246,61,9,236,'App\\Seeker','Christian Köse Fischer','ckf@pharmanovia.com','$2y$10$jsfOe2pQ.ytgGp.4f64Sde0UerXGwWh.zrqRpfocN/I0Qnr.ehjtq',0.00,0.00,'','','','','','baRaMni9jMPs3HbHu3o3HnrMJfxr2l9VfbVcZ2kT8jWC7qVzyIKO8AwMHK69','2016-02-04 08:40:46','2016-02-04 08:42:59',NULL,0,'eWM37wWUBiyAoii8ofdTjPitAJo9cU'),(247,61,9,11,'App\\CompanyUser','Christian Köse Fischer','cf@pharmanovia.com','$2y$10$W33/QO2wp2MqPHs32064P.5rez2McFjkVdBmeuhzQ2xguZoUsJHcq',0.00,0.00,'','','','','',NULL,'2016-02-04 08:44:44','2016-02-04 08:45:49',NULL,1,NULL),(248,61,15,237,'App\\Seeker','Deniz Aydin','denizaydin89@yahoo.dk','$2y$10$WR./IO4oynWy.07JwN3lXeGLv1kpRGmhHLT3qYmVG/KfWhafmuxyS',0.00,0.00,'','','','','',NULL,'2016-02-04 09:21:20','2016-02-04 09:23:11',NULL,1,NULL),(249,61,4,238,'App\\Seeker','Test','tester@email.dk','$2y$10$0f48R78sCOveEHEUp18ESOcWtMYKVF3x1AIpmj2ZLIuE3bTMn51CC',0.00,0.00,'','','','','','JZP53yYIpYlCv7bVW90xXylzW8AA71dHxU123SZFOgvjZAgUFWwuSlSm2Akr','2016-02-04 10:18:58','2016-02-04 10:19:10',NULL,0,'3dLdUvTTsDJzE73J0YBh069k2wMaRt'),(250,61,2,239,'App\\Seeker','Thibault','thipe@byg.dtu.dk','$2y$10$0dgRc/ZqZAG5nDTL42xVmeWTJEY2725Aw1Xh/PcmJmDgys8TZ4IWW',0.00,0.00,'','','','','',NULL,'2016-02-04 10:20:06','2016-02-04 10:20:06',NULL,0,'zFyBEZAIqHDPsZJr2UTuJuBdBAI9c9'),(251,3,2,240,'App\\Seeker','test2','testing@again.dk','$2y$10$RIe5hp/mL4FCpjdjZpFaK.jqjA1wMa74dmWZ0nUjILPkbw9JBG.rS',0.00,0.00,'','','','','','0khlD0f14Vjabdba4VK051o3Fwu8H1AawinMsd7SOsfbAQCCVdWrLEuhlE9x','2016-02-04 13:04:42','2016-02-04 13:04:47',NULL,0,'GHR8WWvJv1q8FMO4f8DB3CLD350Orh'),(252,61,9,241,'App\\Seeker','Camilla Vindeløv','camillaherlev@gmail.com','$2y$10$0B8GkJVzX9dL0YkFXHBboeQboykiR1xyhEiFZ.YQkLkLHcWl954cG',0.00,0.00,'','','','','',NULL,'2016-02-04 14:57:27','2016-02-04 14:57:50',NULL,1,NULL),(253,75,4,242,'App\\Seeker','Jonna','jonna.oja@netikka.fi','$2y$10$exx4Rm4tjBnkxj7JPMThOOt6QbtmtcPq0xc27x0pQUj/cGuKhr/li',0.00,0.00,'','','','nn1kcGw8w1I0WWiH_06022016_130216.png','','JiszL5AH08Sl2aGlh78yYsquqJSubZGbP3f5ciDyFxKrvpaMy7lbfbxLfnNG','2016-02-06 11:53:04','2016-02-06 12:26:08',NULL,1,NULL),(254,61,25,243,'App\\Seeker','Liv Malene Rasmussen','liras49@gmail.com','$2y$10$ZIb/EvC.QoWyR4PvrDgYIuwxz1IuTXjaJXR3CPBFftf4aEJxZ9Ahm',0.00,0.00,'','','','','',NULL,'2016-02-08 10:56:55','2016-02-08 11:06:09',NULL,1,NULL),(255,61,17,12,'App\\CompanyUser','Stefan Pavic','info@cvideon.com','$2y$10$hgI7WZIQM4RVvsE3TtDoxu8Q.n8gSHjfKWUZkIA2dO5bRFY8AcVWm',0.00,0.00,'','','','NTLqbZn0Yf6G91R3_11022016_140256.png','cMQH2ssgF6sLFHLj_11022016_140207.png','raUsB8xuTRURnirwbOTyVlWSK0RutpL0iemSvY3lUl6M0uC8CaV34meHO2tM','2016-02-11 13:46:14','2016-02-12 17:20:53',NULL,1,NULL);
/*!40000 ALTER TABLE `users` ENABLE KEYS */;
UNLOCK TABLES;

--
-- Table structure for table `videos`
--

DROP TABLE IF EXISTS `videos`;
/*!40101 SET @saved_cs_client     = @@character_set_client */;
/*!40101 SET character_set_client = utf8 */;
CREATE TABLE `videos` (
  `id` int(10) unsigned NOT NULL AUTO_INCREMENT,
  `videoable_id` int(10) unsigned NOT NULL,
  `videoable_type` varchar(255) COLLATE utf8_unicode_ci NOT NULL,
  `key` varchar(255) COLLATE utf8_unicode_ci NOT NULL,
  `value` text COLLATE utf8_unicode_ci NOT NULL,
  `created_at` timestamp NOT NULL DEFAULT '0000-00-00 00:00:00',
  `updated_at` timestamp NOT NULL DEFAULT '0000-00-00 00:00:00',
  `deleted_at` timestamp NULL DEFAULT NULL,
  PRIMARY KEY (`id`),
  KEY `videos_videoable_id_videoable_type_index` (`videoable_id`,`videoable_type`)
) ENGINE=InnoDB AUTO_INCREMENT=261 DEFAULT CHARSET=utf8 COLLATE=utf8_unicode_ci;
/*!40101 SET character_set_client = @saved_cs_client */;

--
-- Dumping data for table `videos`
--

LOCK TABLES `videos` WRITE;
/*!40000 ALTER TABLE `videos` DISABLE KEYS */;
INSERT INTO `videos` VALUES (1,6,'App\\User','path','35269-stefancvideo.mov','2015-12-09 00:47:29','2015-12-09 12:18:57','2015-12-09 12:18:57'),(2,4,'App\\User','path','86395-alfonso_10.mp4','2015-12-09 00:47:29','2015-12-09 00:47:29',NULL),(3,26,'App\\User','path','98701-video-cv.mov','2015-12-09 00:47:29','2015-12-09 12:51:48','2015-12-09 12:51:48'),(4,30,'App\\User','path','88743-silvana_teofl.mov','2015-12-09 00:47:29','2015-12-09 13:15:14','2015-12-09 13:15:14'),(5,29,'App\\User','path','40760-bankolo.mov','2015-12-09 00:47:29','2015-12-09 13:12:13','2015-12-09 13:12:13'),(6,37,'App\\User','path','94038-casper.mov','2015-12-09 00:47:29','2015-12-09 13:35:55','2015-12-09 13:35:55'),(7,35,'App\\User','path','4926-laura.mov','2015-12-09 00:47:29','2015-12-09 13:24:40','2015-12-09 13:24:40'),(8,38,'App\\User','path','95410-michael.mov','2015-12-09 00:47:29','2015-12-09 23:00:21','2015-12-09 23:00:21'),(9,63,'App\\User','path','9299-stephen_c_converted.mp4','2015-12-09 00:47:29','2015-12-09 00:47:29',NULL),(10,2,'App\\User','path','29255-3646-ioanna_b_converted.mp4','2015-12-09 00:47:29','2015-12-10 11:52:59','2015-12-10 11:52:59'),(11,40,'App\\User','path','21061-simon_k_converted.mp4','2015-12-09 00:47:29','2015-12-09 00:47:29',NULL),(12,70,'App\\User','path','67466-ajay_p_converted.mp4','2015-12-09 00:47:29','2015-12-09 00:47:29',NULL),(13,42,'App\\User','path','7641-rares_b_converted.mp4','2015-12-09 00:47:29','2015-12-09 23:25:12','2015-12-09 23:25:12'),(14,43,'App\\User','path','3566-reneta_n_converted.mp4','2015-12-09 00:47:29','2015-12-09 00:47:29',NULL),(15,44,'App\\User','path','3646-ioanna_b_converted.mp4','2015-12-09 00:47:29','2015-12-09 00:47:29',NULL),(16,45,'App\\User','path','49643-giulia_c_converted.mp4','2015-12-09 00:47:29','2015-12-09 00:47:29',NULL),(17,46,'App\\User','path','15818-natalie_z_converted.mp4','2015-12-09 00:47:29','2015-12-09 00:47:29',NULL),(18,48,'App\\User','path','80684-elizabeth_g_converted.mp4','2015-12-09 00:47:29','2015-12-09 00:47:29',NULL),(19,49,'App\\User','path','69754-mikael_t_converted.mp4','2015-12-09 00:47:29','2015-12-09 00:47:29',NULL),(20,51,'App\\User','path','25745-silva_k_converted.mp4','2015-12-09 00:47:29','2015-12-09 00:47:29',NULL),(21,52,'App\\User','path','16961-jovana_m_converted.mp4','2015-12-09 00:47:29','2015-12-09 00:47:29',NULL),(22,53,'App\\User','path','80987-ulrik_n_converted.mp4','2015-12-09 00:47:29','2015-12-09 00:47:29',NULL),(23,55,'App\\User','path','89246-jordan_h_converted.mp4','2015-12-09 00:47:29','2015-12-09 00:47:29',NULL),(24,56,'App\\User','path','79490-henrik_m_converted.mp4','2015-12-09 00:47:29','2015-12-09 00:47:29',NULL),(25,57,'App\\User','path','36852-aleksander_j_converted.mp4','2015-12-09 00:47:29','2015-12-09 00:47:29',NULL),(26,58,'App\\User','path','14355-dorin_h_converted.mp4','2015-12-09 00:47:29','2015-12-09 00:47:29',NULL),(27,59,'App\\User','path','38448-susanne.mp4','2015-12-09 00:47:29','2015-12-09 00:47:29',NULL),(28,60,'App\\User','path','26013-benjamin_m_converted.mp4','2015-12-09 00:47:29','2015-12-09 00:47:29',NULL),(29,61,'App\\User','path','27632-sara_y_converted.mp4','2015-12-09 00:47:29','2015-12-09 00:47:29',NULL),(30,62,'App\\User','path','38153-hendrik_m_converted.mp4','2015-12-09 00:47:29','2015-12-09 00:47:29',NULL),(31,64,'App\\User','path','78762-haydar_m_converted.mp4','2015-12-09 00:47:29','2015-12-09 00:47:29',NULL),(32,65,'App\\User','path','60987-adam_m_converted.mp4','2015-12-09 00:47:29','2015-12-09 00:47:29',NULL),(33,67,'App\\User','path','49895-viktor_converted.mp4','2015-12-09 00:47:29','2015-12-09 00:47:29',NULL),(34,68,'App\\User','path','58829-giovanni_b_converted.mp4','2015-12-09 00:47:29','2015-12-09 00:47:29',NULL),(35,39,'App\\User','path','76365-otilia_n_converted.mp4','2015-12-09 00:47:29','2015-12-09 00:47:29',NULL),(36,69,'App\\User','path','41409-francesca-r.mp4','2015-12-09 00:47:29','2015-12-09 00:47:29',NULL),(37,66,'App\\User','path','97769-tizzita-t.mp4','2015-12-09 00:47:29','2015-12-09 00:47:29',NULL),(38,24,'App\\User','path','81163-capturedvideo.mov','2015-12-09 00:47:29','2015-12-09 12:49:47','2015-12-09 12:49:47'),(39,87,'App\\User','path','76758-cvideon-alvaro.mov','2015-12-09 00:47:29','2015-12-11 14:21:05','2015-12-11 14:21:05'),(40,84,'App\\User','path','46515-img_2566.mov','2015-12-09 00:47:29','2015-12-11 14:13:29','2015-12-11 14:13:29'),(41,88,'App\\User','path','59832-videocurrÃ­culum-antonio-quintero.mp4','2015-12-09 00:47:29','2015-12-11 14:34:50','2015-12-11 14:34:50'),(42,89,'App\\User','path','49153-beatriz.mp4','2015-12-09 00:47:29','2015-12-09 00:47:29',NULL),(43,97,'App\\User','path','81826-07-irene-ds.mp4','2015-12-09 00:47:29','2015-12-11 15:13:00','2015-12-11 15:13:00'),(44,105,'App\\User','path','68732-15-ana-isabel-gl.mp4','2015-12-09 00:47:29','2015-12-11 15:43:44','2015-12-11 15:43:44'),(45,110,'App\\User','path','7274-19-rafael-sl.mp4','2015-12-09 00:47:29','2015-12-11 15:52:56','2015-12-11 15:52:56'),(46,111,'App\\User','path','51601-20-carolina-cg.mp4','2015-12-09 00:47:29','2015-12-11 15:57:17','2015-12-11 15:57:17'),(47,119,'App\\User','path','64607-24-marta-ba.mp4','2015-12-09 00:47:29','2015-12-11 16:18:01','2015-12-11 16:18:01'),(48,134,'App\\User','path','37238-40-elena-sm.mp4','2015-12-09 00:47:29','2015-12-11 17:10:59','2015-12-11 17:10:59'),(49,17,'App\\User','path','77408-39-antonio-cm.mp4','2015-12-09 00:47:29','2015-12-09 12:39:33','2015-12-09 12:39:33'),(50,123,'App\\User','path','98689-28-maria-ls.mp4','2015-12-09 00:47:29','2015-12-11 16:34:24','2015-12-11 16:34:24'),(51,98,'App\\User','path','88006-08-lilia-esther-sb.mp4','2015-12-09 00:47:29','2015-12-11 15:26:18','2015-12-11 15:26:18'),(52,99,'App\\User','path','78847-09-maria-rt.mp4','2015-12-09 00:47:29','2015-12-11 15:30:49','2015-12-11 15:30:49'),(53,100,'App\\User','path','78684-10-david-gj.mp4','2015-12-09 00:47:29','2015-12-11 15:33:11','2015-12-11 15:33:11'),(54,122,'App\\User','path','78406-27-alvaro-bm.mp4','2015-12-09 00:47:29','2015-12-11 16:29:55','2015-12-11 16:29:55'),(55,135,'App\\User','path','13067-41-francisco-javier-pa.mp4','2015-12-09 00:47:29','2015-12-15 10:44:47','2015-12-15 10:44:47'),(56,136,'App\\User','path','24777-42-mohammed-a.mp4','2015-12-09 00:47:29','2015-12-15 10:48:59','2015-12-15 10:48:59'),(57,109,'App\\User','path','48157-18-rafael-or.mp4','2015-12-09 00:47:29','2015-12-11 15:50:46','2015-12-11 15:50:46'),(58,91,'App\\User','path','95036-01-bibiana-cj.mp4','2015-12-09 00:47:29','2015-12-11 14:49:06','2015-12-11 14:49:06'),(59,92,'App\\User','path','19292-02-maria-lourdes-pp.mp4','2015-12-09 00:47:29','2015-12-11 14:52:43','2015-12-11 14:52:43'),(60,93,'App\\User','path','37767-03-cristina-mr.mp4','2015-12-09 00:47:29','2015-12-11 14:55:20','2015-12-11 14:55:20'),(61,94,'App\\User','path','71371-04-miriam-le.mp4','2015-12-09 00:47:29','2015-12-11 14:57:07','2015-12-11 14:57:07'),(62,95,'App\\User','path','78070-05-francisco-javier-lr.mp4','2015-12-09 00:47:29','2015-12-11 15:08:27','2015-12-11 15:08:27'),(63,96,'App\\User','path','20780-06-isabel-lg.mp4','2015-12-09 00:47:29','2015-12-11 15:10:16','2015-12-11 15:10:16'),(64,101,'App\\User','path','70665-11-ana-bmm.mp4','2015-12-09 00:47:29','2015-12-11 15:35:14','2015-12-11 15:35:14'),(65,102,'App\\User','path','16059-12-alicia-mp.mp4','2015-12-09 00:47:29','2015-12-11 15:37:38','2015-12-11 15:37:38'),(66,103,'App\\User','path','82433-13-andres-g.mp4','2015-12-09 00:47:29','2015-12-11 15:38:41','2015-12-11 15:38:41'),(67,104,'App\\User','path','71526-14-barbara-np.mp4','2015-12-09 00:47:29','2015-12-11 15:41:14','2015-12-11 15:41:14'),(68,106,'App\\User','path','82062-16-cintia-md.mp4','2015-12-09 00:47:29','2015-12-11 15:46:41','2015-12-11 15:46:41'),(69,107,'App\\User','path','87633-17-fina-p.mp4','2015-12-09 00:47:29','2015-12-11 15:49:12','2015-12-11 15:49:12'),(70,113,'App\\User','path','19030-21-esperanza-maa-.mp4','2015-12-09 00:47:29','2015-12-11 16:00:06','2015-12-11 16:00:06'),(71,115,'App\\User','path','70945-22-juan-carlos-mf.mp4','2015-12-09 00:47:29','2015-12-11 16:06:51','2015-12-11 16:06:51'),(72,118,'App\\User','path','44483-23-mariana-o.mp4','2015-12-09 00:47:29','2015-12-11 16:15:20','2015-12-11 16:15:20'),(73,120,'App\\User','path','30065-25-juan-ignacio-pn.mp4','2015-12-09 00:47:29','2015-12-11 16:26:11','2015-12-11 16:26:11'),(74,121,'App\\User','path','61881-26-ana-gc.mp4','2015-12-09 00:47:29','2015-12-11 16:27:51','2015-12-11 16:27:51'),(75,124,'App\\User','path','85282-29-rocio-si.mp4','2015-12-09 00:47:29','2015-12-11 16:37:03','2015-12-11 16:37:03'),(76,125,'App\\User','path','77278-30-natalia-mc.mp4','2015-12-09 00:47:29','2015-12-11 16:40:26','2015-12-11 16:40:26'),(77,126,'App\\User','path','31634-31-paula-pd.mp4','2015-12-09 00:47:29','2015-12-11 16:41:46','2015-12-11 16:41:46'),(78,127,'App\\User','path','99521-32-natalia-vc.mp4','2015-12-09 00:47:29','2015-12-11 16:43:38','2015-12-11 16:43:38'),(79,128,'App\\User','path','4088-33-inma-el.mp4','2015-12-09 00:47:29','2015-12-11 16:52:42','2015-12-11 16:52:42'),(80,129,'App\\User','path','17966-34-maria-mna.mp4','2015-12-09 00:47:29','2015-12-11 16:55:06','2015-12-11 16:55:06'),(81,130,'App\\User','path','99312-35-paula-lz.mp4','2015-12-09 00:47:29','2015-12-11 17:00:19','2015-12-11 17:00:19'),(82,131,'App\\User','path','67819-36-paola-md.mp4','2015-12-09 00:47:29','2015-12-11 17:03:34','2015-12-11 17:03:34'),(83,132,'App\\User','path','48738-37-jonatan-mc.mp4','2015-12-09 00:47:29','2015-12-11 17:06:41','2015-12-11 17:06:41'),(84,133,'App\\User','path','26652-38-lourdes-gr.mp4','2015-12-09 00:47:29','2015-12-11 17:08:10','2015-12-11 17:08:10'),(85,182,'App\\User','path','27353-cvideon-eng-2015.mp4','2015-12-09 00:47:29','2015-12-16 10:38:08','2015-12-16 10:38:08'),(86,137,'App\\User','path','77703-43-mario-rz.mp4','2015-12-09 00:47:29','2015-12-15 10:51:20','2015-12-15 10:51:20'),(87,138,'App\\User','path','58649-44-natxo-am.mp4','2015-12-09 00:47:29','2015-12-15 12:12:48','2015-12-15 12:12:48'),(88,139,'App\\User','path','97384-45-cristina-mr.mp4','2015-12-09 00:47:29','2015-12-15 12:15:19','2015-12-15 12:15:19'),(89,140,'App\\User','path','68806-46-laura-la.mp4','2015-12-09 00:47:30','2015-12-15 12:17:14','2015-12-15 12:17:14'),(90,141,'App\\User','path','96456-47-ani-a.mp4','2015-12-09 00:47:30','2015-12-15 12:18:59','2015-12-15 12:18:59'),(91,142,'App\\User','path','45027-48-maria-gs.mp4','2015-12-09 00:47:30','2015-12-15 12:20:31','2015-12-15 12:20:31'),(92,143,'App\\User','path','1704-49-celia-ap.mp4','2015-12-09 00:47:30','2015-12-15 12:23:52','2015-12-15 12:23:52'),(93,144,'App\\User','path','88052-50-zhiping-j.mp4','2015-12-09 00:47:30','2015-12-15 12:26:38','2015-12-15 12:26:38'),(94,145,'App\\User','path','87359-51-sonia-cg.mp4','2015-12-09 00:47:30','2015-12-15 12:28:54','2015-12-15 12:28:54'),(95,146,'App\\User','path','5042-52-liana-a.mp4','2015-12-09 00:47:30','2015-12-15 12:31:55','2015-12-15 12:31:55'),(96,147,'App\\User','path','7169-53-javier-fr.mp4','2015-12-09 00:47:30','2015-12-15 12:34:50','2015-12-15 12:34:50'),(97,148,'App\\User','path','57966-54-sandra-mg.mp4','2015-12-09 00:47:30','2015-12-15 13:26:20','2015-12-15 13:26:20'),(98,149,'App\\User','path','53096-55-maria-tmv.mp4','2015-12-09 00:47:30','2015-12-15 13:32:56','2015-12-15 13:32:56'),(99,150,'App\\User','path','53517-56-andrea-ch.mp4','2015-12-09 00:47:30','2015-12-15 13:34:51','2015-12-15 13:34:51'),(100,151,'App\\User','path','36768-57-pablo-lm.mp4','2015-12-09 00:47:30','2015-12-15 13:38:33','2015-12-15 13:38:33'),(101,153,'App\\User','path','57526-58-elena-rt.mp4','2015-12-09 00:47:30','2015-12-15 14:03:37','2015-12-15 14:03:37'),(102,154,'App\\User','path','91970-59-marta-gs.mp4','2015-12-09 00:47:30','2015-12-15 14:05:46','2015-12-15 14:05:46'),(103,155,'App\\User','path','53285-60-maria-sa.mp4','2015-12-09 00:47:30','2015-12-15 14:12:42','2015-12-15 14:12:42'),(104,156,'App\\User','path','92999-61-tessa-pj.mp4','2015-12-09 00:47:30','2015-12-15 14:15:19','2015-12-15 14:15:19'),(105,157,'App\\User','path','97250-62-marcos-cm.mp4','2015-12-09 00:47:30','2015-12-15 14:20:03','2015-12-15 14:20:03'),(106,158,'App\\User','path','16491-64-ruben-mo.mp4','2015-12-09 00:47:30','2015-12-15 14:28:08','2015-12-15 14:28:08'),(107,159,'App\\User','path','82145-63-ana-sb.mp4','2015-12-09 00:47:30','2015-12-15 14:35:06','2015-12-15 14:35:06'),(108,160,'App\\User','path','82991-65-maricarmen-m.mp4','2015-12-09 00:47:30','2015-12-15 14:40:11','2015-12-15 14:40:11'),(109,161,'App\\User','path','19332-66-elena-rc.mp4','2015-12-09 00:47:30','2015-12-15 14:42:49','2015-12-15 14:42:49'),(110,162,'App\\User','path','11741-67-manolo-cc.mp4','2015-12-09 00:47:30','2015-12-15 14:44:51','2015-12-15 14:44:51'),(111,163,'App\\User','path','36533-68-irene-pc.mp4','2015-12-09 00:47:30','2015-12-15 14:45:49','2015-12-15 14:45:49'),(112,73,'App\\User','path','29842-sajita-sajita.mp4','2015-12-09 00:47:30','2015-12-11 13:59:33','2015-12-11 13:59:33'),(113,15,'App\\User','path','9732-71-jaime-rdc.mp4','2015-12-09 00:47:30','2015-12-09 12:32:47','2015-12-09 12:32:47'),(114,164,'App\\User','path','1740-69-elena-gl.mp4','2015-12-09 00:47:30','2015-12-15 14:46:57','2015-12-15 14:46:57'),(115,165,'App\\User','path','19415-70-maria-gl.mp4','2015-12-09 00:47:30','2015-12-15 14:48:45','2015-12-15 14:48:45'),(116,167,'App\\User','path','58298-72-cristina.mp4','2015-12-09 00:47:30','2015-12-15 14:51:12','2015-12-15 14:51:12'),(117,177,'App\\User','path','5220-video-application-|-alvaro-miralles.mp4','2015-12-09 00:47:30','2015-12-15 15:09:18','2015-12-15 15:09:18'),(118,176,'App\\User','path','57308-01-zibat.mp4','2015-12-09 00:47:30','2015-12-15 15:06:50','2015-12-15 15:06:50'),(119,186,'App\\User','path','43950-04-aalborg.mp4','2015-12-09 00:47:30','2015-12-16 10:49:59','2015-12-16 10:49:59'),(120,191,'App\\User','path','80804-06-dtu.mp4','2015-12-09 00:47:30','2015-12-16 12:41:46','2015-12-16 12:41:46'),(121,185,'App\\User','path','9560-02-aalborg.mp4','2015-12-09 00:47:30','2015-12-16 10:45:49','2015-12-16 10:45:49'),(122,187,'App\\User','path','78034-05-aalborg_1.mp4','2015-12-09 00:47:30','2015-12-16 12:26:03','2015-12-16 12:26:03'),(123,184,'App\\User','path','45739-03-aalborg_1.mp4','2015-12-09 00:47:30','2015-12-16 10:42:10','2015-12-16 10:42:10'),(124,197,'App\\User','path','85966-73-maria.mp4','2015-12-09 00:47:30','2015-12-16 12:52:27','2015-12-16 12:52:27'),(125,207,'App\\User','path','51988-alfonso_12_retail.mp4','2015-12-09 00:47:30','2015-12-11 07:54:36','2015-12-11 07:54:36'),(126,194,'App\\User','path','84558-07-dtu-gao-y.mp4','2015-12-09 00:47:30','2015-12-16 12:45:04','2015-12-16 12:45:04'),(127,195,'App\\User','path','26663-08-dtu-pau.mp4','2015-12-09 00:47:30','2015-12-16 12:46:51','2015-12-16 12:46:51'),(128,196,'App\\User','path','42126-09-dtu-fede.mp4','2015-12-09 00:47:30','2015-12-16 12:50:09','2015-12-16 12:50:09'),(129,152,'App\\User','path','75852-10-dtu-alejandro.mp4','2015-12-09 00:47:30','2015-12-15 13:45:20','2015-12-15 13:45:20'),(130,200,'App\\User','path','73928-aitorl.mp4','2015-12-09 00:47:30','2015-12-16 12:58:55','2015-12-16 12:58:55'),(131,201,'App\\User','path','33196-aitora.mp4','2015-12-09 00:47:30','2015-12-11 17:32:59','2015-12-11 17:32:59'),(132,198,'App\\User','path','10788-vasileios.mp4','2015-12-09 00:47:30','2015-12-16 12:55:24','2015-12-16 12:55:24'),(133,199,'App\\User','path','4895-dionysia_1.mp4','2015-12-09 00:47:30','2015-12-09 00:47:30',NULL),(134,212,'App\\User','url','https://www.youtube.com/embed/xebrXRo3eMk','2015-12-09 00:47:30','2015-12-09 00:47:30',NULL),(135,212,'App\\User','url','https://www.youtube.com/embed/wQQNBsDauSc','2015-12-09 00:47:30','2015-12-09 00:47:30',NULL),(136,212,'App\\User','url','https://www.youtube.com/embed/i7SGc-DKxYM','2015-12-09 00:47:30','2015-12-09 00:47:30',NULL),(137,212,'App\\User','url','https://www.youtube.com/embed/j_Iz3TVMe28','2015-12-09 00:47:30','2015-12-09 00:47:30',NULL),(138,212,'App\\User','url','https://www.youtube.com/embed/fGUbAGx8U1k','2015-12-09 00:47:30','2015-12-09 00:47:30',NULL),(139,212,'App\\User','url','https://www.youtube.com/embed/fpML-3m1QYo','2015-12-09 00:47:30','2015-12-09 00:47:30',NULL),(140,15,'App\\User','path','owcismAmbUgLsVsR_09122015_131242-mp4.mp4','2015-12-09 12:34:43','2015-12-09 12:34:43',NULL),(141,17,'App\\User','path','OwUNdUGRD8s5YKun_09122015_131234-mp4.mp4','2015-12-09 12:40:35','2015-12-09 12:40:35',NULL),(142,29,'App\\User','path','0BuWj5RzZetPQZuf_09122015_141254-mov.mp4','2015-12-09 13:13:55','2015-12-09 13:13:55',NULL),(143,30,'App\\User','path','EfsxkMEN7PJYPMuY_09122015_141238-mov.mp4','2015-12-09 13:15:39','2015-12-09 13:15:39',NULL),(144,35,'App\\User','path','SVjGdfJorn773h2k_09122015_141241-mov.mp4','2015-12-09 13:25:44','2015-12-09 13:25:44',NULL),(145,37,'App\\User','path','nIP1AYa7BkfmFsmx_09122015_141229-mov.mp4','2015-12-09 13:36:30','2015-12-09 13:36:30',NULL),(146,6,'App\\User','path','RBooO1ed5BXbe1h8_09122015_221238-mp4.mp4','2015-12-09 21:12:39','2015-12-09 21:12:39',NULL),(147,42,'App\\User','path','rm0W9ZjQ18Loqk1O_10122015_111254-mp4.mp4','2015-12-10 10:25:57','2015-12-10 10:25:57',NULL),(148,207,'App\\User','path','gDemQmdFkECwl3hR_11122015_081249-mp4.mp4','2015-12-11 07:55:53','2015-12-11 07:55:53',NULL),(149,73,'App\\User','path','yWkWIOfVnqgpQTgF_11122015_141249-mp4.mp4','2015-12-11 13:59:50','2015-12-11 13:59:50',NULL),(150,84,'App\\User','path','CBFcigoxaU4ZxMNN_11122015_151200-mov.mp4','2015-12-11 14:14:00','2015-12-11 14:14:00',NULL),(151,87,'App\\User','path','sxEqJEz4SDiE8RpY_11122015_151205-mov.mp4','2015-12-11 14:32:06','2015-12-11 14:32:06',NULL),(152,88,'App\\User','path','iVPvEuXq0gtedPB3_11122015_151232-mp4.mp4','2015-12-11 14:35:33','2015-12-11 14:35:33',NULL),(153,91,'App\\User','path','QAyYB3dx94MSqbng_11122015_151231-mp4.mp4','2015-12-11 14:50:33','2015-12-11 14:50:33',NULL),(154,92,'App\\User','path','8BoK7M7HoJt9Yc1e_11122015_151208-mp4.mp4','2015-12-11 14:53:09','2015-12-11 14:53:09',NULL),(155,93,'App\\User','path','10Pt1xZl9mBQtrgb_11122015_151247-mp4.mp4','2015-12-11 14:55:48','2015-12-11 14:55:48',NULL),(156,94,'App\\User','path','ZQ4BnZA7Aw02RffG_11122015_151247-mp4.mp4','2015-12-11 14:57:49','2015-12-11 14:57:49',NULL),(157,95,'App\\User','path','HLNqZPpDWCRWnfMf_11122015_161236-mp4.mp4','2015-12-11 15:09:38','2015-12-11 15:09:38',NULL),(158,96,'App\\User','path','jbOuZBzVLaBZb6g2_11122015_161253-mp4.mp4','2015-12-11 15:10:55','2015-12-11 15:10:55',NULL),(159,97,'App\\User','path','Qp1lGEYIVteQBtcD_11122015_161238-mp4.mp4','2015-12-11 15:13:40','2015-12-11 15:13:40',NULL),(160,98,'App\\User','path','QlRkiR5iRSaw6DT2_11122015_161201-mp4.mp4','2015-12-11 15:27:02','2015-12-11 15:27:02',NULL),(161,99,'App\\User','path','Z0FOQkoRhraJM82R_11122015_161223-mp4.mp4','2015-12-11 15:31:25','2015-12-11 15:31:25',NULL),(162,100,'App\\User','path','CloP46tQW8TsEvct_11122015_161229-mp4.mp4','2015-12-11 15:33:30','2015-12-11 15:33:30',NULL),(163,101,'App\\User','path','HjFQKPcr0Xw3RFtD_11122015_161242-mp4.mp4','2015-12-11 15:35:43','2015-12-11 15:35:43',NULL),(164,102,'App\\User','path','HWLtKLf8ct1oCuio_11122015_161210-mp4.mp4','2015-12-11 15:38:11','2015-12-11 15:38:11',NULL),(165,103,'App\\User','path','J17OrsCsTrofcSu8_11122015_161222-mp4.mp4','2015-12-11 15:39:23','2015-12-11 15:39:23',NULL),(166,104,'App\\User','path','mEHNKK2T4c2NvLao_11122015_161245-mp4.mp4','2015-12-11 15:41:46','2015-12-11 15:41:46',NULL),(167,105,'App\\User','path','jRreFCXA4qwDlHNv_11122015_161216-mp4.mp4','2015-12-11 15:45:17','2015-12-11 15:45:17',NULL),(168,106,'App\\User','path','AewJcHmZsvaDk9lQ_11122015_161201-mp4.mp4','2015-12-11 15:47:03','2015-12-11 15:47:03',NULL),(169,107,'App\\User','path','7JIXGjO24nzByleU_11122015_161227-mp4.mp4','2015-12-11 15:49:28','2015-12-11 15:49:28',NULL),(170,109,'App\\User','path','IPh6cAMyPvF1KQtI_11122015_161209-mp4.mp4','2015-12-11 15:51:09','2015-12-11 15:51:09',NULL),(171,110,'App\\User','path','NAQHlE34HHTpG3uI_11122015_161211-mp4.mp4','2015-12-11 15:53:12','2015-12-11 15:53:12',NULL),(172,111,'App\\User','path','bjgmzpB4fgM3b9Ns_11122015_161249-mp4.mp4','2015-12-11 15:57:50','2015-12-11 15:57:50',NULL),(173,113,'App\\User','path','Qhvcn1cIcZBRQaUB_11122015_171235-mp4.mp4','2015-12-11 16:00:36','2015-12-11 16:00:36',NULL),(174,115,'App\\User','path','dVSp7uY0wbfXJojk_11122015_171216-mp4.mp4','2015-12-11 16:07:17','2015-12-11 16:07:17',NULL),(175,118,'App\\User','path','yiR4GiBCVjX4F9Dm_11122015_171240-mp4.mp4','2015-12-11 16:15:41','2015-12-11 16:15:41',NULL),(176,119,'App\\User','path','QkYh2yw06qC7o05h_11122015_171236-mp4.mp4','2015-12-11 16:18:38','2015-12-11 16:18:38',NULL),(177,120,'App\\User','path','zXHwH6kvxeDm1jSl_11122015_171233-mp4.mp4','2015-12-11 16:26:34','2015-12-11 16:26:34',NULL),(178,121,'App\\User','path','x73iw8nuJ3hnOPWT_11122015_171209-mp4.mp4','2015-12-11 16:28:10','2015-12-11 16:28:10',NULL),(179,122,'App\\User','path','fvyg7Omfiu1D9zXK_11122015_171215-mp4.mp4','2015-12-11 16:30:16','2015-12-11 16:30:16',NULL),(180,123,'App\\User','path','bfu7NBtPMXyAr6bV_11122015_171201-mp4.mp4','2015-12-11 16:35:02','2015-12-11 16:35:02',NULL),(181,124,'App\\User','path','BNyWIbbVzCvUleD2_11122015_171221-mp4.mp4','2015-12-11 16:37:22','2015-12-11 16:37:22',NULL),(182,125,'App\\User','path','EIF9A4j7wru87aUI_11122015_171255-mp4.mp4','2015-12-11 16:40:57','2015-12-11 16:40:57',NULL),(183,126,'App\\User','path','oSXNlx5UCKDEq6Ou_11122015_171207-mp4.mp4','2015-12-11 16:42:08','2015-12-11 16:42:08',NULL),(184,127,'App\\User','path','62O3lOXPqZIFukwf_11122015_171206-mp4.mp4','2015-12-11 16:44:07','2015-12-11 16:44:07',NULL),(185,128,'App\\User','path','PzNjSxSBY37KQ8ZV_11122015_171227-mp4.mp4','2015-12-11 16:53:29','2015-12-11 16:53:29',NULL),(186,129,'App\\User','path','isBSq6mpbf8SiQ2p_11122015_171251-mp4.mp4','2015-12-11 16:55:53','2015-12-11 16:55:53',NULL),(187,130,'App\\User','path','MHssvjexuFAbqxum_11122015_181215-mp4.mp4','2015-12-11 17:01:16','2015-12-11 17:01:16',NULL),(188,131,'App\\User','path','t72Kh74d34mT612Y_11122015_181253-mp4.mp4','2015-12-11 17:03:54','2015-12-11 17:03:54',NULL),(189,132,'App\\User','path','qzErSHGqXRX8RyI4_11122015_181213-mp4.mp4','2015-12-11 17:07:14','2015-12-11 17:07:14',NULL),(190,133,'App\\User','path','Xlo4rdOxeRj1u0uD_11122015_181236-mp4.mp4','2015-12-11 17:08:37','2015-12-11 17:08:37',NULL),(191,134,'App\\User','path','UTcFyocyu9BwPrS2_11122015_181226-mp4.mp4','2015-12-11 17:11:27','2015-12-11 17:11:27',NULL),(192,201,'App\\User','path','RGnevNhPWXOqbq9g_11122015_181238-mp4.mp4','2015-12-11 17:32:39','2015-12-11 17:32:59','2015-12-11 17:32:59'),(193,201,'App\\User','path','eVasFRLAramj1BO7_11122015_181217-mp4.mp4','2015-12-11 17:33:18','2015-12-11 17:33:18',NULL),(194,135,'App\\User','path','pegy8q2SnWbXszdk_15122015_111220-mp4.mp4','2015-12-15 10:46:21','2015-12-15 10:46:21',NULL),(195,136,'App\\User','path','sdffwuzHcxtdMizT_15122015_111218-mp4.mp4','2015-12-15 10:49:19','2015-12-15 10:49:19',NULL),(196,137,'App\\User','path','H5amRdYJZWncDLH8_15122015_111236-mp4.mp4','2015-12-15 10:53:37','2015-12-15 10:53:37',NULL),(197,138,'App\\User','path','iySxTTJIi9ktxNyd_15122015_131245-mp4.mp4','2015-12-15 12:13:46','2015-12-15 12:13:46',NULL),(198,139,'App\\User','path','Oz3GrOYAwXGZNuQT_15122015_131239-mp4.mp4','2015-12-15 12:15:40','2015-12-15 12:15:40',NULL),(199,140,'App\\User','path','k0AdDI3LIknf2xI7_15122015_131259-mp4.mp4','2015-12-15 12:18:00','2015-12-15 12:18:00',NULL),(200,141,'App\\User','path','awwSbZC18z5GVJS4_15122015_131218-mp4.mp4','2015-12-15 12:19:19','2015-12-15 12:19:19',NULL),(201,142,'App\\User','path','qIkzXeI29QKnyXXH_15122015_131226-mp4.mp4','2015-12-15 12:21:27','2015-12-15 12:21:27',NULL),(202,143,'App\\User','path','FvdNxR6vpuygOocM_15122015_131211-mp4.mp4','2015-12-15 12:24:13','2015-12-15 12:24:13',NULL),(203,144,'App\\User','path','0JMmMS6lqkLIrE00_15122015_131256-mp4.mp4','2015-12-15 12:26:57','2015-12-15 12:26:57',NULL),(204,145,'App\\User','path','o4DPANpOKWeXgD2t_15122015_131215-mp4.mp4','2015-12-15 12:29:19','2015-12-15 12:29:19',NULL),(205,146,'App\\User','path','NPssTvqhwaOfcHZx_15122015_131213-mp4.mp4','2015-12-15 12:32:14','2015-12-15 12:32:14',NULL),(206,147,'App\\User','path','CXVnGEafUdKTNLH2_15122015_131258-mp4.mp4','2015-12-15 12:35:59','2015-12-15 12:35:59',NULL),(207,148,'App\\User','path','0F6SUW5iu70hG5je_15122015_141250-mp4.mp4','2015-12-15 13:26:51','2015-12-15 13:26:51',NULL),(208,149,'App\\User','path','k0AH8Pv5nabcRsPc_15122015_141220-mp4.mp4','2015-12-15 13:33:21','2015-12-15 13:33:21',NULL),(209,150,'App\\User','path','0kjP755TuYheeJsG_15122015_141211-mp4.mp4','2015-12-15 13:35:13','2015-12-15 13:35:13',NULL),(210,151,'App\\User','path','gV42shckQinIECSp_15122015_141257-mp4.mp4','2015-12-15 13:38:59','2015-12-15 13:38:59',NULL),(211,152,'App\\User','path','9fES0YHiAs16FH2b_15122015_141258-mp4.mp4','2015-12-15 13:46:00','2015-12-15 13:46:00',NULL),(212,153,'App\\User','path','wlBdtJDmJNNFb0CS_15122015_151259-mp4.mp4','2015-12-15 14:04:00','2015-12-15 14:04:00',NULL),(213,154,'App\\User','path','jjEDOoXZCITmnz73_15122015_151218-mp4.mp4','2015-12-15 14:06:19','2015-12-15 14:06:19',NULL),(214,155,'App\\User','path','QmhXMqtc3FSqcogn_15122015_151252-mp4.mp4','2015-12-15 14:13:53','2015-12-15 14:13:53',NULL),(215,156,'App\\User','path','tkxR2PaFfqBmbb5f_15122015_151220-mp4.mp4','2015-12-15 14:16:22','2015-12-15 14:16:22',NULL),(216,157,'App\\User','path','JCMerChwGydgJPFP_15122015_151239-mp4.mp4','2015-12-15 14:20:40','2015-12-15 14:20:40',NULL),(217,158,'App\\User','path','acGoUZSyMBwFAB8p_15122015_151229-mp4.mp4','2015-12-15 14:28:31','2015-12-15 14:28:31',NULL),(218,159,'App\\User','path','pRSpYGnflDigxhsr_15122015_151212-mp4.mp4','2015-12-15 14:36:13','2015-12-15 14:36:13',NULL),(219,160,'App\\User','path','hHk7Hg9PeAsTgm1y_15122015_151248-mp4.mp4','2015-12-15 14:40:50','2015-12-15 14:40:50',NULL),(220,161,'App\\User','path','hBnBNHLB0QCCEsMY_15122015_151251-mp4.mp4','2015-12-15 14:43:52','2015-12-15 14:43:52',NULL),(221,162,'App\\User','path','FdNrlb3mvq3ngIKg_15122015_151208-mp4.mp4','2015-12-15 14:45:09','2015-12-15 14:45:09',NULL),(222,163,'App\\User','path','Bx8YJAmRdjKKgJgp_15122015_151207-mp4.mp4','2015-12-15 14:46:09','2015-12-15 14:46:09',NULL),(223,164,'App\\User','path','h7PERBXVV1ICTttA_15122015_151221-mp4.mp4','2015-12-15 14:47:23','2015-12-15 14:47:23',NULL),(224,165,'App\\User','path','uk4Ffb2TMg7FZKZC_15122015_151246-mp4.mp4','2015-12-15 14:49:47','2015-12-15 14:49:47',NULL),(225,167,'App\\User','path','0XlhFcsLTG2lMTJr_15122015_151219-mp4.mp4','2015-12-15 14:52:21','2015-12-15 14:52:21',NULL),(226,176,'App\\User','path','RoSjebDUkBbFslDF_15122015_161220-mp4.mp4','2015-12-15 15:07:22','2015-12-15 15:07:22',NULL),(227,177,'App\\User','path','5LtSL0ftljVNjQKm_15122015_161247-mp4.mp4','2015-12-15 15:09:49','2015-12-15 15:09:49',NULL),(228,220,'App\\User','path','r9kA5zXTWRVo1ttT_15122015_171252-mp4.mp4','2015-12-15 16:27:53','2015-12-15 16:27:53',NULL),(229,182,'App\\User','path','jnoTP62hhYXxvbSU_16122015_111252-mp4.mp4','2015-12-16 10:38:53','2015-12-16 10:38:53',NULL),(230,184,'App\\User','path','ZFinvmw43R4Z9VE0_16122015_111227-mp4.mp4','2015-12-16 10:43:29','2015-12-16 10:43:29',NULL),(231,185,'App\\User','path','jRaPNwc6UUwVRhq5_16122015_111229-mp4.mp4','2015-12-16 10:46:32','2015-12-16 10:46:32',NULL),(232,186,'App\\User','path','y4GuSP004heTnqK7_16122015_111236-mp4.mp4','2015-12-16 10:50:38','2015-12-16 10:50:38',NULL),(233,187,'App\\User','path','t8joKmKCR27YMf3t_16122015_131235-mp4.mp4','2015-12-16 12:26:37','2016-01-16 15:03:08','2016-01-16 15:03:08'),(234,191,'App\\User','path','KbOc0Yppz912wg4e_16122015_131225-mp4.mp4','2015-12-16 12:42:27','2015-12-16 12:42:27',NULL),(235,194,'App\\User','path','uJaXkrfDIjKIoZ3O_16122015_131228-mp4.mp4','2015-12-16 12:45:29','2015-12-16 12:45:29',NULL),(236,195,'App\\User','path','j52EVMpAZ7gJnv9q_16122015_131211-mp4.mp4','2015-12-16 12:47:11','2015-12-16 12:47:11',NULL),(237,196,'App\\User','path','DhkiVJRexx7IO5xf_16122015_131232-mp4.mp4','2015-12-16 12:50:34','2015-12-16 12:50:34',NULL),(238,197,'App\\User','path','olJrxbDcXgdumWuN_16122015_131256-mp4.mp4','2015-12-16 12:52:58','2015-12-16 12:52:58',NULL),(239,198,'App\\User','path','I2DDRuTOZG9xa7Rp_16122015_131250-mp4.mp4','2015-12-16 12:55:51','2015-12-16 12:55:51',NULL),(240,200,'App\\User','path','dJ9QLN7NFGw5GNwS_16122015_131215-mp4.mp4','2015-12-16 12:59:16','2015-12-16 12:59:16',NULL),(241,222,'App\\User','url','<iframe src=\"https://player.player.vimeo.com/video/video/136215600\" width=\"500\" height=\"281\" frameborder=\"0\" webkitallowfullscreen mozallowfullscreen allowfullscreen></iframe> <p><a href=\"https://vimeo.com/136215600\">Introducing Orest Andersen</a> from <a href=\"https://vimeo.com/user10008591\">OrestAndersen</a> on <a href=\"https://vimeo.com\">Vimeo</a>.</p>','2015-12-27 21:29:53','2015-12-27 21:33:21','2015-12-27 21:33:21'),(242,222,'App\\User','url','https://player.vimeo.com/video/136215600','2015-12-27 21:33:43','2016-02-07 13:27:57','2016-02-07 13:27:57'),(243,223,'App\\User','path','R6np7cXTHRazcmgJ_30122015_091243-mp4.mp4','2015-12-30 08:01:44','2015-12-30 08:01:44',NULL),(244,226,'App\\User','url','https://www.youtube.com/embed/P7GXYFRkk7c','2016-01-08 20:38:15','2016-01-08 20:38:15',NULL),(245,230,'App\\User','path','FfP6Jta1YU48Q9j2_11012016_150100-mp4.mp4','2016-01-11 14:16:02','2016-01-11 14:16:02',NULL),(246,225,'App\\User','path','IrA3TyQbQAVLNEbi_21012016_100157-mp4.mp4','2016-01-21 09:12:59','2016-01-21 14:08:27','2016-01-21 14:08:27'),(247,225,'App\\User','path','VxQtDbi1TsYtwYtf_21012016_150125-mp4.mp4','2016-01-21 14:08:28','2016-01-21 14:08:30','2016-01-21 14:08:30'),(248,225,'App\\User','path','FkWfrgNK4SgDIYwy_21012016_150155-mp4.mp4','2016-01-21 14:09:58','2016-01-21 14:09:58',NULL),(249,222,'App\\User','path','h7sf1QGRC5EqmzSk_07022016_140212-mov.mp4','2016-02-07 13:33:14','2016-02-10 12:44:16','2016-02-10 12:44:16'),(250,222,'App\\User','path','hEd1h3rFCYeXjOf3_07022016_140223-mov.mp4','2016-02-07 13:33:24','2016-02-10 12:44:16','2016-02-10 12:44:16'),(251,222,'App\\User','url','<iframe src=\"https://player.player.vimeo.com/video/video/154845094\" width=\"500\" height=\"281\" frameborder=\"0\" webkitallowfullscreen mozallowfullscreen allowfullscreen></iframe> <p><a href=\"https://vimeo.com/154845094\">Orest Andersen Appetizer EN</a> from <a href=\"https://vimeo.com/user10008591\">OrestAndersen</a> on <a href=\"https://vimeo.com\">Vimeo</a>.</p>','2016-02-10 12:47:47','2016-02-10 12:47:53','2016-02-10 12:47:53'),(252,222,'App\\User','url','<iframe src=\"https://player.player.vimeo.com/video/video/154845094\" width=\"500\" height=\"281\" frameborder=\"0\" webkitallowfullscreen mozallowfullscreen allowfullscreen></iframe> <p><a href=\"https://vimeo.com/154845094\">Orest Andersen Appetizer EN</a> from <a href=\"https://vimeo.com/user10008591\">OrestAndersen</a> on <a href=\"https://vimeo.com\">Vimeo</a>.</p>','2016-02-10 12:47:53','2016-02-10 12:57:48','2016-02-10 12:57:48'),(253,222,'App\\User','url','<iframe src=\"https://player.player.vimeo.com/video/video/154845094\" width=\"500\" height=\"281\" frameborder=\"0\" webkitallowfullscreen mozallowfullscreen allowfullscreen></iframe> <p><a href=\"https://vimeo.com/154845094\">Orest Andersen Appetizer EN</a> from <a href=\"https://vimeo.com/user10008591\">OrestAndersen</a> on <a href=\"https://vimeo.com\">Vimeo</a>.</p>','2016-02-10 13:02:33','2016-02-10 13:03:04','2016-02-10 13:03:04'),(254,222,'App\\User','url','<iframe src=\"https://player.player.vimeo.com/video/video/154845094\" width=\"500\" height=\"281\" frameborder=\"0\" webkitallowfullscreen mozallowfullscreen allowfullscreen></iframe> <p><a href=\"https://vimeo.com/154845094\">Orest Andersen Appetizer EN</a> from <a href=\"https://vimeo.com/user10008591\">OrestAndersen</a> on <a href=\"https://vimeo.com\">Vimeo</a>.</p>','2016-02-10 13:03:04','2016-02-10 13:25:05','2016-02-10 13:25:05'),(255,222,'App\\User','path','gYbnQtAoyc6iPGhc_10022016_140210-mov.mp4','2016-02-10 13:08:13','2016-02-10 13:25:05','2016-02-10 13:25:05'),(256,222,'App\\User','path','Yh4uXEMLaBQ2VHNs_10022016_140203-mov.mp4','2016-02-10 13:36:07','2016-02-14 17:57:38','2016-02-14 17:57:38'),(257,255,'App\\User','path','kWwRIfKYDy6S67Ey_11022016_140209-mp4.mp4','2016-02-11 13:49:11','2016-02-11 13:49:11',NULL),(258,222,'App\\User','path','pB5E551wFJi2709c_14022016_210205-mov.mp4','2016-02-14 20:00:07','2016-02-14 20:27:38','2016-02-14 20:27:38'),(259,222,'App\\User','path','71bNIEJwoT6M6dUO_14022016_210236-mov.mp4','2016-02-14 20:31:39','2016-02-16 11:13:11','2016-02-16 11:13:11'),(260,222,'App\\User','path','XHijWDN65DUgVyhi_16022016_120251-mov.mp4','2016-02-16 11:36:53','2016-02-16 11:36:53',NULL);
/*!40000 ALTER TABLE `videos` ENABLE KEYS */;
UNLOCK TABLES;
/*!40103 SET TIME_ZONE=@OLD_TIME_ZONE */;

/*!40101 SET SQL_MODE=@OLD_SQL_MODE */;
/*!40014 SET FOREIGN_KEY_CHECKS=@OLD_FOREIGN_KEY_CHECKS */;
/*!40014 SET UNIQUE_CHECKS=@OLD_UNIQUE_CHECKS */;
/*!40101 SET CHARACTER_SET_CLIENT=@OLD_CHARACTER_SET_CLIENT */;
/*!40101 SET CHARACTER_SET_RESULTS=@OLD_CHARACTER_SET_RESULTS */;
/*!40101 SET COLLATION_CONNECTION=@OLD_COLLATION_CONNECTION */;
/*!40111 SET SQL_NOTES=@OLD_SQL_NOTES */;

-- Dump completed on 2016-02-18 16:07:59
